1,O,18492910339410B1
1,O,9ED7E93749ABAE67
1,O,9583BCF159B682BA
1,O,D360B3EBF155C15A
1,O,713BF17AF24FE4DA
1,O,7C4E16F4A138B142
1,O,A47333D8B495F77D
1,O,946C74E30100FE80
1,O,C8203D267CECF949
1,O,DB581AD59964EA41
1,O,9DBBC71CB1578A87
1,O,312CD2A987AA2773
1,O,40E8A4AA35AEB18A
1,O,60F1DDDCB555E319
1,O,65B934D14EA190F1
1,O,F7CAA2D4FF9D61F7
1,O,6AB438AD3AE100DD
1,O,456320D47FFB5B1A
1,O,5EEA801CA265E5C1
1,O,5241470E37FA628F
1,O,A6AED77D365E7011
1,O,1DEB855D55528B03
1,O,11A1269F9B78F269
1,O,E507F6160447C129
1,O,C88E34E485B43EFB
1,I,C88E34E485B43EFB
1,I,AB057A63C24E990E
1,I,2946BA6CACA326DF
1,I,6C34AE386C779E0B
1,I,3C9C928E1674AB98
1,I,775FC7E2B86C4E3F
1,I,01A56227D21AFB04
1,I,221A18C37331E6FD
1,I,3C50188583DABFC8
1,I,EA59A314ABB9386E
1,I,1D70AD74F1C97404
1,I,6045969736940272
1,I,F851B0B122F38CCC
1,I,C4F65410A7A2E8B6
1,I,1E58DF8CAD59712E
1,I,FD45CEE7D2E4A9BF
1,I,C6F9EC39B9F09F32
1,I,0021600EF3DBEF94
1,I,26DE86F5E667C410
1,I,B8626845E031C9CF
1,I,E1EAFF3759608D41
1,I,F2794804DD8799B4
1,I,CEACD1DF9F00EF44
1,I,6E410E80F8C9915B
1,I,18492910339410B1
1A,O,A3ADFCDF8487ADB9
1A,O,6F106FD26B684372
1A,O,26305AF62FBEE2BC
1A,O,A8CE52F4450FE939
1A,O,41E81A921D79F375
1A,O,04B6438688E12AC0
1A,O,AE2A9F719AB5E353
1A,O,04BED071257A601F
1A,O,B9560CB9F6044374
1A,O,7380707A36C032B9
1A,O,52AE04E9C3E77BE1
1A,O,CC811B604DD883AE
1A,O,8570495BD7C63C02
1A,O,0A87C29A2B460C96
1A,O,ED5554C57CF0061C
1A,O,4D9419874306D82F
1A,O,D625B0997C3DBCFE
1A,O,904DEAF7441E3BB8
1A,O,3161D898CD89AA38
1A,O,9DBBC71CB1578A87
1A,O,312CD2A987AA2773
1A,O,40E8A4AA35AEB18A
1A,O,60F1DDDCB555E319
1A,O,65B934D14EA190F1
1A,O,F7CAA2D4FF9D61F7
1A,O,6AB438AD3AE100DD
1A,O,456320D47FFB5B1A
1A,O,5EEA801CA265E5C1
1A,O,5241470E37FA628F
1A,O,A6AED77D365E7011
1A,O,1DEB855D55528B03
1A,O,11A1269F9B78F269
1A,O,E507F6160447C129
1A,O,DCFF4041D0C0ACF8
1A,I,8D804CFD9C7B9042
1A,I,AB057A63C24E990E
1A,I,2946BA6CACA326DF
1A,I,6C34AE386C779E0B
1A,I,3C9C928E1674AB98
1A,I,775FC7E2B86C4E3F
1A,I,01A56227D21AFB04
1A,I,221A18C37331E6FD
1A,I,3C50188583DABFC8
1A,I,EA59A314ABB9386E
1A,I,AB0E13408BFA1055
1A,I,6045969736940272
1A,I,F851B0B122F38CCC
1A,I,2FA93329F924968F
1A,I,1E58DF8CAD59712E
1A,I,12B08A64756B780B
1A,I,0AB522DFFCD4CD4F
1A,I,7210357910C44570
1A,I,A1C65E46464147A0
1A,I,100E6F60BAC1BDEB
1A,I,23AF5995FEBCA8E6
1A,I,8C09B3648DCDAF3C
1A,I,D530D698BC181839
1A,I,4D3C6D74F6AE8C7D
1A,I,9627881F2180C5AB
1A,I,2437897A21642D85
1A,I,17A8BC1197F76422
1A,I,D3FEF85E4DAEEE4E
1A,I,C3201264CC8E5C5D
1A,I,C8830886D41FB5FA
1A,I,D9ABBD996944C4D3
1A,I,D17050E8964504BB
1A,I,04DDF4F7F1C74876
1A,I,A3ADFCDF8487ADB9
2,O,5E2EC7476D55E0BA
2,O,AB057A63C24E990E
2,O,68106C827BF891AB
2,O,20D0C9CBE2BC9451
2,O,EBB057754E3423CE
2,O,A8E63F70F386C05A
2,O,E173F2DA030C6AAB
2,O,6E2A7A2CD29F9216
2,O,30FEA8A7071EDE48
2,O,557B9185722A07DB
2,O,DBAAC5A97DAFD138
2,O,6A6E44D4207221C1
2,O,6156B488BEB726C6
2,O,A8762A74241E8027
2,O,667FDF4DEF4D2BAE
2,O,63B3694BF40FBEC6
2,O,F54744E6F5CDBC1A
2,O,7605CC9BA97A5F61
2,I,7605CC9BA97A5F61
2,I,1B710D8F35AF94E7
2,I,76D5C1E2B23E8743
2,I,587ACF2E1135D8B6
2,I,E3B464760B6ADF30
2,I,ADA4B4F4B604885B
2,I,2CAFD3D60CAA7F5B
2,I,B577AC1835FA7995
2,I,2F4939964761E1FF
2,I,1030A4E612B75901
2,I,6AB438AD3AE100DD
2,I,456320D47FFB5B1A
2,I,36AABE317D2F7A0B
2,I,5EEA801CA265E5C1
2,I,5241470E37FA628F
2,I,A6AED77D365E7011
2,I,1DEB855D55528B03
2,I,11A1269F9B78F269
2,I,E507F6160447C129
2,I,DCFF4041D0C0ACF8
2A,O,BA95025DE2FB9878
2A,O,C9F3531BB5050372
2A,O,F140654A12BA066A
2A,O,44DE41D495197976
2A,O,0A87C29A2B460C96
2A,O,ED5554C57CF0061C
2A,O,4D9419874306D82F
2A,O,D625B0997C3DBCFE
2A,O,E9468D2AE13C3F39
2A,O,EC45A4372B661DDE
2A,O,D7EDDEA5A942843B
2A,O,A7F679945ED1DB31
2A,O,88DF3B36087267EB
2A,O,8C44D48B9BAAB774
2A,O,300D1812E3A085C3
2A,O,71429CEA8EA90958
2A,O,30FEA8A7071EDE48
2A,O,557B9185722A07DB
2A,O,DBAAC5A97DAFD138
2A,O,6A6E44D4207221C1
2A,O,6156B488BEB726C6
2A,O,A8762A74241E8027
2A,O,667FDF4DEF4D2BAE
2A,O,325D8BC721F823F1
2A,O,111216E506D8E575
2A,O,27809B866B307D24
2A,O,FC29C8A636233BB4
2A,O,D355B700FF30B3D7
2A,O,6188A6666E298598
2A,O,3B68D3389F83FE39
2A,I,3B68D3389F83FE39
2A,I,ACA7282A66D0A29B
2A,I,0C44BAE327DB4A8A
2A,I,2B0183A25DA19AE3
2A,I,70AED81BA5AE0B49
2A,I,8F5CC6D12F796BC0
2A,I,310E4FE9B7419F88
2A,I,76D5C1E2B23E8743
2A,I,587ACF2E1135D8B6
2A,I,E3B464760B6ADF30
2A,I,ADA4B4F4B604885B
2A,I,9364661BEAC5B8D0
2A,I,8D386F5D210C3439
2A,I,2F4939964761E1FF
2A,I,1030A4E612B75901
2A,I,BD06457129045F1D
2A,I,A72D15160CC3AF31
2A,I,8D5C58075D3C1003
2A,I,B0DDF2CD704116C8
2A,I,6C1DEF32B8CB92C4
2A,I,161B32AD4C6996AD
2A,I,6965D1D655C2DD5F
2A,I,E99D3F96A9F7B5EB
2A,I,7210357910C44570
2A,I,3D717F0365D5505B
2A,I,100E6F60BAC1BDEB
2A,I,F60097D67F33DC0C
2A,I,5B49CF04EAB59906
2A,I,921C19F6147C74A6
2A,I,47C3597662B81B47
2A,I,BA95025DE2FB9878
2B,O,785985F99EE00AE4
2B,O,2C1366DA10099003
2B,O,9583BCF159B682BA
2B,O,74C71F2AE4947E5D
2B,O,968575D69434DBB8
2B,O,210CF8389F782535
2B,O,6652A2FE695AD8C2
2B,O,9B3566445BDAD548
2B,O,A8E94E7F793372BD
2B,O,E275C17540BCEF37
2B,O,6D1087ACF14C15A9
2B,O,46ABE64DB9C82DDF
2B,O,9F914539576C53A5
2B,O,9215DDE04780BDC3
2B,O,064E5D9FE6973F23
2B,O,E766002A5624AFB6
2B,O,7430D83B73E26B7C
2B,O,0CE37125BC509E5D
2B,O,B6ECF261EB79418C
2B,O,2C1F7467E446B212
2B,I,2C1F7467E446B212
2B,I,80F5C6317F17C099
2B,I,C9261749DE3F7FEF
2B,I,5B5ABCFBD1F60FEC
2B,I,0FC0EE0AEA556A4C
2B,I,251112E838705DCD
2B,I,229C618DE131245A
2B,I,414700CC27B0F9DC
2B,I,43BFFB46B4D209FC
2B,I,094457650286AA67
2B,I,9E16397100F502B9
2B,I,121D3CCF6A82532F
2B,I,90DC2AE9EBAF2658
2B,I,4E037679702BBCBC
2B,I,AEBDE6434969EED9
2B,I,B1293E41AE9CB55F
2B,I,CEACD1DF9F00EF44
2B,I,6E410E80F8C9915B
2B,I,785985F99EE00AE4
2D,O,0095D35FB96EC6DF
2D,O,E275C17540BCEF37
2D,O,FDBA2A7F174E08F5
2D,O,930E7A721D133F71
2D,O,75832B86D4FA0C91
2D,O,13757F4073A660F5
2D,O,598CB8743A812BCC
2D,O,90C3A9DB72F244DE
2D,O,81631C6B0F2D1843
2D,O,7476BFC6F6B5D869
2D,O,F7FB52860229BBAB
2D,O,6045969736940272
2D,O,F851B0B122F38CCC
2D,O,E4B6BF6D835723A0
2D,O,7CC71E7933DD9625
2D,O,D34CCDD12A1BC57F
2D,O,EE3EA981F3D6485D
2D,O,F159C47896D53738
2D,O,0F38AE1F1CAFF245
2D,O,642A6178B23761B6
2D,O,87D6AA0759B66B69
2D,O,B8626845E031C9CF
2D,O,A811A4AAF18AFAFF
2D,O,20915DF05723C615
2D,O,9FB606D162511C77
2D,I,9FB606D162511C77
2D,I,168487E2C681CB0D
2D,I,3942D55ED3DE84C9
2D,I,7C4E16F4A138B142
2D,I,A47333D8B495F77D
2D,I,01ED81CCAEB03162
2D,I,0BB21609A0E86B96
2D,I,2DF37AC3002CB750
2D,I,18CBF1D5C8C9C449
2D,I,1CCCE3B2D9AB4D2A
2D,I,5C6ECA890BF03809
2D,I,A926C2AC0071E407
2D,I,AE88B3CCA11ACCDC
2D,I,8B2FD4BDD627C211
2D,I,0EF525CD78152127
2D,I,2F8A93ADDCEF6856
2D,I,A86896A010757F50
2D,I,E21DB57F640DB6A8
2D,I,24F689B494BA3F6B
2D,I,C7A337AC40E14E19
2D,I,F8972DCAFDFD47A6
2D,I,36EE1028F547488D
2D,I,094457650286AA67
2D,I,0095D35FB96EC6DF
2E,O,6098480103C44C62
2E,O,F8D1049558163BE6
2E,O,7703B0499F66B205
2E,O,457C64EC8955C896
2E,O,4A0370F0CA6A89B2
2E,O,997CCAB996935BD7
2E,O,6638A31332E98C83
2E,O,5CCBD9A6B58BF20D
2E,O,E049C81469E2B3C0
2E,O,076E1E9D5874C41D
2E,O,F2BD88B8D506E78A
2E,O,16F899DA5289900D
2E,O,B96E368FC17CD0B0
2E,O,420E7970087AD769
2E,O,520C9836ACAECDF9
2E,O,22FE13158B36FE48
2E,O,67064412B0E9D9A6
2E,O,F646F96A5D18D121
2E,O,5B23A51CA34F4FAD
2E,O,710390556FA80CAD
2E,O,AFE0100DABA53C21
2E,O,BBC5D60D2FB827D2
2E,O,C47ACFA9541AB34F
2E,I,C47ACFA9541AB34F
2E,I,930E7A721D133F71
2E,I,708EB21B10D1588F
2E,I,E3965CA6EFD60F36
2E,I,9F914539576C53A5
2E,I,259DBCF52320E083
2E,I,BDA357B832C55019
2E,I,9A773DDB814933C1
2E,I,C163B1F33533C2A9
2E,I,6A225A9CB16BC4BB
2E,I,F5098BFD784B8FAB
2E,I,1C7C526A52EF9171
2E,I,DED3339EB26494EA
2E,I,577633405E7A3ACD
2E,I,86E1C776C6D78DFC
2E,I,617893F4DBBEDE21
2E,I,4CA486B230A34D3A
2E,I,B0095CE9771BFC17
2E,I,FEF7B371B95E5E13
2E,I,9E655CE3250647EA
2E,I,2C7AEE8C6B2BC06A
2E,I,0B8D095A45B05587
2E,I,C3427DE8E291FFA6
2E,I,6098480103C44C62
2F,O,76A2633F9A463E9C
2F,O,A9E1D35DB7FC7C7B
2F,O,FDFC87BC94515900
2F,O,E778E67CBC095B0C
2F,O,29F7954D216356E1
2F,O,2FBEE4E1965D7EF5
2F,O,95067FE712E8ACEA
2F,O,20709808D79F1BB9
2F,O,E81E4649EB1D5B02
2F,O,62A1C8EFAC876BDB
2F,O,93D9D88C2D990D67
2F,O,74C71F2AE4947E5D
2F,O,968575D69434DBB8
2F,O,210CF8389F782535
2F,O,6652A2FE695AD8C2
2F,O,9B3566445BDAD548
2F,O,A8E94E7F793372BD
2F,O,E275C17540BCEF37
2F,O,6D1087ACF14C15A9
2F,O,46ABE64DB9C82DDF
2F,O,9F914539576C53A5
2F,O,9215DDE04780BDC3
2F,O,064E5D9FE6973F23
2F,O,E766002A5624AFB6
2F,O,7430D83B73E26B7C
2F,O,0CE37125BC509E5D
2F,O,B6ECF261EB79418C
2F,O,1CBA941164585ABC
2F,O,76A2633F9A463E9C
2F,O,A9E1D35DB7FC7C7B
2F,O,FDFC87BC94515900
2F,O,E778E67CBC095B0C
2F,O,43EE0C39CD39BA06
2F,O,EF01999C9F909553
2F,O,BF3D6019C5CA6D35
2F,O,711A39D02DB2B4D8
2F,O,52A8DA8958AFCCA6
2F,O,62A1C8EFAC876BDB
2F,O,93D9D88C2D990D67
2F,O,60A445D9ACD40C12
2F,O,EFED59E880B693F5
2F,O,29A62A8FE112766B
2F,O,9751EE79B103C9B8
2F,O,B123EFA9F9DDD6AB
2F,O,E275C17540BCEF37
2F,O,6D1087ACF14C15A9
2F,O,46ABE64DB9C82DDF
2F,O,9F914539576C53A5
2F,O,9215DDE04780BDC3
2F,O,064E5D9FE6973F23
2F,O,E766002A5624AFB6
2F,O,7430D83B73E26B7C
2F,O,0CE37125BC509E5D
2F,O,B6ECF261EB79418C
2F,O,1CBA941164585ABC
2F,I,1CBA941164585ABC
2F,I,80F5C6317F17C099
2F,I,C9261749DE3F7FEF
2F,I,5B5ABCFBD1F60FEC
2F,I,0FC0EE0AEA556A4C
2F,I,251112E838705DCD
2F,I,16D37394ECACA7AD
2F,I,812E72C257C94B73
2F,I,710390556FA80CAD
2F,I,414700CC27B0F9DC
2F,I,43BFFB46B4D209FC
2F,I,094457650286AA67
2F,I,9E16397100F502B9
2F,I,121D3CCF6A82532F
2F,I,90DC2AE9EBAF2658
2F,I,4E037679702BBCBC
2F,I,AEBDE6434969EED9
2F,I,B1293E41AE9CB55F
2F,I,F893C6ABC2743F64
2F,I,B27236FC63F891D9
2F,I,A15FFC3149FB92A0
2F,I,88E23CD2F1AB7AF9
2F,I,0B160DE955F3AE10
2F,I,830FACA208087E37
2F,I,E51BB6A7525BA679
2F,I,76F0BFCC3D78F888
2F,I,BA55DB38DEF14AD4
2F,I,6B582CAEDE8FBDEF
2F,I,76A2633F9A463E9C
2P,O,1CBA941164585ABC
2P,O,80F5C6317F17C099
2P,O,C9261749DE3F7FEF
2P,O,5B5ABCFBD1F60FEC
2P,O,0FC0EE0AEA556A4C
2P,O,251112E838705DCD
2P,O,4D0C5F20055CA652
2P,O,99EF4CA10B3E1F17
2P,O,326199D24220A42B
2P,O,F893C6ABC2743F64
2P,O,B27236FC63F891D9
2P,O,A15FFC3149FB92A0
2P,O,D3425EC6D131021D
2P,O,951CE3B3EB98BA3A
2P,O,DB6981B82045B45C
2P,O,ACE23D880D07ABB1
2P,O,1DA57A1376E99AC6
2P,O,964AA1DCAAD06512
2P,O,76F0BFCC3D78F888
2P,O,BA55DB38DEF14AD4
2P,O,6B582CAEDE8FBDEF
2P,O,76A2633F9A463E9C
2X,O,534DB02642325617
2X,O,79E1F84E966F6113
2X,O,E905F8E518AE17B6
2X,O,24AD2532770CF399
2X,O,5564FED01546FF23
2X,O,44DE41D495197976
2X,O,0A87C29A2B460C96
2X,O,ED5554C57CF0061C
2X,O,4D9419874306D82F
2X,O,55EE74AF2D1A7DAA
2X,O,F7CAA2D4FF9D61F7
2X,O,DEB8D7D95E7D528A
2X,O,4AF3A5BD16E5BA3F
2X,O,D3C41BB36EC805E0
2X,O,44C261864506654B
2X,O,098AF67CBBB9FBA9
2X,O,D355B700FF30B3D7
2X,O,6188A6666E298598
2X,O,3B68D3389F83FE39
2X,I,3B68D3389F83FE39
2X,I,ACA7282A66D0A29B
2X,I,549013DC1C3A2A44
2X,I,ADA4B4F4B604885B
2X,I,9364661BEAC5B8D0
2X,I,8D386F5D210C3439
2X,I,2F4939964761E1FF
2X,I,1030A4E612B75901
2X,I,BD06457129045F1D
2X,I,B0DDF2CD704116C8
2X,I,6C1DEF32B8CB92C4
2X,I,7210357910C44570
2X,I,100E6F60BAC1BDEB
2X,I,F60097D67F33DC0C
2X,I,5B49CF04EAB59906
2X,I,59FF8DDFC4405C0D
2X,I,DE60928B8CFD9E7C
2X,I,6557A31762F5311F
2X,I,90ED381AD3BAE4F9
2X,I,534DB02642325617
3B,O,CA866CBB3EC92B9F
3B,O,31317843D8BA833F
3B,O,FDFC87BC94515900
3B,O,E778E67CBC095B0C
3B,O,43EE0C39CD39BA06
3B,O,EF01999C9F909553
3B,O,B337148DB333E5C4
3B,O,711A39D02DB2B4D8
3B,O,AFB03B10416E2199
3B,O,4B9D547F0F450784
3B,O,23362ED34834C5F0
3B,O,38BDB19C8D7B8DF8
3B,O,319CA16456A9010D
3B,O,2A01E3163DF9A954
3B,O,F6E296480D3481A2
3B,O,25455FDE268CF605
3B,O,C1AFF00AC64F457A
3B,O,5396072459507B7F
3B,O,C048D4CF6ED36C7A
3B,O,68A8F08ABC5C90F0
3B,O,AFEFDF25A955C72C
3B,O,97B7EC0354E020B7
3B,O,ED03E689B88CE0E8
3B,O,3D47C2B2D3342C85
3B,O,EB1702F877E4D077
3B,O,C39037A588387F32
3B,O,95BC0F9FBDCCC62B
3B,I,95BC0F9FBDCCC62B
3B,I,EF5A5CD9C3A038C9
3B,I,AC48794DF1F3332C
3B,I,DC74D0FA83E25E8D
3B,I,BEB1BBD9E816FA59
3B,I,E80A3E968CCEEFF7
3B,I,4960882151DB05E0
3B,I,590E23621FD23B6C
3B,I,F4B357B11344180D
3B,I,5C6534DD562AEF61
3B,I,B9BC3DE30A48F08B
3B,I,3FB80081AB2FF6FB
3B,I,7F25B423230F5BEE
3B,I,CFCA63CAF4C25D2B
3B,I,D446D1EA79502BF2
3B,I,DE9BE04046C197C4
3B,I,A0FDF34B2D278750
3B,I,951CE3B3EB98BA3A
3B,I,DB6981B82045B45C
3B,I,ACE23D880D07ABB1
3B,I,1DA57A1376E99AC6
3B,I,964AA1DCAAD06512
3B,I,D237B30F94B6065D
3B,I,7D025E77F4B35266
3B,I,EE3B5ABCB87027E7
3B,I,CA866CBB3EC92B9F
3B,I,95BC0F9FBDCCC62B
3B,I,EF5A5CD9C3A038C9
3B,I,AC48794DF1F3332C
3B,I,DC74D0FA83E25E8D
3B,I,BEB1BBD9E816FA59
3B,I,E80A3E968CCEEFF7
3B,I,4960882151DB05E0
3B,I,590E23621FD23B6C
3B,I,F4B357B11344180D
3B,I,5C6534DD562AEF61
3B,I,B9BC3DE30A48F08B
3B,I,3FB80081AB2FF6FB
3B,I,7F25B423230F5BEE
3B,I,CFCA63CAF4C25D2B
3B,I,D446D1EA79502BF2
3B,I,DE9BE04046C197C4
3B,I,A0FDF34B2D278750
3B,I,951CE3B3EB98BA3A
3B,I,DB6981B82045B45C
3B,I,ACE23D880D07ABB1
3B,I,1DA57A1376E99AC6
3B,I,964AA1DCAAD06512
3B,I,D237B30F94B6065D
3B,I,7D025E77F4B35266
3B,I,CA866CBB3EC92B9F
3C,O,FD18FAF570857B51
3C,O,A9E1D35DB7FC7C7B
3C,O,7E177E3E89B58BFE
3C,O,FDFC87BC94515900
3C,O,E778E67CBC095B0C
3C,O,D4E2DC0F24A22589
3C,O,0D39977C225DD2D5
3C,O,AC30AF0DFC95D507
3C,O,62A1C8EFAC876BDB
3C,O,93D9D88C2D990D67
3C,O,74C71F2AE4947E5D
3C,O,968575D69434DBB8
3C,O,210CF8389F782535
3C,O,2431FF3100478DEE
3C,O,ED6FCB0422D541F5
3C,O,850F72123F644500
3C,O,7A1C43F91CF8A6FC
3C,O,60F1DDDCB555E319
3C,O,65B934D14EA190F1
3C,O,6F5585807DB07812
3C,O,68D0BC0C7164F763
3C,O,7BE18698D0E8FDCE
3C,O,8748720365CEA134
3C,O,25B94D808EC232D8
3C,O,F053C0080D5D5B62
3C,O,076E1E9D5874C41D
3C,O,D06E5A5B162EF1BA
3C,O,577490AF159C4088
3C,I,577490AF159C4088
3C,I,450A96AF1DA8E41C
3C,I,C91C122CFC3FF66B
3C,I,0E9F8B5A3734D9CE
3C,I,FABC0445FC1C04D7
3C,I,3A43E432D0588F79
3C,I,E6124D0EDF568E1E
3C,I,701AC3250BF77D0E
3C,I,48AA5A2907C1833D
3C,I,89A4D25AC31A8388
3C,I,6465986EF7824816
3C,I,F21DC659FA565E2F
3C,I,48E5A1EED91712EE
3C,I,4E037679702BBCBC
3C,I,AEBDE6434969EED9
3C,I,B1293E41AE9CB55F
3C,I,F893C6ABC2743F64
3C,I,B27236FC63F891D9
3C,I,A15FFC3149FB92A0
3C,I,88E23CD2F1AB7AF9
3C,I,0B160DE955F3AE10
3C,I,830FACA208087E37
3C,I,964AA1DCAAD06512
3C,I,D237B30F94B6065D
3C,I,7D025E77F4B35266
3C,I,6B582CAEDE8FBDEF
3C,I,FD18FAF570857B51
3D,O,56BC96AC3FFF0223
3D,O,119ADA59BD2708D2
3D,O,C185612B431B197A
3D,O,A4C9136D18013389
3D,O,43EE0C39CD39BA06
3D,O,EF01999C9F909553
3D,O,BF3D6019C5CA6D35
3D,O,711A39D02DB2B4D8
3D,O,EDDE9311F49AC296
3D,O,23AF5995FEBCA8E6
3D,O,8C09B3648DCDAF3C
3D,O,6216EE509BD55B09
3D,O,4D3C6D74F6AE8C7D
3D,O,F59AE1D39E8B2E29
3D,O,38F4F6A39C28DEB5
3D,O,839276ED5C3F4F4C
3D,O,43EE0C39CD39BA06
3D,O,EF01999C9F909553
3D,O,BF3D6019C5CA6D35
3D,O,711A39D02DB2B4D8
3D,O,EDDE9311F49AC296
3D,O,23AF5995FEBCA8E6
3D,O,8C09B3648DCDAF3C
3D,O,6216EE509BD55B09
3D,O,4D3C6D74F6AE8C7D
3D,O,F59AE1D39E8B2E29
3D,O,38F4F6A39C28DEB5
3D,O,C185612B431B197A
3D,O,A4C9136D18013389
3D,O,43EE0C39CD39BA06
3D,O,EF01999C9F909553
3D,O,BF3D6019C5CA6D35
3D,O,711A39D02DB2B4D8
3D,O,EDDE9311F49AC296
3D,O,23AF5995FEBCA8E6
3D,O,8C09B3648DCDAF3C
3D,O,6216EE509BD55B09
3D,O,4D3C6D74F6AE8C7D
3D,O,F59AE1D39E8B2E29
3D,O,38F4F6A39C28DEB5
3D,I,38F4F6A39C28DEB5
3D,I,20B34B5CA0E66973
3D,I,7380707A36C032B9
3D,I,52AE04E9C3E77BE1
3D,I,06E1120EA9A7BF69
3D,I,5E1B227D9FAC4267
3D,I,DB42B6238F75CF3C
3D,I,917DF4AF0ED7B258
3D,I,7FB952821E3FCAD2
3D,I,DB6981B82045B45C
3D,I,ACE23D880D07ABB1
3D,I,1DA57A1376E99AC6
3D,I,964AA1DCAAD06512
3D,I,D237B30F94B6065D
3D,I,7D025E77F4B35266
3D,I,EE3B5ABCB87027E7
3D,I,56BC96AC3FFF0223
3D,I,38F4F6A39C28DEB5
3D,I,20B34B5CA0E66973
3D,I,7380707A36C032B9
3D,I,52AE04E9C3E77BE1
3D,I,06E1120EA9A7BF69
3D,I,5E1B227D9FAC4267
3D,I,DB42B6238F75CF3C
3D,I,917DF4AF0ED7B258
3D,I,7FB952821E3FCAD2
3D,I,DB6981B82045B45C
3D,I,ACE23D880D07ABB1
3D,I,1DA57A1376E99AC6
3D,I,839276ED5C3F4F4C
3M,O,94780B40412261CE
3M,O,31317843D8BA833F
3M,O,C185612B431B197A
3M,O,A4C9136D18013389
3M,O,63E6DD5119A301AD
3M,O,EF01999C9F909553
3M,O,CF89BD775D2ABDC9
3M,O,711A39D02DB2B4D8
3M,O,64CE8117895E8FAD
3M,O,5CD4C77378D3A4AE
3M,O,942E95B4336BDFA7
3M,O,33BA3785390F1457
3M,O,6D1FFB57C26F1108
3M,I,6D1FFB57C26F1108
3M,I,93E0033436973DA7
3M,I,917DF4AF0ED7B258
3M,I,7FB952821E3FCAD2
3M,I,DB6981B82045B45C
3M,I,ACE23D880D07ABB1
3M,I,A8054881B534B00A
3M,I,E51BB6A7525BA679
3M,I,76F0BFCC3D78F888
3M,I,BA55DB38DEF14AD4
3M,I,6B582CAEDE8FBDEF
3M,I,94780B40412261CE
3M,I,6D1FFB57C26F1108
3M,I,93E0033436973DA7
3M,I,917DF4AF0ED7B258
3M,I,7FB952821E3FCAD2
3M,I,DB6981B82045B45C
3M,I,ACE23D880D07ABB1
3M,I,A8054881B534B00A
3M,I,E51BB6A7525BA679
3S,O,046E0C931956561B
3S,O,88E23CD2F1AB7AF9
3S,O,63E6DD5119A301AD
3S,O,0E418F17EB45AC02
3S,O,AFB03B10416E2199
3S,O,046E0C931956561B
3X,O,FD18FAF570857B51
3X,O,A9E1D35DB7FC7C7B
3X,O,7E177E3E89B58BFE
3X,O,FDFC87BC94515900
3X,O,E778E67CBC095B0C
3X,O,D4E2DC0F24A22589
3X,O,0D39977C225DD2D5
3X,O,AC30AF0DFC95D507
3X,O,17EB4B9A9DE2FAF6
3X,O,BAA5C48341F400C8
3X,O,401EAF24B736C5B6
3X,O,6F5585807DB07812
3X,O,68D0BC0C7164F763
3X,O,7BE18698D0E8FDCE
3X,O,8748720365CEA134
3X,O,25B94D808EC232D8
3X,O,F053C0080D5D5B62
3X,O,076E1E9D5874C41D
3X,O,D06E5A5B162EF1BA
3X,O,577490AF159C4088
3X,O,FD18FAF570857B51
3X,O,A9E1D35DB7FC7C7B
3X,O,7E177E3E89B58BFE
3X,O,FDFC87BC94515900
3X,O,E778E67CBC095B0C
3X,O,43EE0C39CD39BA06
3X,O,EF01999C9F909553
3X,O,B337148DB333E5C4
3X,O,711A39D02DB2B4D8
3X,O,AFB03B10416E2199
3X,O,4B9D547F0F450784
3X,O,17EB4B9A9DE2FAF6
3X,O,BAA5C48341F400C8
3X,O,401EAF24B736C5B6
3X,O,6F5585807DB07812
3X,O,68D0BC0C7164F763
3X,O,7BE18698D0E8FDCE
3X,O,8748720365CEA134
3X,O,25B94D808EC232D8
3X,O,F053C0080D5D5B62
3X,O,076E1E9D5874C41D
3X,O,D06E5A5B162EF1BA
3X,O,577490AF159C4088
3X,I,577490AF159C4088
3X,I,450A96AF1DA8E41C
3X,I,C91C122CFC3FF66B
3X,I,0E9F8B5A3734D9CE
3X,I,FABC0445FC1C04D7
3X,I,3A43E432D0588F79
3X,I,E6124D0EDF568E1E
3X,I,701AC3250BF77D0E
3X,I,CFCA63CAF4C25D2B
3X,I,D446D1EA79502BF2
3X,I,DE9BE04046C197C4
3X,I,88E23CD2F1AB7AF9
3X,I,0B160DE955F3AE10
3X,I,830FACA208087E37
3X,I,964AA1DCAAD06512
3X,I,D237B30F94B6065D
3X,I,7D025E77F4B35266
3X,I,6B582CAEDE8FBDEF
3X,I,FD18FAF570857B51
5,O,149838B41A465D6E
5,O,CF89BD775D2ABDC9
5,O,711A39D02DB2B4D8
5,O,49EF17D5925C652A
5,O,E41318CD5899D680
5,O,23362ED34834C5F0
5,O,87154BA98253B43D
5,O,7F445DD11BE9B105
5,O,CD1DFFC7411A44B9
5,O,3331EE733A2A3EBB
5,O,7F864B82461F638D
5,O,57DFE7792042405B
5,O,7CC8FC8889FF1596
5,O,DF4F6B54816F5172
5,O,558599642E78BB9B
5,O,BEEBDDB542A7E709
5,O,48184733EFE9D3E3
5,O,8E8DB91C885F1230
5,O,DCFF4041D0C0ACF8
5,I,96363F113F394E8A
5,I,576538E1395C8508
5,I,FE4E099AEA040C89
5,I,A57516D1C7B8B052
5,I,BB073EF1DACCA6E4
5,I,E45CFAB2E6E4C8FE
5,I,33033960343A57A8
5,I,E37FF663075361FE
5,I,4850531F57582BD9
5,I,1C02C4A92902FE95
5,I,9C1D2401E1E06544
5,I,3FB80081AB2FF6FB
5,I,7F25B423230F5BEE
5,I,0543B8455A70833F
5,I,51831905D7BC1802
5,I,FE3B13A457EEA70C
5,I,F203BEDE3E90A5BA
5,I,87825C8E4FE99CD8
5,I,90901971846A40E7
5,I,DB6981B82045B45C
5,I,ACE23D880D07ABB1
5,I,149838B41A465D6E
5A,O,D7D5103D53D4ED90
5A,O,E207DBF95EA7DE26
5A,O,C71093B5185DF735
5A,O,C80FB453C9F53569
5A,O,7F445DD11BE9B105
5A,O,CD1DFFC7411A44B9
5A,O,3331EE733A2A3EBB
5A,O,7F864B82461F638D
5A,O,57DFE7792042405B
5A,O,7CC8FC8889FF1596
5A,O,DF4F6B54816F5172
5A,O,C160C8F46BBBEF99
5A,O,C650BECDAF9D9EB0
5A,O,8E8DB91C885F1230
5A,O,DCFF4041D0C0ACF8
5A,I,D7E4D53EF0B874EB
5A,I,576538E1395C8508
5A,I,1864222D8939BD69
5A,I,33033960343A57A8
5A,I,E37FF663075361FE
5A,I,4850531F57582BD9
5A,I,4C52780594F2D674
5A,I,AA62C03711F778F2
5A,I,6D6EE27729F3C486
5A,I,BB172B3A5DAC85A4
5A,I,D7A05B5BAF07A89B
5A,I,3D717F0365D5505B
5A,I,29759ECB92E1A91B
5A,I,C44684E01A99DE4F
5A,I,D7D5103D53D4ED90
5C,O,688797454F595B1F
5C,O,31317843D8BA833F
5C,O,FDFC87BC94515900
5C,O,E778E67CBC095B0C
5C,O,29F7954D216356E1
5C,O,1FEA0FF1E4CB57E8
5C,O,95067FE712E8ACEA
5C,O,20709808D79F1BB9
5C,O,E81E4649EB1D5B02
5C,O,23362ED34834C5F0
5C,O,38BDB19C8D7B8DF8
5C,O,319CA16456A9010D
5C,O,7F445DD11BE9B105
5C,O,F6E296480D3481A2
5C,O,25455FDE268CF605
5C,O,C1AFF00AC64F457A
5C,O,5396072459507B7F
5C,O,D46ED62A04D37ECE
5C,O,68A8F08ABC5C90F0
5C,O,91929D42214F3D7F
5C,O,906508C26C6B89EC
5C,O,8D5FB973BE9429B4
5C,O,AD803E8A0ED6C3B9
5C,O,98F5ACF0CF540E7C
5C,O,505D36136FD57784
5C,O,FE2815CBCD21C57C
5C,O,BEEBDDB542A7E709
5C,O,48184733EFE9D3E3
5C,O,8E8DB91C885F1230
5C,O,DCFF4041D0C0ACF8
5C,O,29F7954D216356E1
5C,O,1FEA0FF1E4CB57E8
5C,O,95067FE712E8ACEA
5C,O,20709808D79F1BB9
5C,O,E81E4649EB1D5B02
5C,O,23362ED34834C5F0
5C,O,38BDB19C8D7B8DF8
5C,O,319CA16456A9010D
5C,O,7F445DD11BE9B105
5C,O,F6E296480D3481A2
5C,O,25455FDE268CF605
5C,O,C1AFF00AC64F457A
5C,O,5396072459507B7F
5C,O,D46ED62A04D37ECE
5C,O,68A8F08ABC5C90F0
5C,O,91929D42214F3D7F
5C,O,906508C26C6B89EC
5C,O,8D5FB973BE9429B4
5C,O,AD803E8A0ED6C3B9
5C,O,98F5ACF0CF540E7C
5C,O,505D36136FD57784
5C,O,FE2815CBCD21C57C
5C,O,BEEBDDB542A7E709
5C,O,48184733EFE9D3E3
5C,O,8E8DB91C885F1230
5C,O,DCFF4041D0C0ACF8
5C,I,4D5FBE4639E869E3
5C,I,5D75A800F823B45D
5C,I,C175ACB534E8C15C
5C,I,4139F73177AF267D
5C,I,3D040EE809057C6E
5C,I,AE264B401D72411A
5C,I,EE5D9C9A5622C786
5C,I,AC48794DF1F3332C
5C,I,DC74D0FA83E25E8D
5C,I,BEB1BBD9E816FA59
5C,I,E80A3E968CCEEFF7
5C,I,4960882151DB05E0
5C,I,590E23621FD23B6C
5C,I,F4B357B11344180D
5C,I,5C6534DD562AEF61
5C,I,B9BC3DE30A48F08B
5C,I,3FB80081AB2FF6FB
5C,I,7F25B423230F5BEE
5C,I,CFCA63CAF4C25D2B
5C,I,D446D1EA79502BF2
5C,I,DE9BE04046C197C4
5C,I,88E23CD2F1AB7AF9
5C,I,0B160DE955F3AE10
5C,I,830FACA208087E37
5C,I,964AA1DCAAD06512
5C,I,D237B30F94B6065D
5C,I,7D025E77F4B35266
5C,I,EE3B5ABCB87027E7
5C,I,688797454F595B1F
5C,I,4D5FBE4639E869E3
5C,I,5D75A800F823B45D
5C,I,C175ACB534E8C15C
5C,I,4139F73177AF267D
5C,I,3D040EE809057C6E
5C,I,AE264B401D72411A
5C,I,EE5D9C9A5622C786
5C,I,AC48794DF1F3332C
5C,I,DC74D0FA83E25E8D
5C,I,BEB1BBD9E816FA59
5C,I,E80A3E968CCEEFF7
5C,I,4960882151DB05E0
5C,I,590E23621FD23B6C
5C,I,F4B357B11344180D
5C,I,5C6534DD562AEF61
5C,I,B9BC3DE30A48F08B
5C,I,3FB80081AB2FF6FB
5C,I,7F25B423230F5BEE
5C,I,CFCA63CAF4C25D2B
5C,I,D446D1EA79502BF2
5C,I,DE9BE04046C197C4
5C,I,88E23CD2F1AB7AF9
5C,I,0B160DE955F3AE10
5C,I,830FACA208087E37
5C,I,964AA1DCAAD06512
5C,I,D237B30F94B6065D
5C,I,7D025E77F4B35266
5C,I,688797454F595B1F
5D,O,E0606D6156DB9960
5D,O,3F4B54625D1F9E48
5D,O,F663E12DC37F3C5A
5D,O,AC4EEE801BB9133C
5D,O,B48B8F12CD929F0F
5D,O,42ED08E8B1829CED
5D,O,0A4AB87891ABB16A
5D,O,6730CB42E8AA1302
5D,O,0B65879637B5161E
5D,O,5396072459507B7F
5D,O,C048D4CF6ED36C7A
5D,O,68A8F08ABC5C90F0
5D,O,AFEFDF25A955C72C
5D,O,97B7EC0354E020B7
5D,O,ED03E689B88CE0E8
5D,O,438AFA4E9E76C953
5D,O,32A26FEADDED5A62
5D,O,D3139CF35C894BC8
5D,O,C5888ACE3DDA6B30
5D,O,38C2E40346BA619E
5D,O,E80A3E968CCEEFF7
5D,O,4960882151DB05E0
5D,O,411A32C9BBF53857
5D,O,8372F8B80204FC1F
5D,O,658AD32D477D3CAB
5D,O,95FD06A3ADC9CB13
5D,O,C1C31D615DAA97F4
5D,O,BC932662BA367CD0
5D,O,72999453ECAC4693
5D,O,09B6F28D05DA00F4
5D,O,AA26D9F25826AA4A
5D,O,FBE38593BDEB0802
5D,O,E0606D6156DB9960
5M,O,DB3C6CA4725A7436
5M,O,E207DBF95EA7DE26
5M,O,C71093B5185DF735
5M,O,DCF9EEF056BF3F32
5M,O,811D4A91C1134CEA
5M,O,75957EA713E84A37
5M,O,F60097D67F33DC0C
5M,O,BC7C325EE59235E4
5M,O,426029D3D8AE6E40
5M,O,32A2D05A195364DC
5M,O,C1C31D615DAA97F4
5M,O,DB3C6CA4725A7436
5P,O,CF2071A75162D381
5P,O,31317843D8BA833F
5P,O,FDFC87BC94515900
5P,O,E778E67CBC095B0C
5P,O,29F7954D216356E1
5P,O,1FEA0FF1E4CB57E8
5P,O,95067FE712E8ACEA
5P,O,20709808D79F1BB9
5P,O,E81E4649EB1D5B02
5P,O,23362ED34834C5F0
5P,O,38BDB19C8D7B8DF8
5P,O,319CA16456A9010D
5P,O,7F445DD11BE9B105
5P,O,F6E296480D3481A2
5P,O,3331EE733A2A3EBB
5P,O,7F864B82461F638D
5P,O,57DFE7792042405B
5P,O,7CC8FC8889FF1596
5P,O,DF4F6B54816F5172
5P,O,558599642E78BB9B
5P,O,BEEBDDB542A7E709
5P,O,48184733EFE9D3E3
5P,O,E507F6160447C129
5P,O,DCFF4041D0C0ACF8
5P,I,4D5FBE4639E869E3
5P,I,5D75A800F823B45D
5P,I,C175ACB534E8C15C
5P,I,4139F73177AF267D
5P,I,3D040EE809057C6E
5P,I,33033960343A57A8
5P,I,E37FF663075361FE
5P,I,35CD2E3911AEA038
5P,I,1C02C4A92902FE95
5P,I,9C1D2401E1E06544
5P,I,661FEE32A0D73EB0
5P,I,D446D1EA79502BF2
5P,I,DE9BE04046C197C4
5P,I,88E23CD2F1AB7AF9
5P,I,0B160DE955F3AE10
5P,I,830FACA208087E37
5P,I,964AA1DCAAD06512
5P,I,D237B30F94B6065D
5P,I,7D025E77F4B35266
5P,I,EE3B5ABCB87027E7
5P,I,CF2071A75162D381
5R,O,5F1C669F444A0556
5R,O,AA28557D2EE2F8D0
5R,O,F573BDBB62023031
5R,O,B83FDB494B1E7E31
5R,O,600158E293C9354E
5R,O,BA0B05CA62C32007
5R,O,C057639478BE0168
5R,O,1E3A342DF7D5B8B5
5R,O,83BB162ED5F1355F
5R,O,D39533060940818A
5R,O,14894C859FDFE8C3
5R,O,DBB2582C87F91983
5R,O,5C54889CFC1ACE5B
5R,O,1094B993AA8409D0
5R,O,2F9C6EBE1A9AA07E
5R,O,5F1C669F444A0556
5R,O,5F1C669F444A0556
5R,O,AA28557D2EE2F8D0
5R,O,F573BDBB62023031
5R,O,B83FDB494B1E7E31
5R,O,600158E293C9354E
5R,O,BA0B05CA62C32007
5R,O,C057639478BE0168
5R,O,1E3A342DF7D5B8B5
5R,O,C057639478BE0168
5R,O,1E3A342DF7D5B8B5
5R,O,83BB162ED5F1355F
5R,O,D39533060940818A
5R,O,14894C859FDFE8C3
5R,O,DBB2582C87F91983
5R,O,5C54889CFC1ACE5B
5R,O,1094B993AA8409D0
5R,O,2F9C6EBE1A9AA07E
5R,O,5F1C669F444A0556
6,O,77BEA79A5FF7A21A
6,O,AB057A63C24E990E
6,O,2946BA6CACA326DF
6,O,1B9CA570385CC6F2
6,O,EBB057754E3423CE
6,O,3C9C928E1674AB98
6,O,A8E63F70F386C05A
6,O,E173F2DA030C6AAB
6,O,258EDF9D3C3FD200
6,O,99256D08CF861BA5
6,O,D0A763AFCDE36124
6,O,0BE28656FCEAAE17
6,O,CCAC1239A80FFE6B
6,O,317CDFC0C1DB2ADF
6,O,9508A6CF0AF1E1B2
6,O,B8B71BC8E2DDCA8D
6,O,62AB7611613EF561
6,O,A1AA846971415968
6,O,6188A6666E298598
6,O,70349D91EC82AFE1
6,O,E35B5F1B80E085E6
6,O,EBEF10F95443B217
6,O,75EF762BDAB6F5C3
6,I,75EF762BDAB6F5C3
6,I,9AE6CD527594C632
6,I,647AB0AD358F10DF
6,I,65DFF8BE0574FB35
6,I,A19F3A433556AF0E
6,I,48E68D36FFC315F6
6,I,A81F3E1AC5EDEB1F
6,I,FD43CB63B7E560F6
6,I,FE5036CCAC908A19
6,I,3AE4D452A5105EFD
6,I,3906EA4ECAC6EEC0
6,I,F51CE770F087FDEC
6,I,6AB438AD3AE100DD
6,I,456320D47FFB5B1A
6,I,36AABE317D2F7A0B
6,I,5EEA801CA265E5C1
6,I,5241470E37FA628F
6,I,A6AED77D365E7011
6,I,1DEB855D55528B03
6,I,11A1269F9B78F269
6,I,E507F6160447C129
6,I,DCFF4041D0C0ACF8
6C,O,A92AD89F447B3339
6C,O,F8D1049558163BE6
6C,O,7703B0499F66B205
6C,O,33954A6034D48443
6C,O,4F8B610B0A033DA3
6C,O,9C65FAD146B82C8D
6C,O,0B6F13BDDA1B8F91
6C,O,EAF0EAB6E30425BA
6C,O,FABC0445FC1C04D7
6C,O,E50D6F218BC33CD0
6C,O,E173F2DA030C6AAB
6C,O,258EDF9D3C3FD200
6C,O,99256D08CF861BA5
6C,O,D0A763AFCDE36124
6C,O,0BE28656FCEAAE17
6C,O,CCAC1239A80FFE6B
6C,O,317CDFC0C1DB2ADF
6C,O,9508A6CF0AF1E1B2
6C,O,B8B71BC8E2DDCA8D
6C,O,62AB7611613EF561
6C,O,C9081B14523D8898
6C,O,BB5DEEAB7F39ECD9
6C,O,3856383C8A22904A
6C,I,3856383C8A22904A
6C,I,ACA7282A66D0A29B
6C,I,0C44BAE327DB4A8A
6C,I,CC0D6DFEC686704E
6C,I,48E68D36FFC315F6
6C,I,A81F3E1AC5EDEB1F
6C,I,E29F5375308D6F5C
6C,I,45AA6AF583A32F40
6C,I,3AE4D452A5105EFD
6C,I,3906EA4ECAC6EEC0
6C,I,A70DCB46EC98F43E
6C,I,80E2DB8AC142F626
6C,I,E93113C9CA615B0C
6C,I,D48E82AC2961C581
6C,I,CBF110E4B3E23071
6C,I,33506DF7A7D71391
6C,I,4CA486B230A34D3A
6C,I,97377AA89B45CD34
6C,I,FEF7B371B95E5E13
6C,I,9E655CE3250647EA
6C,I,2C7AEE8C6B2BC06A
6C,I,0B8D095A45B05587
6C,I,C3427DE8E291FFA6
6C,I,A92AD89F447B3339
6D,O,9D5EC5BD0A116058
6D,O,44DE41D495197976
6D,O,9C884013EBA1D548
6D,O,3B35E109EB76E70D
6D,O,442D6A78E1015EAE
6D,O,17EB4B9A9DE2FAF6
6D,O,38BDB19C8D7B8DF8
6D,O,401EAF24B736C5B6
6D,O,B5BAED26BD56AC16
6D,O,121EAC1C0D7D77BE
6D,O,CC6ED4BD466C1CB0
6D,O,0A72152D4873A5C7
6D,O,AE88B3CCA11ACCDC
6D,O,8B2FD4BDD627C211
6D,O,0EF525CD78152127
6D,O,2F8A93ADDCEF6856
6D,O,A86896A010757F50
6D,O,CCAC1239A80FFE6B
6D,O,317CDFC0C1DB2ADF
6D,O,9508A6CF0AF1E1B2
6D,O,B8B71BC8E2DDCA8D
6D,O,62AB7611613EF561
6D,O,A1AA846971415968
6D,O,6188A6666E298598
6D,O,FEF6F77B236DA7A5
6D,I,FEF6F77B236DA7A5
6D,I,854BC3A8D4DE6AA9
6D,I,FB1DCF66C9508EBA
6D,I,2B0183A25DA19AE3
6D,I,70AED81BA5AE0B49
6D,I,277172A410622365
6D,I,173B80CC8B075A71
6D,I,45AA6AF583A32F40
6D,I,229C618DE131245A
6D,I,90C3A9DB72F244DE
6D,I,81631C6B0F2D1843
6D,I,7476BFC6F6B5D869
6D,I,F7FB52860229BBAB
6D,I,6045969736940272
6D,I,F851B0B122F38CCC
6D,I,2FA93329F924968F
6D,I,1E58DF8CAD59712E
6D,I,12B08A64756B780B
6D,I,E99D3F96A9F7B5EB
6D,I,661FEE32A0D73EB0
6D,I,51831905D7BC1802
6D,I,E7A17EFD6E7435AF
6D,I,DFAA3371878CEED2
6D,I,3BB1407BA61E0A9B
6D,I,F60097D67F33DC0C
6D,I,830588EB9A8D26EC
6D,I,9D5EC5BD0A116058
6E,O,44AF4BBD0B0BB3A0
6E,O,FC29C8A636233BB4
6E,O,277172A410622365
6E,O,173B80CC8B075A71
6E,O,45AA6AF583A32F40
6E,O,229C618DE131245A
6E,O,90C3A9DB72F244DE
6E,O,81631C6B0F2D1843
6E,O,7476BFC6F6B5D869
6E,O,F7FB52860229BBAB
6E,O,6045969736940272
6E,O,F851B0B122F38CCC
6E,O,2FA93329F924968F
6E,O,1E58DF8CAD59712E
6E,O,12B08A64756B780B
6E,O,E99D3F96A9F7B5EB
6E,O,7210357910C44570
6E,O,A1C65E46464147A0
6E,O,100E6F60BAC1BDEB
6E,O,BA03816A38B9DA7F
6E,O,4BD5CE5106BB0697
6E,O,6465DE9EE57F6C94
6E,O,3E73B73B12E25DCF
6E,O,0B8C52E4C34E3B64
6E,O,144E9479168069DD
6E,O,7459D3AB11AFD6B5
6E,O,9C839C3824F47A6A
6E,O,CB4BB0008A87E4FC
6E,O,AFE8CE5FCE951B89
6E,I,AFE8CE5FCE951B89
6E,I,500EB63FD4A41F66
6E,I,3EAFE91BF6223FA6
6E,I,5309D748976029CB
6E,I,3C6DAB7267F9E54F
6E,I,73E85E88E124EF2C
6E,I,2EF9764BE18FC290
6E,I,F1A90CEE2B8C40CC
6E,I,015AD27DAC83E698
6E,I,BBDFF2D05E37EE61
6E,I,52AE04E9C3E77BE1
6E,I,8570495BD7C63C02
6E,I,9C884013EBA1D548
6E,I,ED5554C57CF0061C
6E,I,4D9419874306D82F
6E,I,CC6ED4BD466C1CB0
6E,I,0A72152D4873A5C7
6E,I,AE88B3CCA11ACCDC
6E,I,8B2FD4BDD627C211
6E,I,0EF525CD78152127
6E,I,2F8A93ADDCEF6856
6E,I,A86896A010757F50
6E,I,CCAC1239A80FFE6B
6E,I,317CDFC0C1DB2ADF
6E,I,9508A6CF0AF1E1B2
6E,I,63B3694BF40FBEC6
6E,I,F54744E6F5CDBC1A
6E,I,44AF4BBD0B0BB3A0
6F,O,E6DCDD4CCE10E4B7
6F,O,F8D1049558163BE6
6F,O,7703B0499F66B205
6F,O,33954A6034D48443
6F,O,4F8B610B0A033DA3
6F,O,9C65FAD146B82C8D
6F,O,0B6F13BDDA1B8F91
6F,O,EAF0EAB6E30425BA
6F,O,FABC0445FC1C04D7
6F,O,E50D6F218BC33CD0
6F,O,E173F2DA030C6AAB
6F,O,6E2A7A2CD29F9216
6F,O,99256D08CF861BA5
6F,O,3CE4A2049409A6DD
6F,O,E6ED785726AED4AE
6F,O,C13E41666B5A1394
6F,O,C6E9CA12DCD8F695
6F,O,7C5377EE48AA1E91
6F,I,7C5377EE48AA1E91
6F,I,C91F41CD18797652
6F,I,5FBC215F6F58AC98
6F,I,7B3074F34B2D6D01
6F,I,98AB21EAFF27FE09
6F,I,0D7B059BFF6CA5E2
6F,I,B577AC1835FA7995
6F,I,2F4939964761E1FF
6F,I,1030A4E612B75901
6F,I,80E2DB8AC142F626
6F,I,E93113C9CA615B0C
6F,I,D48E82AC2961C581
6F,I,CBF110E4B3E23071
6F,I,33506DF7A7D71391
6F,I,4CA486B230A34D3A
6F,I,97377AA89B45CD34
6F,I,FEF7B371B95E5E13
6F,I,9E655CE3250647EA
6F,I,2C7AEE8C6B2BC06A
6F,I,0B8D095A45B05587
6F,I,C3427DE8E291FFA6
6F,I,E6DCDD4CCE10E4B7
6P,O,44AF4BBD0B0BB3A0
6P,O,FC29C8A636233BB4
6P,O,277172A410622365
6P,O,173B80CC8B075A71
6P,O,45AA6AF583A32F40
6P,O,229C618DE131245A
6P,O,90C3A9DB72F244DE
6P,O,81631C6B0F2D1843
6P,O,7476BFC6F6B5D869
6P,O,F7FB52860229BBAB
6P,O,6045969736940272
6P,O,F851B0B122F38CCC
6P,O,2FA93329F924968F
6P,O,1E58DF8CAD59712E
6P,O,12B08A64756B780B
6P,O,E99D3F96A9F7B5EB
6P,O,661FEE32A0D73EB0
6P,O,51831905D7BC1802
6P,O,E7A17EFD6E7435AF
6P,O,DFAA3371878CEED2
6P,O,D80313EC29620E1D
6P,O,BA03816A38B9DA7F
6P,O,4BD5CE5106BB0697
6P,O,6465DE9EE57F6C94
6P,O,3E73B73B12E25DCF
6P,O,0B8C52E4C34E3B64
6P,O,144E9479168069DD
6P,O,7459D3AB11AFD6B5
6P,O,3CB982FBC9E50AAA
6P,O,F49FA120DE5E6582
6P,O,1EF0671DB830C59D
6P,O,3144CE950CE29C80
6P,O,543FD8B6C65D1C4C
6P,O,316BB2C947568585
6P,O,3E862B92873F5811
6P,O,57A0D4D6D4D57497
6P,O,C33442BEF9C1B280
6P,O,19171A194D7507D5
6P,O,AFE8CE5FCE951B89
6P,I,AFE8CE5FCE951B89
6P,I,500EB63FD4A41F66
6P,I,3EAFE91BF6223FA6
6P,I,40FF132FB8E77051
6P,I,B08CA4B3CDCF142A
6P,I,CF18D17DE7B40350
6P,I,736E84A8060D2AB9
6P,I,CB4B52222877C32F
6P,I,6B9496267BEFF02A
6P,I,B9D7AE7CB0C56556
6P,I,6491C7B3E4DAD76D
6P,I,1107CC28F2631CCB
6P,I,2EF9764BE18FC290
6P,I,F1A90CEE2B8C40CC
6P,I,015AD27DAC83E698
6P,I,BBDFF2D05E37EE61
6P,I,52AE04E9C3E77BE1
6P,I,8570495BD7C63C02
6P,I,9C884013EBA1D548
6P,I,3B35E109EB76E70D
6P,I,442D6A78E1015EAE
6P,I,17EB4B9A9DE2FAF6
6P,I,38BDB19C8D7B8DF8
6P,I,401EAF24B736C5B6
6P,I,CC6ED4BD466C1CB0
6P,I,0A72152D4873A5C7
6P,I,AE88B3CCA11ACCDC
6P,I,8B2FD4BDD627C211
6P,I,0EF525CD78152127
6P,I,2F8A93ADDCEF6856
6P,I,A86896A010757F50
6P,I,CCAC1239A80FFE6B
6P,I,317CDFC0C1DB2ADF
6P,I,9508A6CF0AF1E1B2
6P,I,63B3694BF40FBEC6
6P,I,F54744E6F5CDBC1A
6P,I,44AF4BBD0B0BB3A0
6R,O,9AE6CD527594C632
6R,O,9E76DA1634822CDB
6R,O,70349D91EC82AFE1
6R,O,E35B5F1B80E085E6
7,O,25BD7B50919AA221
7,O,AB057A63C24E990E
7,O,B0028A481BF4ACC7
7,O,5419928D472EAD8D
7,O,2F281B3C90B46763
7,O,A93947027435EBAD
7,O,F56B1C6169FFC940
7,O,4A2B9089021412CD
7,O,F5ACAE2B0ACBC9AE
7,O,E907FA24426A9FD6
7,O,ED244F7BBACAB14D
7,O,89A4D25AC31A8388
7,O,6465986EF7824816
7,O,F21DC659FA565E2F
7,O,48E5A1EED91712EE
7,O,3A445E0351331BCD
7,O,90DC2AE9EBAF2658
7,O,4E037679702BBCBC
7,O,67C00FA00C878C1A
7,O,7A899F3009A31F68
7,O,6C4DDD9C22580CA2
7,I,6C4DDD9C22580CA2
7,I,D360B3EBF155C15A
7,I,713BF17AF24FE4DA
7,I,FA09C95ECE002018
7,I,785E8178E7DB0A93
7,I,692CEF512B0D029B
7,I,210CF8389F782535
7,I,DF9E89A391CAC245
7,I,657E5836BC932790
7,I,850F72123F644500
7,I,7A1C43F91CF8A6FC
7,I,98FCC750B322B706
7,I,BC294083A50B89DB
7,I,38CBB6C76211934F
7,I,F63C76EC97E38A91
7,I,777ED0B1F3CF10DD
7,I,EDF107F1315D6805
7,I,5241470E37FA628F
7,I,EAE9158BE729E917
7,I,11A1269F9B78F269
7,I,E507F6160447C129
7,I,25BD7B50919AA221
7B,O,ED18A55B2C83BAD2
7B,O,36F7DCE4723C2C44
7B,O,EF5A5CD9C3A038C9
7B,O,3DEB0D13043F4C17
7B,O,B0095CE9771BFC17
7B,O,CB59198C6E7D00FF
7B,O,F3DA32A55B98363F
7B,O,BC3B37FDEE7EE51B
7B,O,5CE1C1296F98C6C4
7B,O,3D403F8CF70C7FE4
7B,O,C0ACDED85452CFC8
7B,O,6E9A9467758898B7
7B,O,7E4F1063E27B47E9
7B,O,1924C09B20B8787A
7B,O,7F3A1FC5F4533B4C
7B,O,E907FA24426A9FD6
7B,O,7D06FF559C2414AF
7B,O,EE848579A1FCC0E0
7B,O,1E58DF8CAD59712E
7B,O,FD45CEE7D2E4A9BF
7B,O,C6F9EC39B9F09F32
7B,O,EAAAF871D43F7B6F
7B,O,EB471522ACF7B803
7B,O,97D5170205CB0515
7B,I,97D5170205CB0515
7B,I,586EF0AC07C58499
7B,I,A0287E3D747AD4FA
7B,I,1CCCE3B2D9AB4D2A
7B,I,5C6ECA890BF03809
7B,I,A926C2AC0071E407
7B,I,3821D64D2BF1BB66
7B,I,AB741CA56ABEA9F2
7B,I,853C70D76FF68196
7B,I,EBC7FF1987F11FD2
7B,I,987B3A45E05CD6EE
7B,I,F19BBC7D6F39B210
7B,I,05AB3A2B3816CD41
7B,I,B9B0524C596DAE6F
7B,I,FACE6E102E2171B3
7B,I,A0F2A2C5182526AA
7B,I,73567AD9A1510A9B
7B,I,8D5FB973BE9429B4
7B,I,3D47C2B2D3342C85
7B,I,EB1702F877E4D077
7B,I,C39037A588387F32
7B,I,89F019B78B7D8304
7B,I,ED18A55B2C83BAD2
7M,O,059CD624283728A3
7M,O,CEACD1DF9F00EF44
7M,O,6E410E80F8C9915B
7M,O,53F544F4B03B5AE4
7M,O,FF2F4072287BD6A2
7M,O,D8DBA3F5A1146887
7M,O,FBAA9F0F9B1893F7
7M,O,059CD624283728A3
8,O,5E2EC7476D55E0BA
8,O,5D75A800F823B45D
8,O,C175ACB534E8C15C
8,O,F656A38D2A40F77D
8,O,3D040EE809057C6E
8,O,842DB57036C4C645
8,O,3DEB0D13043F4C17
8,O,B0095CE9771BFC17
8,O,CB59198C6E7D00FF
8,O,F3DA32A55B98363F
8,O,BC3B37FDEE7EE51B
8,O,5CE1C1296F98C6C4
8,O,3D403F8CF70C7FE4
8,O,C0ACDED85452CFC8
8,O,6E9A9467758898B7
8,O,7E4F1063E27B47E9
8,O,1924C09B20B8787A
8,O,7F3A1FC5F4533B4C
8,O,223E33F23F37B61A
8,O,71C9731001C9C773
8,O,F63C76EC97E38A91
8,O,777ED0B1F3CF10DD
8,O,25B94D808EC232D8
8,O,2F165341B07CBDB9
8,O,FD1B403FD4EC3E8D
8,O,FB9FA7AAA17E9E9D
8,O,BD9C8BC4A5FCEC12
8,I,BD9C8BC4A5FCEC12
8,I,31072508CEF942C6
8,I,4C49804674904130
8,I,2F281B3C90B46763
8,I,A93947027435EBAD
8,I,2E9166ECCD0DB0E5
8,I,4A2B9089021412CD
8,I,051C24F9614CEDC2
8,I,853C70D76FF68196
8,I,EBC7FF1987F11FD2
8,I,987B3A45E05CD6EE
8,I,F19BBC7D6F39B210
8,I,05AB3A2B3816CD41
8,I,B9B0524C596DAE6F
8,I,FACE6E102E2171B3
8,I,A0F2A2C5182526AA
8,I,73567AD9A1510A9B
8,I,8D5FB973BE9429B4
8,I,AD803E8A0ED6C3B9
8,I,98F5ACF0CF540E7C
8,I,505D36136FD57784
8,I,FE2815CBCD21C57C
8,I,BEEBDDB542A7E709
8,I,48184733EFE9D3E3
8,I,8E8DB91C885F1230
8,I,DCFF4041D0C0ACF8
8A,O,75D6E5952B41E1D2
8A,O,36F7DCE4723C2C44
8A,O,95FAB1D2AD752ECE
8A,O,505D36136FD57784
8A,O,FE2815CBCD21C57C
8A,O,BEEBDDB542A7E709
8A,O,48184733EFE9D3E3
8A,O,8E8DB91C885F1230
8A,O,E507F6160447C129
8A,O,7209CEE65796F4DD
8A,O,5D75A800F823B45D
8A,O,C175ACB534E8C15C
8A,O,F656A38D2A40F77D
8A,O,3D040EE809057C6E
8A,O,842DB57036C4C645
8A,O,3DEB0D13043F4C17
8A,O,97377AA89B45CD34
8A,O,438AFA4E9E76C953
8A,O,75D6E5952B41E1D2
8P,O,B2779219DBFFE44F
8P,O,75D6E5952B41E1D2
8P,O,C650BECDAF9D9EB0
8P,O,8E8DB91C885F1230
8P,O,E507F6160447C129
8P,O,7209CEE65796F4DD
8P,O,5D75A800F823B45D
8P,O,1864222D8939BD69
8P,O,69EB1A85EBBBA550
8P,O,B2779219DBFFE44F
9,O,C6795D3E5B50AD5A
9,O,79E1F84E966F6113
9,O,53FCF9B3DFD6C9F2
9,O,29B66F2353388E18
9,O,917DF4AF0ED7B258
9,O,92540DF9CB08304C
9,O,442D6A78E1015EAE
9,O,7BDF3895E0BCE33B
9,O,47DD30C89AD33357
9,O,401EAF24B736C5B6
9,O,E9468D2AE13C3F39
9,O,3B8776600A4384D1
9,O,D7EDDEA5A942843B
9,O,2F3C9727D9186DAB
9,O,8023E1026EA356F7
9,O,8C44D48B9BAAB774
9,O,300D1812E3A085C3
9,O,9B1BE296C2AC5F97
9,O,456320D47FFB5B1A
9,O,36AABE317D2F7A0B
9,O,5EEA801CA265E5C1
9,O,77BFE3A169866C7D
9,O,A6AED77D365E7011
9,O,1DEB855D55528B03
9,O,11A1269F9B78F269
9,O,5D75A800F823B45D
9,O,9E376227A51AB6BE
9,I,9E376227A51AB6BE
9,I,9CAF2FDA35EEF9E2
9,I,AB057A63C24E990E
9,I,68106C827BF891AB
9,I,20D0C9CBE2BC9451
9,I,0E9F8B5A3734D9CE
9,I,775FC7E2B86C4E3F
9,I,01A56227D21AFB04
9,I,258EDF9D3C3FD200
9,I,4884DCF89AD7BA6A
9,I,48AA5A2907C1833D
9,I,8D5C58075D3C1003
9,I,B0DDF2CD704116C8
9,I,6C1DEF32B8CB92C4
9,I,161B32AD4C6996AD
9,I,6965D1D655C2DD5F
9,I,BB172B3A5DAC85A4
9,I,0543B8455A70833F
9,I,D446D1EA79502BF2
9,I,8815F901477E6435
9,I,20915DF05723C615
9,I,FE3B13A457EEA70C
9,I,138A71694F5A3451
9,I,4A8AAC7402C3F60F
9,I,100E6F60BAC1BDEB
9,I,23AF5995FEBCA8E6
9,I,C970D8254790191E
9,I,6557A31762F5311F
9,I,90ED381AD3BAE4F9
9,I,C6795D3E5B50AD5A
10,O,09680C5849BFA077
10,O,5D77A5CBE41F2984
10,O,F6512E7C4A6D5C2E
10,O,9AC3AFC5216B9711
10,O,AFB03B10416E2199
10,O,4B9D547F0F450784
10,O,7BDF3895E0BCE33B
10,O,168487E2C681CB0D
10,O,3942D55ED3DE84C9
10,O,7C4E16F4A138B142
10,O,A47333D8B495F77D
10,O,946C74E30100FE80
10,O,A0287E3D747AD4FA
10,O,1CCCE3B2D9AB4D2A
10,O,5C6ECA890BF03809
10,O,7A1C43F91CF8A6FC
10,O,98FCC750B322B706
10,O,AB741CA56ABEA9F2
10,O,71C9731001C9C773
10,O,F63C76EC97E38A91
10,O,777ED0B1F3CF10DD
10,O,F5F6D6EF74B4D7B2
10,O,B96E368FC17CD0B0
10,O,420E7970087AD769
10,O,B76B249D3D253008
10,O,A7F35DC09E1A1528
10,O,0F4DB224F8A8FF9C
10,O,4884DCF89AD7BA6A
10,O,48AA5A2907C1833D
10,O,7D06FF559C2414AF
10,O,E4B6BF6D835723A0
10,O,7CC71E7933DD9625
10,O,D34CCDD12A1BC57F
10,O,EE3EA981F3D6485D
10,O,F159C47896D53738
10,O,0F38AE1F1CAFF245
10,O,642A6178B23761B6
10,O,9E80A1847F06792A
10,O,661FEE32A0D73EB0
10,O,2196A42A8F733DB5
10,O,F0AC02C6C94078C4
10,O,A0FDF34B2D278750
10,O,951CE3B3EB98BA3A
10,O,64CE8117895E8FAD
10,O,5CD4C77378D3A4AE
10,O,942E95B4336BDFA7
10,O,33BA3785390F1457
10,O,09680C5849BFA077
11,O,6F817E994CAF7928
11,O,4B9D547F0F450784
11,O,7BDF3895E0BCE33B
11,O,262578A9C404DCD6
11,O,87154BA98253B43D
11,O,1C79BF0732EDBD9C
11,O,225F00F550C301AE
11,O,3331EE733A2A3EBB
11,O,F5795A904B483F33
11,O,57DFE7792042405B
11,O,7CC8FC8889FF1596
11,O,DF4F6B54816F5172
11,O,190F209646059000
11,O,2F165341B07CBDB9
11,O,FD1B403FD4EC3E8D
11,O,FB9FA7AAA17E9E9D
11,O,593DE4298B444E66
11,I,593DE4298B444E66
11,I,31072508CEF942C6
11,I,4C49804674904130
11,I,8864CF7D3E4B1EF6
11,I,3CB94742E4B5E3E5
11,I,33033960343A57A8
11,I,E37FF663075361FE
11,I,4850531F57582BD9
11,I,1C02C4A92902FE95
11,I,9C1D2401E1E06544
11,I,3FB80081AB2FF6FB
11,I,BB172B3A5DAC85A4
11,I,661FEE32A0D73EB0
11,I,8815F901477E6435
11,I,20915DF05723C615
11,I,6C15579CA43DF72E
11,I,EB3A1D751C96E053
11,I,F0AC02C6C94078C4
11,I,A0FDF34B2D278750
11,I,6F817E994CAF7928
11B,O,ACF18512CA2861EC
11B,O,3673A01280621EC2
11B,O,3558FA1D8DCF1F12
11B,O,C8FD960431F7210C
11B,O,B9560CB9F6044374
11B,O,83BB162ED5F1355F
11B,O,5E12682DB792D6DA
11B,O,60D0B9706B352D1C
11B,O,D45CEDE6A9DFA30B
11B,O,EC757345195E6EAC
11B,O,427A1FF65094D4D0
11B,O,317BECDAF11EB461
11B,O,D1AAD1771F3FA9A0
11B,O,C80FB453C9F53569
11B,O,1C79BF0732EDBD9C
11B,O,AE4D7869B643DAA2
11B,O,69B5D7E02401C25B
11B,O,4EEABE3D756581FB
11B,O,FCAA34C69CFEF26C
11B,O,C3427DE8E291FFA6
11B,O,F088E9BC1B13B13D
11B,I,F088E9BC1B13B13D
11B,I,F4B357B11344180D
11B,I,5C6534DD562AEF61
11B,I,6F357BC5B6EF7647
11B,I,47B6BE5FC95C2042
11B,I,EBE826ABDCE44F0C
11B,I,7210357910C44570
11B,I,A1C65E46464147A0
11B,I,100E6F60BAC1BDEB
11B,I,23AF5995FEBCA8E6
11B,I,66B78B49B8E626C9
11B,I,D530D698BC181839
11B,I,4D3C6D74F6AE8C7D
11B,I,9627881F2180C5AB
11B,I,2437897A21642D85
11B,I,CED060CB0E89E2B3
11B,I,F9210821429F55B6
11B,I,ACF18512CA2861EC
11C,O,272546A2E2F4FCEF
11C,O,2C1366DA10099003
11C,O,1F189CEB915C191D
11C,O,9FD865B00B2D54A1
11C,O,A15FFC3149FB92A0
11C,O,A0FDF34B2D278750
11C,O,951CE3B3EB98BA3A
11C,O,3BB1407BA61E0A9B
11C,O,23AF5995FEBCA8E6
11C,O,8C09B3648DCDAF3C
11C,O,D530D698BC181839
11C,O,4D3C6D74F6AE8C7D
11C,O,9627881F2180C5AB
11C,O,2437897A21642D85
11C,O,CED060CB0E89E2B3
11C,O,F9210821429F55B6
11C,O,DE925628D8747F6D
11C,O,3093477EA64DDA89
11C,O,E61F9EA5AEE1EFE0
11C,O,BBBDC092F96C0A41
11C,O,4A14A012710E80B1
11C,O,25D24692B2A312FB
11C,O,6F106FD26B684372
11C,O,A078E2CAF27A699C
11C,O,C4403FEB65F754D5
11C,I,C4403FEB65F754D5
11C,I,D17050E8964504BB
11C,I,04DDF4F7F1C74876
11C,I,BF08F9C08BB54A2B
11C,I,5FF5FCFD1121F033
11C,I,6765DD696FA8BF8D
11C,I,CE097C48CCAE22C9
11C,I,6CF34EF02CDBE26B
11C,I,C6E63C45FF2EA573
11C,I,3673A01280621EC2
11C,I,3558FA1D8DCF1F12
11C,I,C9266DD0E62297B9
11C,I,C8FD960431F7210C
11C,I,B9560CB9F6044374
11C,I,83BB162ED5F1355F
11C,I,7380707A36C032B9
11C,I,60D0B9706B352D1C
11C,I,06E1120EA9A7BF69
11C,I,5E1B227D9FAC4267
11C,I,DB42B6238F75CF3C
11C,I,F6512E7C4A6D5C2E
11C,I,9AC3AFC5216B9711
11C,I,AFB03B10416E2199
11C,I,6FB456AE4E4CFFD4
11C,I,653B1CE8590D4B52
11C,I,48EC2AD5CE8953A1
11C,I,0AB2356DB4B15F19
11C,I,D8DBA3F5A1146887
11C,I,CEACD1DF9F00EF44
11C,I,6E410E80F8C9915B
11C,I,272546A2E2F4FCEF
11D,O,EF71BF522855A38A
11D,O,586EF0AC07C58499
11D,O,69B1F1ED4F1EC09D
11D,O,B2B63870BF0309F5
11D,O,4BB3E2907D3ED1CB
11D,O,12B08A64756B780B
11D,O,EBE826ABDCE44F0C
11D,O,7210357910C44570
11D,O,A1C65E46464147A0
11D,O,100E6F60BAC1BDEB
11D,O,D9B53E4B3A192940
11D,O,BC7C325EE59235E4
11D,O,9E256D7EE9FE68BC
11D,O,DF942A6B97EABDC4
11D,O,2DDD1CB69E981669
11D,O,80B56E2C7719DAF4
11D,O,71E3EB7E709522C7
11D,O,B18F49819CAF37B7
11D,I,B18F49819CAF37B7
11D,I,C000E4384A704993
11D,I,C8FD960431F7210C
11D,I,177E7222D0968DE5
11D,I,015AD27DAC83E698
11D,I,83BB162ED5F1355F
11D,I,7380707A36C032B9
11D,I,60D0B9706B352D1C
11D,I,CC811B604DD883AE
11D,I,8570495BD7C63C02
11D,I,427A1FF65094D4D0
11D,I,317BECDAF11EB461
11D,I,D1AAD1771F3FA9A0
11D,I,D625B0997C3DBCFE
11D,I,C5F7AF8D65B268E4
11D,I,A90CDCBFC07EDF86
11D,I,84ECCB274C4677E8
11D,I,7310528ACFCE20DF
11D,I,EAAAF871D43F7B6F
11D,I,EB471522ACF7B803
11D,I,EF71BF522855A38A
11K,O,65E3545412EECF41
11K,O,9ED7E93749ABAE67
11K,O,9583BCF159B682BA
11K,O,D360B3EBF155C15A
11K,O,713BF17AF24FE4DA
11K,O,7C4E16F4A138B142
11K,O,029519563009717D
11K,O,946C74E30100FE80
11K,O,B2B63870BF0309F5
11K,O,4BB3E2907D3ED1CB
11K,O,8CD1D697477E50D0
11K,O,F6E296480D3481A2
11K,O,25455FDE268CF605
11K,O,C1AFF00AC64F457A
11K,O,5396072459507B7F
11K,O,D46ED62A04D37ECE
11K,O,68A8F08ABC5C90F0
11K,O,AFEFDF25A955C72C
11K,O,906508C26C6B89EC
11K,O,8D5FB973BE9429B4
11K,O,AD803E8A0ED6C3B9
11K,O,98F5ACF0CF540E7C
11K,O,15B5EC433FBAB62A
11K,I,15B5EC433FBAB62A
11K,I,EE5D9C9A5622C786
11K,I,AC48794DF1F3332C
11K,I,61C5F8F2F38B2BE3
11K,I,21581A1F9544F6E4
11K,I,E80A3E968CCEEFF7
11K,I,4960882151DB05E0
11K,I,411A32C9BBF53857
11K,I,489A72B19BE37AE1
11K,I,5C6534DD562AEF61
11K,I,C5BDCDF9B4D7C514
11K,I,2F7C67769B9FB896
11K,I,A90CDCBFC07EDF86
11K,I,84ECCB274C4677E8
11K,I,7310528ACFCE20DF
11K,I,0021600EF3DBEF94
11K,I,26DE86F5E667C410
11K,I,B8626845E031C9CF
11K,I,E1EAFF3759608D41
11K,I,F2794804DD8799B4
11K,I,CEACD1DF9F00EF44
11K,I,6E410E80F8C9915B
11K,I,65E3545412EECF41
11X,O,C12548B7D13D566A
11X,O,51657C54B75A5304
11X,O,B930999AA5F7E997
11X,O,EA2CFF27310EAEC3
11X,O,B222F08B5E956350
11X,O,D17050E8964504BB
11X,O,04DDF4F7F1C74876
11X,O,BF08F9C08BB54A2B
11X,O,5FF5FCFD1121F033
11X,O,6765DD696FA8BF8D
11X,O,CE097C48CCAE22C9
11X,O,6CF34EF02CDBE26B
11X,O,073C44CE5FF431BC
11X,O,3D40B78AACF268D7
11X,O,FDFA7692A141612F
11X,O,7A95C545D0393126
11X,O,D46ED62A04D37ECE
11X,O,68A8F08ABC5C90F0
11X,O,AFEFDF25A955C72C
11X,O,906508C26C6B89EC
11X,O,8D5FB973BE9429B4
11X,O,AD803E8A0ED6C3B9
11X,O,98F5ACF0CF540E7C
11X,O,ECB7F57E734C9691
11X,I,ECB7F57E734C9691
11X,I,EE5D9C9A5622C786
11X,I,3DEB0D13043F4C17
11X,I,97377AA89B45CD34
11X,I,69EB1A85EBBBA550
11X,I,D3139CF35C894BC8
11X,I,C5888ACE3DDA6B30
11X,I,38C2E40346BA619E
11X,I,C9051FC04690CD7F
11X,I,1D093403B1F24DF7
11X,I,9C1D2401E1E06544
11X,I,6F357BC5B6EF7647
11X,I,47B6BE5FC95C2042
11X,I,0AB522DFFCD4CD4F
11X,I,7210357910C44570
11X,I,C8FD960431F7210C
11X,I,CB341BEEABF66D6E
11X,I,6530130BE25E909C
11X,I,3093477EA64DDA89
11X,I,E61F9EA5AEE1EFE0
11X,I,BBBDC092F96C0A41
11X,I,4A14A012710E80B1
11X,I,25D24692B2A312FB
11X,I,6F106FD26B684372
11X,I,A078E2CAF27A699C
11X,I,D83C4CC1305E35E9
11X,I,1FBAAE29AF1CA50E
11X,I,466BC4C1908A1A06
11X,I,AA52228890817D12
11X,I,D9563FD5B8CB0CEF
11X,I,FF68304E8C1FF0B1
11X,I,A6A1C99BF11EE56C
11X,I,C12548B7D13D566A
12,O,296E43213D6DB624
12,O,32CB1FBDCB7932A6
12,O,CCAD6B9A4B1CFFD8
12,O,1BD82E4312536F0C
12,O,5FBC215F6F58AC98
12,O,A411F9374FB2879B
12,O,7EC4B2C80047770A
12,O,9B62732E0E1E537C
12,O,029EA5F3C2AEFBC9
12,O,6E4C75B59DEF3D89
12,O,DED3339EB26494EA
12,O,577633405E7A3ACD
12,O,F6EE4DC41A299593
12,O,83EB94899B6BBB4B
12,O,5F60283656DF3016
12,O,576538E1395C8508
12,O,F388A6F066DE4562
12,I,F388A6F066DE4562
12,I,8E8DB91C885F1230
12,I,6265ADC5B1D37D6C
12,I,2EEB9CB69FB6A58D
12,I,450A96AF1DA8E41C
12,I,F2BD88B8D506E78A
12,I,16F899DA5289900D
12,I,B96E368FC17CD0B0
12,I,420E7970087AD769
12,I,831F928D7F101526
12,I,195C509959C6A799
12,I,663688103FBA1C52
12,I,E4B28352C803EAA9
12,I,CC9AE3EF28E5725F
12,I,2D30B4FAF44D2398
12,I,296E43213D6DB624
12A,O,ACFA28064D1B2380
12A,O,36F7DCE4723C2C44
12A,O,EF5A5CD9C3A038C9
12A,O,A5E27C280260D008
12A,O,B0095CE9771BFC17
12A,O,B9CC4872480304AA
12A,O,E80A3E968CCEEFF7
12A,O,4960882151DB05E0
12A,O,411A32C9BBF53857
12A,O,489A72B19BE37AE1
12A,O,A91745D47D69FF05
12A,O,6F357BC5B6EF7647
12A,O,2F7C67769B9FB896
12A,O,121EAC1C0D7D77BE
12A,O,CC6ED4BD466C1CB0
12A,O,0A72152D4873A5C7
12A,O,60F1DDDCB555E319
12A,O,BF0AC2C1EDAB5E28
12A,O,242DFDBDBFA2034A
12A,O,EF568D9658FEF62C
12A,O,CC14CF9E8A163F34
12A,O,CC9AE3EF28E5725F
12A,O,D3F3BE8469B2F179
12A,I,D3F3BE8469B2F179
12A,I,5FBC215F6F58AC98
12A,I,7B3074F34B2D6D01
12A,I,98AB21EAFF27FE09
12A,I,0D7B059BFF6CA5E2
12A,I,8D386F5D210C3439
12A,I,A80D9E7FA0C070E6
12A,I,32CCEDBCC9EAAA9E
12A,I,2751781A6F757C5D
12A,I,6045969736940272
12A,I,38A53BACD13CD0C8
12A,I,C4F65410A7A2E8B6
12A,I,1E58DF8CAD59712E
12A,I,8CD1D697477E50D0
12A,I,F6E296480D3481A2
12A,I,25455FDE268CF605
12A,I,C1AFF00AC64F457A
12A,I,5396072459507B7F
12A,I,C048D4CF6ED36C7A
12A,I,68A8F08ABC5C90F0
12A,I,91929D42214F3D7F
12A,I,97B7EC0354E020B7
12A,I,ED03E689B88CE0E8
12A,I,438AFA4E9E76C953
12A,I,ACFA28064D1B2380
12P,O,296E43213D6DB624
12P,O,32CB1FBDCB7932A6
12P,O,CCAD6B9A4B1CFFD8
12P,O,1BD82E4312536F0C
12P,O,5FBC215F6F58AC98
12P,O,A411F9374FB2879B
12P,O,7EC4B2C80047770A
12P,O,9B62732E0E1E537C
12P,O,029EA5F3C2AEFBC9
12P,O,6E4C75B59DEF3D89
12P,O,DED3339EB26494EA
12P,O,577633405E7A3ACD
12P,O,F6EE4DC41A299593
12P,O,83EB94899B6BBB4B
12P,O,5F60283656DF3016
12P,O,576538E1395C8508
12P,O,1864222D8939BD69
12P,O,95FAB1D2AD752ECE
12P,O,505D36136FD57784
13,O,005FD6D24F6AFA36
13,O,D456864A2E0933B2
13,O,FA9F1DB955870000
13,O,1DB8D58C023AFD4D
13,O,21F97AD41821FC73
13,O,EA2CFF27310EAEC3
13,O,93084A14AE624C6F
13,O,A8CE52F4450FE939
13,O,41E81A921D79F375
13,O,BFF2560B1C1687B2
13,O,0CA3C6C38D2F3F75
13,O,FAF9EF8853A3B65E
13,O,C9F3531BB5050372
13,O,F140654A12BA066A
13,O,44DE41D495197976
13,O,0A87C29A2B460C96
13,O,ED5554C57CF0061C
13,O,4D9419874306D82F
13,O,D625B0997C3DBCFE
13,O,E9468D2AE13C3F39
13,O,EC45A4372B661DDE
13,O,D7EDDEA5A942843B
13,O,A7F679945ED1DB31
13,O,88DF3B36087267EB
13,O,98735B91CBE6B102
13,O,300D1812E3A085C3
13,O,3DE979ACCBF8988B
13,O,5CA7841E84D52C8A
13,O,22138E6C8051FDBD
13,O,3B8B261C1DA409BD
13,O,9DA7325E4238402B
13,O,195C509959C6A799
13,O,663688103FBA1C52
13,O,242DFDBDBFA2034A
13,O,E05F8589B0529DE3
13,O,2643152EC74E1168
13,I,2643152EC74E1168
13,I,4AFCFC726ADBD5F7
13,I,E3B464760B6ADF30
13,I,ADA4B4F4B604885B
13,I,9364661BEAC5B8D0
13,I,9A773DDB814933C1
13,I,A411F9374FB2879B
13,I,5A0D9C9441ED6AC5
13,I,9BF9C994F2DAE15D
13,I,B76B249D3D253008
13,I,A7F35DC09E1A1528
13,I,0F4DB224F8A8FF9C
13,I,DE56F722C9293A68
13,I,D01D18C6EB79F84B
13,I,A72D15160CC3AF31
13,I,8D5C58075D3C1003
13,I,B0DDF2CD704116C8
13,I,6C1DEF32B8CB92C4
13,I,161B32AD4C6996AD
13,I,6965D1D655C2DD5F
13,I,E99D3F96A9F7B5EB
13,I,7210357910C44570
13,I,3D717F0365D5505B
13,I,811D4A91C1134CEA
13,I,100E6F60BAC1BDEB
13,I,F60097D67F33DC0C
13,I,5B49CF04EAB59906
13,I,921C19F6147C74A6
13,I,47C3597662B81B47
13,I,7EF64469471FE344
13,I,0A03521DFD20FEA9
13,I,DD5B5646768C5F09
13,I,7ABD55FC15C048F0
13,I,C3201264CC8E5C5D
13,I,C8830886D41FB5FA
13,I,D9ABBD996944C4D3
13,I,D83C4CC1305E35E9
13,I,1FBAAE29AF1CA50E
13,I,466BC4C1908A1A06
13,I,5996115DCAE8C603
13,I,0BACBE7BF15833EC
13,I,CABB1AAE412C6049
13,I,3F64427262A691C1
13,I,005FD6D24F6AFA36
13D,O,22CB038A9BD2C25C
13D,O,93084A14AE624C6F
13D,O,D17050E8964504BB
13D,O,04DDF4F7F1C74876
13D,O,D6F16850DA906373
13D,O,2BB6115BF9346B34
13D,O,6765DD696FA8BF8D
13D,O,CE097C48CCAE22C9
13D,O,6CF34EF02CDBE26B
13D,O,AE2A9F719AB5E353
13D,O,04BED071257A601F
13D,O,DBEA3F848C7981F2
13D,O,84BACA14B0C50790
13D,O,9C4CA9F8953C0C88
13D,O,44DE41D495197976
13D,O,0A87C29A2B460C96
13D,O,ED5554C57CF0061C
13D,O,4D9419874306D82F
13D,O,D625B0997C3DBCFE
13D,O,E9468D2AE13C3F39
13D,O,3B8776600A4384D1
13D,O,D7EDDEA5A942843B
13D,O,2F3C9727D9186DAB
13D,O,8023E1026EA356F7
13D,O,98735B91CBE6B102
13D,O,300D1812E3A085C3
13D,O,3DE979ACCBF8988B
13D,O,5CA7841E84D52C8A
13D,O,22138E6C8051FDBD
13D,O,7FC13D26792F63F9
13D,O,A57A5808D5BD6D64
13D,O,22CB038A9BD2C25C
13D,O,93084A14AE624C6F
13D,O,D17050E8964504BB
13D,O,04DDF4F7F1C74876
13D,O,D6F16850DA906373
13D,O,2BB6115BF9346B34
13D,O,6765DD696FA8BF8D
13D,O,CE097C48CCAE22C9
13D,O,6CF34EF02CDBE26B
13D,O,AE2A9F719AB5E353
13D,O,04BED071257A601F
13D,O,DBEA3F848C7981F2
13D,O,84BACA14B0C50790
13D,O,9C4CA9F8953C0C88
13D,O,44DE41D495197976
13D,O,0A87C29A2B460C96
13D,O,ED5554C57CF0061C
13D,O,4D9419874306D82F
13D,O,D625B0997C3DBCFE
13D,O,E9468D2AE13C3F39
13D,O,3B8776600A4384D1
13D,O,D7EDDEA5A942843B
13D,O,2F3C9727D9186DAB
13D,O,8023E1026EA356F7
13D,O,98735B91CBE6B102
13D,O,300D1812E3A085C3
13D,O,3DE979ACCBF8988B
13D,O,5CA7841E84D52C8A
13D,O,22138E6C8051FDBD
13D,O,3B8B261C1DA409BD
13D,O,9DA7325E4238402B
13D,O,195C509959C6A799
13D,O,B31576A5B6E630FE
13D,O,A57A5808D5BD6D64
13D,I,A57A5808D5BD6D64
13D,I,5A0D9C9441ED6AC5
13D,I,9BF9C994F2DAE15D
13D,I,B76B249D3D253008
13D,I,A7F35DC09E1A1528
13D,I,0F4DB224F8A8FF9C
13D,I,D060669C0A3DD8D1
13D,I,D01D18C6EB79F84B
13D,I,A72D15160CC3AF31
13D,I,8D5C58075D3C1003
13D,I,B0DDF2CD704116C8
13D,I,6C1DEF32B8CB92C4
13D,I,161B32AD4C6996AD
13D,I,6965D1D655C2DD5F
13D,I,E99D3F96A9F7B5EB
13D,I,7210357910C44570
13D,I,7EC2A04EAD230873
13D,I,100E6F60BAC1BDEB
13D,I,F60097D67F33DC0C
13D,I,830588EB9A8D26EC
13D,I,5358062C769CEC05
13D,I,3CE7B5D1EBF9C5F7
13D,I,750ADEB14D018CF7
13D,I,49229D04FCA51B61
13D,I,6530130BE25E909C
13D,I,3093477EA64DDA89
13D,I,E61F9EA5AEE1EFE0
13D,I,BBBDC092F96C0A41
13D,I,4A14A012710E80B1
13D,I,25D24692B2A312FB
13D,I,6F106FD26B684372
13D,I,A078E2CAF27A699C
13D,I,D83C4CC1305E35E9
13D,I,1FBAAE29AF1CA50E
13D,I,22CB038A9BD2C25C
13M,O,C1DAF9F8B637B776
13M,O,2437897A21642D85
13M,O,CED060CB0E89E2B3
13M,O,F9210821429F55B6
13M,O,DE925628D8747F6D
13M,O,D3FEF85E4DAEEE4E
13M,O,C3201264CC8E5C5D
13M,O,C8830886D41FB5FA
13M,O,D9ABBD996944C4D3
13M,O,D83C4CC1305E35E9
13M,O,1FBAAE29AF1CA50E
13M,O,A2229DD958391455
13M,O,3C0AF6BA82588E2F
13M,O,F8DEE1D5F9A349AD
13M,O,4A14A012710E80B1
13M,O,25D24692B2A312FB
13M,O,6F106FD26B684372
13M,O,26305AF62FBEE2BC
13M,O,28A55D04DC72B1EA
13M,O,41E81A921D79F375
13M,O,04B6438688E12AC0
13M,O,073C44CE5FF431BC
13M,O,42B4DEF46BB30887
13M,O,C1DAF9F8B637B776
13M,O,A2229DD958391455
13M,O,25863CD2A364E72F
13M,O,F36DEB05146E271D
13P,O,A2229DD958391455
13P,O,93084A14AE624C6F
13P,O,D17050E8964504BB
13P,O,04DDF4F7F1C74876
13P,O,D6F16850DA906373
13P,O,2BB6115BF9346B34
13P,O,6765DD696FA8BF8D
13P,O,CE097C48CCAE22C9
13P,O,04B6438688E12AC0
13P,O,AE2A9F719AB5E353
13P,O,04BED071257A601F
13P,O,015AD27DAC83E698
13P,O,CC811B604DD883AE
13P,O,8570495BD7C63C02
13P,O,ED5554C57CF0061C
13P,O,300D1812E3A085C3
13P,O,3DE979ACCBF8988B
13P,O,99256D08CF861BA5
13P,O,3CE4A2049409A6DD
13P,O,E6ED785726AED4AE
13P,O,C13E41666B5A1394
13P,O,C6E9CA12DCD8F695
13P,O,7C5377EE48AA1E91
13X,O,8B6421F5CD63D612
13X,O,3C0AF6BA82588E2F
13X,O,F8DEE1D5F9A349AD
13X,O,4A14A012710E80B1
13X,O,3216F11DA45B80D7
13X,O,6F106FD26B684372
13X,O,26305AF62FBEE2BC
13X,O,A8CE52F4450FE939
13X,O,41E81A921D79F375
13X,O,BFF2560B1C1687B2
13X,O,0CA3C6C38D2F3F75
13X,O,FAF9EF8853A3B65E
13X,O,EDFC39232C98E301
13X,O,449F6831A832F1F3
13X,O,3E54E8AF4083B065
13X,O,3F4B54625D1F9E48
13X,O,F663E12DC37F3C5A
13X,O,D2B43459063F53DB
13X,O,7995F69FE44D0DB3
13X,O,F90ED764C7A95649
13X,O,041DFA7A1729D20C
13X,O,5CCBD9A6B58BF20D
13X,O,A37F8CF766FCF9F3
13X,O,EAE9158BE729E917
13X,O,D2217D7746597D10
13X,O,576538E1395C8508
13X,O,1864222D8939BD69
13X,O,E74C9012605BA534
13X,O,8B6421F5CD63D612
13X,O,3C0AF6BA82588E2F
13X,O,F8DEE1D5F9A349AD
13X,O,4A14A012710E80B1
13X,O,3216F11DA45B80D7
13X,O,6F106FD26B684372
13X,O,26305AF62FBEE2BC
13X,O,A8CE52F4450FE939
13X,O,41E81A921D79F375
13X,O,BFF2560B1C1687B2
13X,O,0CA3C6C38D2F3F75
13X,O,FAF9EF8853A3B65E
13X,O,EDFC39232C98E301
13X,O,449F6831A832F1F3
13X,O,3E54E8AF4083B065
13X,O,29ED2073D6C52B5A
13X,O,F90ED764C7A95649
13X,O,041DFA7A1729D20C
13X,O,5CCBD9A6B58BF20D
13X,O,A37F8CF766FCF9F3
13X,O,EAE9158BE729E917
13X,O,D2217D7746597D10
13X,O,576538E1395C8508
13X,O,1864222D8939BD69
13X,O,E74C9012605BA534
13X,O,534DB02642325617
13X,O,79E1F84E966F6113
13X,O,E905F8E518AE17B6
13X,O,24AD2532770CF399
13X,O,5564FED01546FF23
13X,O,449F6831A832F1F3
13X,O,3E54E8AF4083B065
13X,O,29ED2073D6C52B5A
13X,O,F90ED764C7A95649
13X,O,5CCBD9A6B58BF20D
13X,O,A37F8CF766FCF9F3
13X,O,EAE9158BE729E917
13X,O,D2217D7746597D10
13X,O,576538E1395C8508
13X,O,1864222D8939BD69
13X,O,E74C9012605BA534
13X,O,8B6421F5CD63D612
13X,O,3C0AF6BA82588E2F
13X,O,F8DEE1D5F9A349AD
13X,O,4A14A012710E80B1
13X,O,3216F11DA45B80D7
13X,O,6F106FD26B684372
13X,O,26305AF62FBEE2BC
13X,O,A8CE52F4450FE939
13X,O,41E81A921D79F375
13X,O,BFF2560B1C1687B2
13X,O,0CA3C6C38D2F3F75
13X,O,FAF9EF8853A3B65E
13X,O,EDFC39232C98E301
13X,O,449F6831A832F1F3
13X,O,3E54E8AF4083B065
13X,O,29ED2073D6C52B5A
13X,O,F90ED764C7A95649
13X,O,5CCBD9A6B58BF20D
13X,O,A37F8CF766FCF9F3
13X,O,EAE9158BE729E917
13X,O,D2217D7746597D10
13X,O,576538E1395C8508
13X,O,1864222D8939BD69
13X,O,E74C9012605BA534
13X,I,E74C9012605BA534
13X,I,BEEBDDB542A7E709
13X,I,48184733EFE9D3E3
13X,I,243A28F74F73A045
13X,I,1F2E60EDB4254D30
13X,I,D066F149BE3A1D28
13X,I,1B9CA570385CC6F2
13X,I,E5E7111594073DE2
13X,I,B0668BFF6178BA0B
13X,I,060241561E537FB5
13X,I,AA97FFC49AE957A5
13X,I,416B7606A9A5FEEB
13X,I,D4707218581C0F72
13X,I,B68FB7076BB07A22
13X,I,553D370FA21F7DA4
13X,I,72999453ECAC4693
13X,I,09B6F28D05DA00F4
13X,I,AA26D9F25826AA4A
13X,I,FBE38593BDEB0802
13X,I,921C19F6147C74A6
13X,I,47C3597662B81B47
13X,I,7EF64469471FE344
13X,I,0A03521DFD20FEA9
13X,I,DD5B5646768C5F09
13X,I,7ABD55FC15C048F0
13X,I,C3201264CC8E5C5D
13X,I,C8830886D41FB5FA
13X,I,D9ABBD996944C4D3
13X,I,D17050E8964504BB
13X,I,04DDF4F7F1C74876
13X,I,BF08F9C08BB54A2B
13X,I,5FF5FCFD1121F033
13X,I,B809C24DC8C87767
13X,I,3BA4DBB4520188DF
13X,I,8B6421F5CD63D612
13X,I,E74C9012605BA534
13X,I,BEEBDDB542A7E709
13X,I,48184733EFE9D3E3
13X,I,243A28F74F73A045
13X,I,1F2E60EDB4254D30
13X,I,D066F149BE3A1D28
13X,I,1B9CA570385CC6F2
13X,I,E5E7111594073DE2
13X,I,B0668BFF6178BA0B
13X,I,060241561E537FB5
13X,I,AA97FFC49AE957A5
13X,I,416B7606A9A5FEEB
13X,I,C4AF473A49643363
13X,I,921C19F6147C74A6
13X,I,47C3597662B81B47
13X,I,7EF64469471FE344
13X,I,0A03521DFD20FEA9
13X,I,DD5B5646768C5F09
13X,I,7ABD55FC15C048F0
13X,I,C3201264CC8E5C5D
13X,I,C8830886D41FB5FA
13X,I,D9ABBD996944C4D3
13X,I,D17050E8964504BB
13X,I,04DDF4F7F1C74876
13X,I,BF08F9C08BB54A2B
13X,I,5FF5FCFD1121F033
13X,I,B809C24DC8C87767
13X,I,3BA4DBB4520188DF
13X,I,8B6421F5CD63D612
14,O,A41B940A93D63D60
14,O,500EB63FD4A41F66
14,O,3EAFE91BF6223FA6
14,O,40FF132FB8E77051
14,O,B08CA4B3CDCF142A
14,O,72155034783E2E96
14,O,6C6B36F7550907CE
14,O,47266DB98060A64E
14,O,FDFA7692A141612F
14,O,5E12682DB792D6DA
14,O,60D0B9706B352D1C
14,O,C2AA10A9751D3692
14,O,EC757345195E6EAC
14,O,427A1FF65094D4D0
14,O,B4B94159F6B89A6B
14,O,D1AAD1771F3FA9A0
14,O,C80FB453C9F53569
14,O,1C79BF0732EDBD9C
14,O,225F00F550C301AE
14,O,F5795A904B483F33
14,O,57DFE7792042405B
14,O,7CC8FC8889FF1596
14,O,DF4F6B54816F5172
14,O,190F209646059000
14,O,F053C0080D5D5B62
14,O,076E1E9D5874C41D
14,O,D06E5A5B162EF1BA
14,O,9D843189602DE04F
14,I,9D843189602DE04F
14,I,450A96AF1DA8E41C
14,I,4C49804674904130
14,I,8864CF7D3E4B1EF6
14,I,3CB94742E4B5E3E5
14,I,33033960343A57A8
14,I,E37FF663075361FE
14,I,C9051FC04690CD7F
14,I,1D093403B1F24DF7
14,I,9C1D2401E1E06544
14,I,47B6BE5FC95C2042
14,I,EBE826ABDCE44F0C
14,I,0C063E408709A8D3
14,I,811D4A91C1134CEA
14,I,100E6F60BAC1BDEB
14,I,BA03816A38B9DA7F
14,I,4BD5CE5106BB0697
14,I,6465DE9EE57F6C94
14,I,3E73B73B12E25DCF
14,I,38B86AC474D1060D
14,I,0B8C52E4C34E3B64
14,I,144E9479168069DD
14,I,F36C1B3AC57D96FA
14,I,B1B0E08245C0FC15
14,I,C84DC1927320A4AD
14,I,0F9D050D4229C0F7
14,I,19171A194D7507D5
14,I,A41B940A93D63D60
14B,O,F4B32081147E47C0
14B,O,5358062C769CEC05
14B,O,3CE7B5D1EBF9C5F7
14B,O,750ADEB14D018CF7
14B,O,49229D04FCA51B61
14B,O,B5CB3F0D26BBBD03
14B,O,144E9479168069DD
14B,O,F36C1B3AC57D96FA
14B,O,B1B0E08245C0FC15
14B,O,9C839C3824F47A6A
14B,O,CB4BB0008A87E4FC
14B,O,40FF132FB8E77051
14B,O,B08CA4B3CDCF142A
14B,O,84F4FB113301C3B6
14B,O,56E62E497943CFAA
14B,O,09CFF9F9E78A6B17
14B,O,F4B32081147E47C0
14B,O,5358062C769CEC05
14B,O,3CE7B5D1EBF9C5F7
14B,O,750ADEB14D018CF7
14B,O,49229D04FCA51B61
14B,O,B5CB3F0D26BBBD03
14B,O,144E9479168069DD
14B,O,F36C1B3AC57D96FA
14B,O,B1B0E08245C0FC15
14B,O,9C839C3824F47A6A
14B,O,CB4BB0008A87E4FC
14B,O,40FF132FB8E77051
14B,O,B08CA4B3CDCF142A
14B,O,84F4FB113301C3B6
14B,I,84F4FB113301C3B6
14B,I,C33442BEF9C1B280
14B,I,19171A194D7507D5
14B,I,5309D748976029CB
14B,I,3C6DAB7267F9E54F
14B,I,ADE2159E78D37819
14B,I,6C6B36F7550907CE
14B,I,5B04604E989BBDF0
14B,I,70F41B968EA8E456
14B,I,9BABE6579EB241FA
14B,I,DBEA3F848C7981F2
14B,I,84BACA14B0C50790
14B,I,9C4CA9F8953C0C88
14B,I,F4B32081147E47C0
14D,O,0D8135B0D81F29A1
14D,O,5309D748976029CB
14D,O,3C6DAB7267F9E54F
14D,O,ADE2159E78D37819
14D,O,2E2AD8BFE00F9FAB
14D,O,F85916921D80C45A
14D,O,1472CA699A47EE46
14D,O,B7082198F517B1E8
14D,O,93084A14AE624C6F
14D,O,D17050E8964504BB
14D,O,04DDF4F7F1C74876
14D,O,1743738D38C82831
14D,O,3ABDE54448D1E059
14D,O,0511A6AC2CBC9A21
14D,O,2CFCDB6EA2892637
14D,O,616FE33CD20DB62E
14D,O,CEFFBCE5203D152B
14D,O,8571BCC3A3E4006E
14D,O,D9896F1A5B7C97C0
14D,O,3BA9C90738A8600D
14D,O,54733D2BB5BE7121
14D,O,9241EFF6313B41E8
14D,O,84F4FB113301C3B6
14D,O,ECBD286CC9ED9549
14D,O,DEB36380E32DCD53
14D,O,FA246A7F26F12EDD
14D,O,5ACB622335DF5AE7
14D,O,B7082198F517B1E8
14D,O,93084A14AE624C6F
14D,O,D17050E8964504BB
14D,O,04DDF4F7F1C74876
14D,O,1743738D38C82831
14D,O,3ABDE54448D1E059
14D,O,0511A6AC2CBC9A21
14D,O,2CFCDB6EA2892637
14D,O,616FE33CD20DB62E
14D,O,CEFFBCE5203D152B
14D,O,8571BCC3A3E4006E
14D,O,D9896F1A5B7C97C0
14D,O,3BA9C90738A8600D
14D,O,54733D2BB5BE7121
14D,O,9241EFF6313B41E8
14D,I,9241EFF6313B41E8
14D,I,5CD4C77378D3A4AE
14D,I,9A16E73DC0B9AF6C
14D,I,7B9D5D0407DB14D3
14D,I,BF4620B0CD0B9D45
14D,I,484F835517494767
14D,I,6E113B962058A553
14D,I,E308599CF719FE37
14D,I,4A14A012710E80B1
14D,I,25D24692B2A312FB
14D,I,6F106FD26B684372
14D,I,D83C4CC1305E35E9
14D,I,13A8D09F9E444BF3
14D,I,DA29C9192B8D12DC
14D,I,1107CC28F2631CCB
14D,I,3EF537320681EE89
14D,I,9C839C3824F47A6A
14D,I,CB4BB0008A87E4FC
14D,I,AFE8CE5FCE951B89
14D,I,500EB63FD4A41F66
14D,I,0D8135B0D81F29A1
14H,O,D024B008AB77435B
14H,O,40FF132FB8E77051
14H,O,B08CA4B3CDCF142A
14H,O,CF18D17DE7B40350
14H,O,ECBD286CC9ED9549
14H,O,DEB36380E32DCD53
14H,O,FA246A7F26F12EDD
14H,O,5ACB622335DF5AE7
14H,O,DA29C9192B8D12DC
14H,O,6491C7B3E4DAD76D
14H,O,1E27754A297197EC
14H,O,6C6B36F7550907CE
14H,O,5B04604E989BBDF0
14H,O,F36DEB05146E271D
14H,O,B314CF2831F9C5F1
14H,O,3093477EA64DDA89
14H,O,E61F9EA5AEE1EFE0
14H,O,0511A6AC2CBC9A21
14H,O,6E113B962058A553
14H,O,62F953A6FC5652BE
14H,O,10A6BEC26CE598E8
14H,O,8571BCC3A3E4006E
14H,O,927CE95D5C98C195
14H,O,F1B974EDD8C15DBC
14H,O,DD5B5646768C5F09
14H,O,6CF34EF02CDBE26B
14H,O,C6E63C45FF2EA573
14H,O,3673A01280621EC2
14H,O,144E9479168069DD
14H,O,F36C1B3AC57D96FA
14H,O,B1B0E08245C0FC15
14H,O,2E2AD8BFE00F9FAB
14H,O,3CB982FBC9E50AAA
14H,O,F85916921D80C45A
14H,O,1EF0671DB830C59D
14H,O,3144CE950CE29C80
14H,O,543FD8B6C65D1C4C
14H,O,316BB2C947568585
14H,O,3E862B92873F5811
14H,O,57A0D4D6D4D57497
14H,O,0F9D050D4229C0F7
14H,O,19171A194D7507D5
14H,O,D024B008AB77435B
14S,O,74CBD919F18ACF61
14S,O,2F7B146C55B013F8
14S,O,E0EEA7891A0FCD50
14X,O,F7E9B87F47F0A3F9
14X,O,27CD14DCDF87F746
14X,O,3EAFE91BF6223FA6
14X,O,40FF132FB8E77051
14X,O,B08CA4B3CDCF142A
14X,O,72155034783E2E96
14X,O,6C6B36F7550907CE
14X,O,47266DB98060A64E
14X,O,179C182ADEF1070D
14X,O,D39533060940818A
14X,O,14894C859FDFE8C3
14X,O,7A95C545D0393126
14X,O,5CCBD9A6B58BF20D
14X,O,A37F8CF766FCF9F3
14X,O,EAE9158BE729E917
14X,O,D2217D7746597D10
14X,O,0840B3F75A7B00BD
14X,O,C175ACB534E8C15C
14X,O,E46A9F0C0CB609F5
14X,O,E45CFAB2E6E4C8FE
14X,O,AA97FFC49AE957A5
14X,O,BE27F066CF40DF7D
14X,O,07521BB848913F74
14X,O,3CE7B5D1EBF9C5F7
14X,O,38B86AC474D1060D
14X,O,0B8C52E4C34E3B64
14X,O,144E9479168069DD
14X,O,F36C1B3AC57D96FA
14X,O,B1B0E08245C0FC15
14X,O,C84DC1927320A4AD
14X,O,0F9D050D4229C0F7
14X,O,19171A194D7507D5
14X,O,AFE8CE5FCE951B89
14X,O,BEFAD7DB0A750CDF
14X,O,A3B11321D2A974B2
14X,O,0F5E58C7890F7A70
14X,O,F7E9B87F47F0A3F9
15,O,B3B4603C5AD48682
15,O,9D676B8892807F9D
15,O,6491C7B3E4DAD76D
15,O,A75AAAA36A33C563
15,O,3EF537320681EE89
15,O,6C6B36F7550907CE
15,O,47266DB98060A64E
15,O,FDFA7692A141612F
15,O,5E12682DB792D6DA
15,O,60D0B9706B352D1C
15,O,C2AA10A9751D3692
15,O,EC757345195E6EAC
15,O,427A1FF65094D4D0
15,O,B4B94159F6B89A6B
15,O,D1AAD1771F3FA9A0
15,O,C80FB453C9F53569
15,O,2A01E3163DF9A954
15,O,F6E296480D3481A2
15,O,225F00F550C301AE
15,O,7F864B82461F638D
15,O,AFEFDF25A955C72C
15,O,97B7EC0354E020B7
15,O,ED03E689B88CE0E8
15,O,3D47C2B2D3342C85
15,O,EB1702F877E4D077
15,O,C39037A588387F32
15,O,89F019B78B7D8304
15,O,12C9A74EEAE58238
15,I,12C9A74EEAE58238
15,I,36F7DCE4723C2C44
15,I,EF5A5CD9C3A038C9
15,I,A5E27C280260D008
15,I,B9343464EDE68947
15,I,8A25BDD80CA7201C
15,I,C9051FC04690CD7F
15,I,1D093403B1F24DF7
15,I,9C1D2401E1E06544
15,I,47B6BE5FC95C2042
15,I,EBE826ABDCE44F0C
15,I,0C063E408709A8D3
15,I,811D4A91C1134CEA
15,I,100E6F60BAC1BDEB
15,I,BA03816A38B9DA7F
15,I,4BD5CE5106BB0697
15,I,6465DE9EE57F6C94
15,I,3E73B73B12E25DCF
15,I,38B86AC474D1060D
15,I,0B8C52E4C34E3B64
15,I,144E9479168069DD
15,I,7459D3AB11AFD6B5
15,I,2E2AD8BFE00F9FAB
15,I,3CB982FBC9E50AAA
15,I,F49FA120DE5E6582
15,I,1EF0671DB830C59D
15,I,23727783D2D3E994
15,I,EF17FDCDDF170D38
15,I,B3B4603C5AD48682
15A,O,9B6A35DE470F8064
15A,O,9D676B8892807F9D
15A,O,6491C7B3E4DAD76D
15A,O,1107CC28F2631CCB
15A,O,3EF537320681EE89
15A,O,2EF9764BE18FC290
15A,O,5B04604E989BBDF0
15A,O,F36DEB05146E271D
15A,O,1E3A342DF7D5B8B5
15A,O,83BB162ED5F1355F
15A,O,D39533060940818A
15A,O,14894C859FDFE8C3
15A,O,A1C35E976ACF46FD
15A,O,9268B442F0C2807E
15A,O,3F4B54625D1F9E48
15A,O,F663E12DC37F3C5A
15A,O,D2B43459063F53DB
15A,O,7995F69FE44D0DB3
15A,O,38807E0A7C24085C
15A,O,AD0B5EFA2471962C
15A,O,E41318CD5899D680
15A,O,88E23CD2F1AB7AF9
15A,O,95469C16A97DC98E
15A,O,652AA124E97768EF
15A,O,6B582CAEDE8FBDEF
15A,O,63F9F0AFDF272DBA
15A,I,63F9F0AFDF272DBA
15A,I,A9E1D35DB7FC7C7B
15A,I,C185612B431B197A
15A,I,E778E67CBC095B0C
15A,I,2FBEE4E1965D7EF5
15A,I,95067FE712E8ACEA
15A,I,8C05A4807E4601AC
15A,I,E81E4649EB1D5B02
15A,I,2150919C68CAE98E
15A,I,279C78D8C04A83BB
15A,I,5C473EE9644E7392
15A,I,B68FB7076BB07A22
15A,I,553D370FA21F7DA4
15A,I,72999453ECAC4693
15A,I,09B6F28D05DA00F4
15A,I,AA26D9F25826AA4A
15A,I,9A0959AB68FA5E1F
15A,I,94358F5481BAE505
15A,I,07521BB848913F74
15A,I,5D8FCEF2915882FD
15A,I,C2605DED84199B84
15A,I,CF579AAA2A4E506C
15A,I,0B8C52E4C34E3B64
15A,I,36385EAEB9B9D091
15A,I,144E9479168069DD
15A,I,7459D3AB11AFD6B5
15A,I,2E2AD8BFE00F9FAB
15A,I,3CB982FBC9E50AAA
15A,I,F49FA120DE5E6582
15A,I,1EF0671DB830C59D
15A,I,23727783D2D3E994
15A,I,EF17FDCDDF170D38
15A,I,9B6A35DE470F8064
15X,O,8FAF102A11AB6C80
15X,O,736E84A8060D2AB9
15X,O,CB4B52222877C32F
15X,O,6B9496267BEFF02A
15X,O,5ACB622335DF5AE7
15X,O,DA29C9192B8D12DC
15X,O,6491C7B3E4DAD76D
15X,O,A75AAAA36A33C563
15X,O,3EF537320681EE89
15X,O,6C6B36F7550907CE
15X,O,47266DB98060A64E
15X,O,FDFA7692A141612F
15X,O,7A95C545D0393126
15X,O,D46ED62A04D37ECE
15X,O,68A8F08ABC5C90F0
15X,O,AFEFDF25A955C72C
15X,O,906508C26C6B89EC
15X,O,8D5FB973BE9429B4
15X,O,AD803E8A0ED6C3B9
15X,O,98F5ACF0CF540E7C
15X,O,AE264B401D72411A
15X,I,430B9D9C6AFF364D
15X,I,EF5A5CD9C3A038C9
15X,I,A5E27C280260D008
15X,I,B9343464EDE68947
15X,I,8A25BDD80CA7201C
15X,I,C9051FC04690CD7F
15X,I,1D093403B1F24DF7
15X,I,9C1D2401E1E06544
15X,I,4BD5CE5106BB0697
15X,I,6465DE9EE57F6C94
15X,I,3E73B73B12E25DCF
15X,I,5C6F557AA652B05C
15X,I,38B86AC474D1060D
15X,I,0B8C52E4C34E3B64
15X,I,144E9479168069DD
15X,I,F36C1B3AC57D96FA
15X,I,B1B0E08245C0FC15
15X,I,2E2AD8BFE00F9FAB
15X,I,3CB982FBC9E50AAA
15X,I,F85916921D80C45A
15X,I,1EF0671DB830C59D
15X,I,3144CE950CE29C80
15X,I,543FD8B6C65D1C4C
15X,I,316BB2C947568585
15X,I,3E862B92873F5811
15X,I,57A0D4D6D4D57497
15X,I,215D99B3E2A5F8DD
16,O,92AA28BBE48D6B2E
16,O,ECBD286CC9ED9549
16,O,DEB36380E32DCD53
16,O,FA246A7F26F12EDD
16,O,5ACB622335DF5AE7
16,O,B7082198F517B1E8
16,O,F36DEB05146E271D
16,O,015AD27DAC83E698
16,O,7380707A36C032B9
16,O,52AE04E9C3E77BE1
16,O,CC811B604DD883AE
16,O,8570495BD7C63C02
16,O,0A87C29A2B460C96
16,O,ED5554C57CF0061C
16,O,4D9419874306D82F
16,O,D625B0997C3DBCFE
16,O,E9468D2AE13C3F39
16,O,3B8776600A4384D1
16,O,D7EDDEA5A942843B
16,O,2F3C9727D9186DAB
16,O,8023E1026EA356F7
16,O,8C44D48B9BAAB774
16,O,300D1812E3A085C3
16,O,3DE979ACCBF8988B
16,O,5CA7841E84D52C8A
16,O,22138E6C8051FDBD
16,O,405DE12B9200AD9F
16,O,145515B1D2C60CAF
16,O,173B9ED2BF5D995C
16,O,657899B3C4E4F4A5
16,O,9D676B8892807F9D
16,O,1472CA699A47EE46
16,O,B7082198F517B1E8
16,O,F36DEB05146E271D
16,O,015AD27DAC83E698
16,O,7380707A36C032B9
16,O,52AE04E9C3E77BE1
16,O,CC811B604DD883AE
16,O,8570495BD7C63C02
16,O,0A87C29A2B460C96
16,O,ED5554C57CF0061C
16,O,4D9419874306D82F
16,O,D625B0997C3DBCFE
16,O,E9468D2AE13C3F39
16,O,3B8776600A4384D1
16,O,D7EDDEA5A942843B
16,O,2F3C9727D9186DAB
16,O,8023E1026EA356F7
16,O,8C44D48B9BAAB774
16,O,300D1812E3A085C3
16,O,3DE979ACCBF8988B
16,O,5CA7841E84D52C8A
16,O,22138E6C8051FDBD
16,O,405DE12B9200AD9F
16,O,145515B1D2C60CAF
16,O,173B9ED2BF5D995C
16,I,173B9ED2BF5D995C
16,I,51288CE4C842111E
16,I,B76B249D3D253008
16,I,A7F35DC09E1A1528
16,I,0F4DB224F8A8FF9C
16,I,D060669C0A3DD8D1
16,I,D01D18C6EB79F84B
16,I,A72D15160CC3AF31
16,I,8D5C58075D3C1003
16,I,B0DDF2CD704116C8
16,I,6C1DEF32B8CB92C4
16,I,161B32AD4C6996AD
16,I,6965D1D655C2DD5F
16,I,EBE826ABDCE44F0C
16,I,0C063E408709A8D3
16,I,811D4A91C1134CEA
16,I,100E6F60BAC1BDEB
16,I,BA03816A38B9DA7F
16,I,4BD5CE5106BB0697
16,I,6465DE9EE57F6C94
16,I,3E73B73B12E25DCF
16,I,38B86AC474D1060D
16,I,0B8C52E4C34E3B64
16,I,2A5B424322D35B0A
16,I,ED8812E232F6958A
16,I,13A8D09F9E444BF3
16,I,3144CE950CE29C80
16,I,543FD8B6C65D1C4C
16,I,316BB2C947568585
16,I,3E862B92873F5811
16,I,57A0D4D6D4D57497
16,I,92AA28BBE48D6B2E
16M,O,0BA94B06D53CEB12
16M,O,0B8C52E4C34E3B64
16M,O,2A5B424322D35B0A
16M,O,ED8812E232F6958A
16M,O,13A8D09F9E444BF3
16M,O,DA29C9192B8D12DC
16M,O,9D676B8892807F9D
16M,O,6491C7B3E4DAD76D
16M,O,1107CC28F2631CCB
16M,O,3EF537320681EE89
16M,O,2EF9764BE18FC290
16M,O,5B04604E989BBDF0
16M,O,70F41B968EA8E456
16M,O,9BABE6579EB241FA
16M,O,0BA94B06D53CEB12
16P,O,24BFA8C2C9E9F5DB
16P,O,70CD99F4D487740A
16P,O,D39533060940818A
16P,O,14894C859FDFE8C3
16P,O,A1C35E976ACF46FD
16P,O,2F1F9CF16B9E65AF
16P,O,ED5554C57CF0061C
16P,O,4D9419874306D82F
16P,O,D625B0997C3DBCFE
16P,O,D7EDDEA5A942843B
16P,O,2F3C9727D9186DAB
16P,O,8023E1026EA356F7
16P,O,8C44D48B9BAAB774
16P,O,300D1812E3A085C3
16P,O,3DE979ACCBF8988B
16P,O,5CA7841E84D52C8A
16P,O,22138E6C8051FDBD
16P,O,405DE12B9200AD9F
16P,O,145515B1D2C60CAF
16P,O,173B9ED2BF5D995C
16P,I,173B9ED2BF5D995C
16P,I,51288CE4C842111E
16P,I,B76B249D3D253008
16P,I,A7F35DC09E1A1528
16P,I,0F4DB224F8A8FF9C
16P,I,D060669C0A3DD8D1
16P,I,D01D18C6EB79F84B
16P,I,A72D15160CC3AF31
16P,I,8D5C58075D3C1003
16P,I,B0DDF2CD704116C8
16P,I,6C1DEF32B8CB92C4
16P,I,B5AF3107F64607ED
16P,I,EBE826ABDCE44F0C
16P,I,A0EFE3E68568F194
16P,I,0C063E408709A8D3
16P,I,811D4A91C1134CEA
16P,I,75957EA713E84A37
16P,I,9A0959AB68FA5E1F
16P,I,91449853378E9F8F
16P,I,5D8FCEF2915882FD
16P,I,C2605DED84199B84
16P,I,BF8E440F5584D39D
16P,I,24BFA8C2C9E9F5DB
16X,O,92AA28BBE48D6B2E
16X,O,ECBD286CC9ED9549
16X,O,DEB36380E32DCD53
16X,O,FA246A7F26F12EDD
16X,O,5ACB622335DF5AE7
16X,O,B7082198F517B1E8
16X,O,4D9419874306D82F
16X,O,D625B0997C3DBCFE
16X,O,D7EDDEA5A942843B
16X,O,2F3C9727D9186DAB
16X,O,300D1812E3A085C3
16X,O,3DE979ACCBF8988B
16X,O,5CA7841E84D52C8A
16X,O,22138E6C8051FDBD
16X,O,405DE12B9200AD9F
16X,O,145515B1D2C60CAF
16X,O,173B9ED2BF5D995C
16X,I,173B9ED2BF5D995C
16X,I,51288CE4C842111E
16X,I,B76B249D3D253008
16X,I,A7F35DC09E1A1528
16X,I,0F4DB224F8A8FF9C
16X,I,D060669C0A3DD8D1
16X,I,D01D18C6EB79F84B
16X,I,B0DDF2CD704116C8
16X,I,6C1DEF32B8CB92C4
16X,I,B5AF3107F64607ED
16X,I,EBE826ABDCE44F0C
16X,I,0C063E408709A8D3
16X,I,13A8D09F9E444BF3
16X,I,3144CE950CE29C80
16X,I,543FD8B6C65D1C4C
16X,I,316BB2C947568585
16X,I,3E862B92873F5811
16X,I,57A0D4D6D4D57497
16X,I,92AA28BBE48D6B2E
17,O,F53701B052A07DE1
17,O,B9560CB9F6044374
17,O,5E12682DB792D6DA
17,O,60D0B9706B352D1C
17,O,D45CEDE6A9DFA30B
17,O,EC757345195E6EAC
17,O,427A1FF65094D4D0
17,O,317BECDAF11EB461
17,O,F2DE08EC0816987B
17,O,C80FB453C9F53569
17,O,C5F7AF8D65B268E4
17,O,AE2A53D953B640BE
17,O,ACD50EDB57CC1618
17,O,8111C852B4D849ED
17,O,950668CA03FE879F
17,O,7CA14768A9D3B451
17,O,4FDF5E1EC677A66C
17,O,BC3B37FDEE7EE51B
17,O,5CE1C1296F98C6C4
17,O,28D4FD61902C9392
17,O,D93BC4178BA9232A
17,O,EC757345195E6EAC
17,O,427A1FF65094D4D0
17,O,317BECDAF11EB461
17,O,F2DE08EC0816987B
17,O,C80FB453C9F53569
17,O,C5F7AF8D65B268E4
17,O,AE2A53D953B640BE
17,O,ACD50EDB57CC1618
17,O,8111C852B4D849ED
17,O,950668CA03FE879F
17,O,7CA14768A9D3B451
17,O,4FDF5E1EC677A66C
17,O,BC3B37FDEE7EE51B
17,O,5CE1C1296F98C6C4
17,O,28D4FD61902C9392
17,O,D93BC4178BA9232A
17,O,317BECDAF11EB461
17,O,F2DE08EC0816987B
17,O,C80FB453C9F53569
17,O,C5F7AF8D65B268E4
17,O,AE2A53D953B640BE
17,O,ACD50EDB57CC1618
17,O,8111C852B4D849ED
17,O,950668CA03FE879F
17,O,7CA14768A9D3B451
17,O,4FDF5E1EC677A66C
17,O,BC3B37FDEE7EE51B
17,O,5CE1C1296F98C6C4
17,O,28D4FD61902C9392
17,O,D93BC4178BA9232A
17,I,D93BC4178BA9232A
17,I,FACE6E102E2171B3
17,I,A0F2A2C5182526AA
17,I,75E163C6EB446CF2
17,I,32C7B8C7F75D2A47
17,I,7E4F1063E27B47E9
17,I,1924C09B20B8787A
17,I,2C1D3DD666AA001F
17,I,72387FDE57DCCED4
17,I,D28AA79AF38D1601
17,I,6F357BC5B6EF7647
17,I,47B6BE5FC95C2042
17,I,EBE826ABDCE44F0C
17,I,7210357910C44570
17,I,A1C65E46464147A0
17,I,100E6F60BAC1BDEB
17,I,23AF5995FEBCA8E6
17,I,8C09B3648DCDAF3C
17,I,6216EE509BD55B09
17,I,4D3C6D74F6AE8C7D
17,I,9627881F2180C5AB
17,I,F53701B052A07DE1
18,O,E16E62AB43455C80
18,O,1DE77C91B7ED381E
18,O,7B3074F34B2D6D01
18,O,98AB21EAFF27FE09
18,O,62A80759AABB1937
18,O,9A773DDB814933C1
18,O,C163B1F33533C2A9
18,O,6A225A9CB16BC4BB
18,O,3F34A16B40CB1C7F
18,O,75004E87386729D7
18,O,DE56F722C9293A68
18,O,D01D18C6EB79F84B
18,O,68A3AF80BADFDE9F
18,O,AB741CA56ABEA9F2
18,O,853C70D76FF68196
18,O,1924C09B20B8787A
18,O,987B3A45E05CD6EE
18,O,4FDF5E1EC677A66C
18,O,BC3B37FDEE7EE51B
18,O,5CE1C1296F98C6C4
18,O,3D403F8CF70C7FE4
18,O,C0ACDED85452CFC8
18,O,6E9A9467758898B7
18,O,2A9C98A6B36F3B11
18,O,7F3A1FC5F4533B4C
18,O,E907FA24426A9FD6
18,O,8C44D48B9BAAB774
18,O,300D1812E3A085C3
18,O,1B7B9EDF492B37B6
18,O,5CA7841E84D52C8A
18,O,22138E6C8051FDBD
18,O,520C9836ACAECDF9
18,O,22FE13158B36FE48
18,O,67064412B0E9D9A6
18,O,242DFDBDBFA2034A
18,O,EF568D9658FEF62C
18,O,CC14CF9E8A163F34
18,O,CC9AE3EF28E5725F
18,O,E16E62AB43455C80
19,O,5FC1356198AD471D
19,O,D456864A2E0933B2
19,O,FA9F1DB955870000
19,O,1DB8D58C023AFD4D
19,O,DFAA70BC93BC9108
19,O,8DA8A378C47A1371
19,O,E7FFA1939B4F8EB6
19,O,3BA9C90738A8600D
19,O,5D77A5CBE41F2984
19,O,AB194503D9CC9465
19,O,FC343F5E57B07FBE
19,I,FC343F5E57B07FBE
19,I,2EFDB1EADF5955E6
19,I,E7116B44D9E9393A
19,I,29740CCBBD82FC33
19,I,EC1E1868D370F3D9
19,I,1FE4FBC2DB90CF80
19,I,1FA045AFCD07D796
19,I,0BACBE7BF15833EC
19,I,CABB1AAE412C6049
19,I,3F64427262A691C1
19,I,5FC1356198AD471D
21,O,177A516A81E9DEA5
21,O,93E0033436973DA7
21,O,F6512E7C4A6D5C2E
21,O,92540DF9CB08304C
21,O,E41318CD5899D680
21,O,23362ED34834C5F0
21,O,319CA16456A9010D
21,O,2A01E3163DF9A954
21,O,F6E296480D3481A2
21,O,25455FDE268CF605
21,O,C1AFF00AC64F457A
21,O,5396072459507B7F
21,O,D46ED62A04D37ECE
21,O,68A8F08ABC5C90F0
21,O,AFEFDF25A955C72C
21,O,906508C26C6B89EC
21,O,8D5FB973BE9429B4
21,O,AD803E8A0ED6C3B9
21,O,98F5ACF0CF540E7C
21,O,9D80403C90EDFBAD
21,I,9D80403C90EDFBAD
21,I,EE5D9C9A5622C786
21,I,AC48794DF1F3332C
21,I,61C5F8F2F38B2BE3
21,I,B9CC4872480304AA
21,I,E80A3E968CCEEFF7
21,I,4960882151DB05E0
21,I,590E23621FD23B6C
21,I,F4B357B11344180D
21,I,5C6534DD562AEF61
21,I,7DF81D14A8CE574E
21,I,3FB80081AB2FF6FB
21,I,448C1B8AECA89A6E
21,I,661FEE32A0D73EB0
21,I,2196A42A8F733DB5
21,I,E7A17EFD6E7435AF
21,I,49FAC55AF9CB8272
21,I,87825C8E4FE99CD8
21,I,5CD4C77378D3A4AE
21,I,942E95B4336BDFA7
21,I,33BA3785390F1457
21,I,177A516A81E9DEA5
23,O,D1DCF0AEFDDA4EF0
23,O,9900A2A1E1FC8260
23,O,C8FD960431F7210C
23,O,B314CF2831F9C5F1
23,O,3093477EA64DDA89
23,O,E61F9EA5AEE1EFE0
23,O,0511A6AC2CBC9A21
23,O,6E113B962058A553
23,O,62F953A6FC5652BE
23,O,10A6BEC26CE598E8
23,O,8571BCC3A3E4006E
23,O,927CE95D5C98C195
23,O,F1B974EDD8C15DBC
23,O,DD5B5646768C5F09
23,O,7ABD55FC15C048F0
23,O,073C44CE5FF431BC
23,O,B5CB3F0D26BBBD03
23,O,71E3EB7E709522C7
23,O,D1DCF0AEFDDA4EF0
23,O,6E113B962058A553
23,O,62F953A6FC5652BE
23,O,10A6BEC26CE598E8
23,O,8571BCC3A3E4006E
23,O,927CE95D5C98C195
23,O,F1B974EDD8C15DBC
23,O,DD5B5646768C5F09
23,O,7ABD55FC15C048F0
23,O,073C44CE5FF431BC
23,O,B5CB3F0D26BBBD03
23,O,71E3EB7E709522C7
23,O,D1DCF0AEFDDA4EF0
23M,O,60301BE9A4D23BAC
23M,O,09CFF9F9E78A6B17
23M,O,9D431DF484149B75
23M,O,5358062C769CEC05
23M,O,3CE7B5D1EBF9C5F7
23M,O,0644E10571B8CA12
23M,O,49229D04FCA51B61
23M,O,B314CF2831F9C5F1
23M,O,E61F9EA5AEE1EFE0
23M,O,0511A6AC2CBC9A21
23M,O,6E113B962058A553
23M,O,62F953A6FC5652BE
23M,O,10A6BEC26CE598E8
23M,O,8571BCC3A3E4006E
23M,O,927CE95D5C98C195
23M,O,F1B974EDD8C15DBC
23M,O,DD5B5646768C5F09
23M,O,7ABD55FC15C048F0
23M,O,073C44CE5FF431BC
23M,O,42B4DEF46BB30887
23M,O,DBEA3F848C7981F2
23M,O,84BACA14B0C50790
23M,O,9C4CA9F8953C0C88
23M,O,921C19F6147C74A6
23M,O,47C3597662B81B47
23M,O,60301BE9A4D23BAC
23M,O,60301BE9A4D23BAC
23M,O,09CFF9F9E78A6B17
23M,O,9D431DF484149B75
23M,O,5358062C769CEC05
23M,O,3CE7B5D1EBF9C5F7
23M,O,0644E10571B8CA12
23M,O,49229D04FCA51B61
23M,O,B314CF2831F9C5F1
23M,O,E61F9EA5AEE1EFE0
23M,O,0511A6AC2CBC9A21
23M,O,6E113B962058A553
23M,O,62F953A6FC5652BE
23M,O,10A6BEC26CE598E8
23M,O,8571BCC3A3E4006E
23M,O,927CE95D5C98C195
23M,O,F1B974EDD8C15DBC
23M,O,DD5B5646768C5F09
23M,O,7ABD55FC15C048F0
23M,O,073C44CE5FF431BC
23M,O,42B4DEF46BB30887
23M,O,DBEA3F848C7981F2
23M,O,84BACA14B0C50790
23M,O,CDF0D5A4E1023C8E
23M,O,9268B442F0C2807E
23M,O,921C19F6147C74A6
23M,O,47C3597662B81B47
23M,O,60301BE9A4D23BAC
24,O,4937A56C05FABA08
24,O,AC4EEE801BB9133C
24,O,5CD6A0A0CE6B53B6
24,O,32A2D05A195364DC
24,O,C1C31D615DAA97F4
24,O,BC932662BA367CD0
24,O,E207DBF95EA7DE26
24,O,C71093B5185DF735
24,O,D625B0997C3DBCFE
24,O,67727D444E2EC42B
24,O,3161D898CD89AA38
24,O,9DBBC71CB1578A87
24,O,312CD2A987AA2773
24,O,40E8A4AA35AEB18A
24,O,55EE74AF2D1A7DAA
24,O,6F5585807DB07812
24,O,D060669C0A3DD8D1
24,O,D01D18C6EB79F84B
24,O,A72D15160CC3AF31
24,O,8D5C58075D3C1003
24,O,B0DDF2CD704116C8
24,O,6C1DEF32B8CB92C4
24,O,161B32AD4C6996AD
24,O,6965D1D655C2DD5F
24,O,BB172B3A5DAC85A4
24,O,D7A05B5BAF07A89B
24,O,3D717F0365D5505B
24,O,29759ECB92E1A91B
24,O,C44684E01A99DE4F
24,O,B48B8F12CD929F0F
24,O,72999453ECAC4693
24,O,09B6F28D05DA00F4
24,O,4937A56C05FABA08
24,O,4937A56C05FABA08
24,O,AC4EEE801BB9133C
24,O,5CD6A0A0CE6B53B6
24,O,32A2D05A195364DC
24,O,C1C31D615DAA97F4
24,O,BC932662BA367CD0
24,O,E207DBF95EA7DE26
24,O,C71093B5185DF735
24,O,D625B0997C3DBCFE
24,O,67727D444E2EC42B
24,O,3161D898CD89AA38
24,O,9DBBC71CB1578A87
24,O,312CD2A987AA2773
24,O,40E8A4AA35AEB18A
24,O,55EE74AF2D1A7DAA
24,O,6F5585807DB07812
24,O,D060669C0A3DD8D1
24,O,D01D18C6EB79F84B
24,O,A72D15160CC3AF31
24,O,8D5C58075D3C1003
24,O,B0DDF2CD704116C8
24,O,6C1DEF32B8CB92C4
24,O,161B32AD4C6996AD
24,O,6965D1D655C2DD5F
24,O,BB172B3A5DAC85A4
24,O,D7A05B5BAF07A89B
24,O,3D717F0365D5505B
24,O,29759ECB92E1A91B
24,O,C44684E01A99DE4F
24,O,B48B8F12CD929F0F
24,O,42ED08E8B1829CED
24,O,0A4AB87891ABB16A
24,O,D4707218581C0F72
24,O,327E4BC13954EA86
24,O,B0EE4F50D82034E0
24,O,9268B442F0C2807E
24,O,3F4B54625D1F9E48
24,O,4937A56C05FABA08
24,O,4937A56C05FABA08
24,O,FBE38593BDEB0802
24,O,9A0959AB68FA5E1F
24,O,91449853378E9F8F
24,O,A24F5416BCCE60F9
24,O,32A2D05A195364DC
24,O,C1C31D615DAA97F4
24,O,BC932662BA367CD0
24,O,E207DBF95EA7DE26
24,O,C71093B5185DF735
24,O,D625B0997C3DBCFE
24,O,67727D444E2EC42B
24,O,3161D898CD89AA38
24,O,9DBBC71CB1578A87
24,O,312CD2A987AA2773
24,O,40E8A4AA35AEB18A
24,O,55EE74AF2D1A7DAA
24,O,6F5585807DB07812
24,O,D060669C0A3DD8D1
24,O,D01D18C6EB79F84B
24,O,A72D15160CC3AF31
24,O,8D5C58075D3C1003
24,O,B0DDF2CD704116C8
24,O,6C1DEF32B8CB92C4
24,O,161B32AD4C6996AD
24,O,6965D1D655C2DD5F
24,O,BB172B3A5DAC85A4
24,O,D7A05B5BAF07A89B
24,O,3D717F0365D5505B
24,O,29759ECB92E1A91B
24,O,C44684E01A99DE4F
24,O,B48B8F12CD929F0F
24,O,72999453ECAC4693
24,O,09B6F28D05DA00F4
24,O,4937A56C05FABA08
26,O,DEDB881565114677
26,O,581AAE2C80571C37
26,O,C21FA8D54031D7FF
26,O,8571BCC3A3E4006E
26,O,D9896F1A5B7C97C0
26,O,3BA9C90738A8600D
26,O,29B66F2353388E18
26,O,D1AAD1771F3FA9A0
26,O,C80FB453C9F53569
26,O,C5F7AF8D65B268E4
26,O,CD1DFFC7411A44B9
26,O,3331EE733A2A3EBB
26,O,7F864B82461F638D
26,O,57DFE7792042405B
26,O,7CC8FC8889FF1596
26,O,DF4F6B54816F5172
26,O,5CCBD9A6B58BF20D
26,O,A37F8CF766FCF9F3
26,O,1DEB855D55528B03
26,O,D2217D7746597D10
26,O,5D75A800F823B45D
26,O,C175ACB534E8C15C
26,O,4139F73177AF267D
26,O,E45CFAB2E6E4C8FE
26,O,4E0D4AA802766AA3
26,I,4E0D4AA802766AA3
26,I,F2508598F5A43655
26,I,3313287185163530
26,I,89D32777124F4039
26,I,DAE7B6CB56131B50
26,I,5419928D472EAD8D
26,I,100FBBA946264714
26,I,B0668BFF6178BA0B
26,I,3CB94742E4B5E3E5
26,I,33033960343A57A8
26,I,E37FF663075361FE
26,I,4850531F57582BD9
26,I,1C02C4A92902FE95
26,I,D28AA79AF38D1601
26,I,7DF81D14A8CE574E
26,I,3FB80081AB2FF6FB
26,I,448C1B8AECA89A6E
26,I,92D1BB946193F239
26,I,D887822D673804CA
26,I,5CD4C77378D3A4AE
26,I,F065C32E9D2CB689
26,I,9A16E73DC0B9AF6C
26,I,7B9D5D0407DB14D3
26,I,BF4620B0CD0B9D45
26,I,A0AB9A2B2D648FF5
26,I,484F835517494767
26,I,DEDB881565114677
26M,O,2CFA2F3EA6304C56
26M,O,4513DF30B4CBA349
26M,O,F065C32E9D2CB689
26M,O,9A16E73DC0B9AF6C
26M,O,942084E1090F193E
26M,O,A0AB9A2B2D648FF5
26M,O,484F835517494767
26M,O,6E113B962058A553
26M,O,E308599CF719FE37
26M,O,6765DD696FA8BF8D
26M,O,DD5B5646768C5F09
26M,O,7ABD55FC15C048F0
26M,O,073C44CE5FF431BC
26M,O,B5CB3F0D26BBBD03
26M,O,B314CF2831F9C5F1
26M,O,E61F9EA5AEE1EFE0
26M,O,0511A6AC2CBC9A21
26M,O,2CFCDB6EA2892637
26M,O,616FE33CD20DB62E
26M,O,CEFFBCE5203D152B
26M,O,8571BCC3A3E4006E
26M,O,D9896F1A5B7C97C0
26M,O,3BA9C90738A8600D
26M,O,54733D2BB5BE7121
26M,O,917DF4AF0ED7B258
26M,O,2CFA2F3EA6304C56
26X,O,DEDB881565114677
26X,O,581AAE2C80571C37
26X,O,C21FA8D54031D7FF
26X,O,8571BCC3A3E4006E
26X,O,D9896F1A5B7C97C0
26X,O,3BA9C90738A8600D
26X,O,29B66F2353388E18
26X,O,5CCBD9A6B58BF20D
26X,O,A37F8CF766FCF9F3
26X,O,1DEB855D55528B03
26X,O,D2217D7746597D10
26X,O,5D75A800F823B45D
26X,O,C175ACB534E8C15C
26X,O,4139F73177AF267D
26X,O,E45CFAB2E6E4C8FE
26X,O,4E0D4AA802766AA3
26X,I,4E0D4AA802766AA3
26X,I,F2508598F5A43655
26X,I,3313287185163530
26X,I,89D32777124F4039
26X,I,DAE7B6CB56131B50
26X,I,5419928D472EAD8D
26X,I,100FBBA946264714
26X,I,B0668BFF6178BA0B
26X,I,3CB94742E4B5E3E5
26X,I,33033960343A57A8
26X,I,D887822D673804CA
26X,I,5CD4C77378D3A4AE
26X,I,F065C32E9D2CB689
26X,I,9A16E73DC0B9AF6C
26X,I,7B9D5D0407DB14D3
26X,I,BF4620B0CD0B9D45
26X,I,A0AB9A2B2D648FF5
26X,I,484F835517494767
26X,I,DEDB881565114677
27,O,8F5CE1219E502C17
27,O,616FE33CD20DB62E
27,O,CEFFBCE5203D152B
27,O,8571BCC3A3E4006E
27,O,D9896F1A5B7C97C0
27,O,3BA9C90738A8600D
27,O,29B66F2353388E18
27,O,4D9419874306D82F
27,O,D625B0997C3DBCFE
27,O,67727D444E2EC42B
27,O,3161D898CD89AA38
27,O,9DBBC71CB1578A87
27,O,312CD2A987AA2773
27,O,40E8A4AA35AEB18A
27,O,55EE74AF2D1A7DAA
27,O,6F5585807DB07812
27,O,1876E8AF9A236BAB
27,O,D01D18C6EB79F84B
27,O,A72D15160CC3AF31
27,O,8D5C58075D3C1003
27,O,B0DDF2CD704116C8
27,O,6C1DEF32B8CB92C4
27,O,161B32AD4C6996AD
27,O,6965D1D655C2DD5F
27,O,448C1B8AECA89A6E
27,O,92D1BB946193F239
27,O,D887822D673804CA
27,O,4513DF30B4CBA349
27,O,F065C32E9D2CB689
27,O,9A16E73DC0B9AF6C
27,O,7B9D5D0407DB14D3
27,O,BF4620B0CD0B9D45
27,O,A0AB9A2B2D648FF5
27,O,484F835517494767
27,O,8F5CE1219E502C17
27X,O,8F5CE1219E502C17
27X,O,616FE33CD20DB62E
27X,O,CEFFBCE5203D152B
27X,O,8571BCC3A3E4006E
27X,O,D9896F1A5B7C97C0
27X,O,3BA9C90738A8600D
27X,O,0A92C86D7158856F
27X,O,ED5554C57CF0061C
27X,O,4D9419874306D82F
27X,O,D625B0997C3DBCFE
27X,O,D7EDDEA5A942843B
27X,O,2F3C9727D9186DAB
27X,O,300D1812E3A085C3
27X,O,3DE979ACCBF8988B
27X,O,5CA7841E84D52C8A
27X,O,22138E6C8051FDBD
27X,O,3B8B261C1DA409BD
27X,O,BC280265AF2BEB66
27X,I,BC280265AF2BEB66
27X,I,B76B249D3D253008
27X,I,A7F35DC09E1A1528
27X,I,0F4DB224F8A8FF9C
27X,I,1876E8AF9A236BAB
27X,I,D01D18C6EB79F84B
27X,I,B0DDF2CD704116C8
27X,I,6C1DEF32B8CB92C4
27X,I,B5AF3107F64607ED
27X,I,448C1B8AECA89A6E
27X,I,92D1BB946193F239
27X,I,D887822D673804CA
27X,I,4513DF30B4CBA349
27X,I,9A16E73DC0B9AF6C
27X,I,7B9D5D0407DB14D3
27X,I,BF4620B0CD0B9D45
27X,I,A0AB9A2B2D648FF5
27X,I,484F835517494767
27X,I,8F5CE1219E502C17
28,O,29E5BCA5DC430F85
28,O,EDFC39232C98E301
28,O,449F6831A832F1F3
28,O,3E54E8AF4083B065
28,O,29ED2073D6C52B5A
28,O,F90ED764C7A95649
28,O,D46ED62A04D37ECE
28,O,68A8F08ABC5C90F0
28,O,91929D42214F3D7F
28,O,AB51CD6EFEF7E09E
28,O,DF4F6B54816F5172
28,O,558599642E78BB9B
28,O,BEEBDDB542A7E709
28,O,48184733EFE9D3E3
28,O,8E8DB91C885F1230
28,O,DCFF4041D0C0ACF8
28,I,96363F113F394E8A
28,I,576538E1395C8508
28,I,FE4E099AEA040C89
28,I,A57516D1C7B8B052
28,I,BB073EF1DACCA6E4
28,I,E45CFAB2E6E4C8FE
28,I,33033960343A57A8
28,I,E37FF663075361FE
28,I,C9051FC04690CD7F
28,I,1D093403B1F24DF7
28,I,9C1D2401E1E06544
28,I,47B6BE5FC95C2042
28,I,E99D3F96A9F7B5EB
28,I,3D717F0365D5505B
28,I,811D4A91C1134CEA
28,I,100E6F60BAC1BDEB
28,I,F60097D67F33DC0C
28,I,5B49CF04EAB59906
28,I,921C19F6147C74A6
28,I,47C3597662B81B47
28,I,29E5BCA5DC430F85
28B,O,147E43B06313402E
28B,O,79E1F84E966F6113
28B,O,E905F8E518AE17B6
28B,O,24AD2532770CF399
28B,O,5564FED01546FF23
28B,O,921C19F6147C74A6
28B,O,47C3597662B81B47
28B,O,7EF64469471FE344
28B,O,0A03521DFD20FEA9
28B,O,CE097C48CCAE22C9
28B,O,04B6438688E12AC0
28B,O,6CEE063506576EDB
28B,O,42B4DEF46BB30887
28B,O,DBEA3F848C7981F2
28B,O,84BACA14B0C50790
28B,O,CDF0D5A4E1023C8E
28B,O,9268B442F0C2807E
28B,O,5C473EE9644E7392
28B,O,F663E12DC37F3C5A
28B,O,AC4EEE801BB9133C
28B,O,82C6FB4FF5612428
28B,I,82C6FB4FF5612428
28B,I,72999453ECAC4693
28B,I,09B6F28D05DA00F4
28B,I,AA26D9F25826AA4A
28B,I,FBE38593BDEB0802
28B,I,9A0959AB68FA5E1F
28B,I,94358F5481BAE505
28B,I,3CE7B5D1EBF9C5F7
28B,I,750ADEB14D018CF7
28B,I,49229D04FCA51B61
28B,I,55AE88BFD351F56D
28B,I,3093477EA64DDA89
28B,I,BFF2560B1C1687B2
28B,I,0CA3C6C38D2F3F75
28B,I,FAF9EF8853A3B65E
28B,I,09CFF9F9E78A6B17
28B,I,59FF8DDFC4405C0D
28B,I,DE60928B8CFD9E7C
28B,I,6557A31762F5311F
28B,I,90ED381AD3BAE4F9
28B,I,147E43B06313402E
28B,I,82C6FB4FF5612428
28B,I,72999453ECAC4693
28B,I,09B6F28D05DA00F4
28B,I,AA26D9F25826AA4A
28B,I,FBE38593BDEB0802
28B,I,9A0959AB68FA5E1F
28B,I,94358F5481BAE505
28B,I,3CE7B5D1EBF9C5F7
28B,I,750ADEB14D018CF7
28B,I,49229D04FCA51B61
28B,I,55AE88BFD351F56D
28B,I,3093477EA64DDA89
28B,I,BFF2560B1C1687B2
28B,I,0CA3C6C38D2F3F75
28B,I,FAF9EF8853A3B65E
28B,I,09CFF9F9E78A6B17
28B,I,F140654A12BA066A
28B,I,59FF8DDFC4405C0D
28B,I,DE60928B8CFD9E7C
28B,I,6557A31762F5311F
28B,I,90ED381AD3BAE4F9
28B,I,147E43B06313402E
28S,O,AE6C9CC13AAF157D
28S,O,D8546484A0E78938
28S,O,AC90B7B4927E1D60
28S,O,F496F08DBC291A50
28S,O,34E91A304CD09953
28S,O,A8EECA8BC371A833
28S,O,5D02EA6BD9FE152F
28S,O,356CA6CC22F1D24B
28S,O,FAF9EF8853A3B65E
28S,O,29E5BCA5DC430F85
29M,O,6F3089D5DC872570
29M,O,8571BCC3A3E4006E
29M,O,D9896F1A5B7C97C0
29M,O,3BA9C90738A8600D
29M,O,34BC6DF4457C3BED
29M,O,3B35E109EB76E70D
29M,O,E41318CD5899D680
29M,O,175A11C9B8E170D3
29M,O,B8F350418F7013A7
29M,O,92D1BB946193F239
29M,O,D887822D673804CA
29M,O,4513DF30B4CBA349
29M,O,F065C32E9D2CB689
29M,O,9A16E73DC0B9AF6C
29M,O,7B9D5D0407DB14D3
29M,O,BF4620B0CD0B9D45
29M,O,A0AB9A2B2D648FF5
29M,O,51ABC48DD7AFB11F
29M,O,6F3089D5DC872570
30,O,756141FB7A6EA349
30,O,38C7D227DA221E77
30,O,1FBE6A92A88835D3
30,O,C5C940CF1281B923
30,O,CAEEAD91F339D3DA
30,O,20E8B4520A802912
30,O,387ABDCA2814CA84
30,O,13824F71E7DB6109
30,O,FE90421D0B82E691
30,O,F3432DFEDE7E7AA0
30,O,AAB411C52D067AD1
30,O,558D298696B57A4D
30,O,898337E6181E5E66
30,O,6BF47953BB775A15
30,O,7420DF52F1B42C9F
30,O,2111E15DA3CEFEC4
30,O,68758E936DF9B173
30,O,EC14900F4BD3744B
30,O,802F7427CE9492AB
30,O,E3B77FDA167AE325
30,O,3C9E0D9FBEA28AC6
30,O,952DD8539E6DAC75
30,O,E3AB394138EDE467
30,O,D597E0A9258D0894
30,O,FA343B97309B84B4
30,O,E7E5E3C1F761966F
30,O,062B0243536F0816
30,O,13B39CD775874ED9
30,O,08A97AD10693B841
30,O,42E5CC0772775C7E
30,O,1D75CC7D0B671EEE
30,O,79BB89DA868D93CF
30,O,BE47845FF3E717FC
30,O,42DD929DA7838903
30,I,42DD929DA7838903
30,I,70349D91EC82AFE1
30,I,E35B5F1B80E085E6
30,I,A3F6D2CA9135A988
30,I,375D37F2AF5D762A
30,I,37A4D07D7179CE76
30,I,C979915CB2F4A35C
30,I,94612276CB142F93
30,I,24BB2F5E5721E970
30,I,0E7645CCF6AA3558
30,I,DB91BE349DC15226
30,I,044D07048F45F915
30,I,6E6EBC9D1AF2DA52
30,I,68758E936DF9B173
30,I,EC14900F4BD3744B
30,I,B93E7E45080413AC
30,I,6A24FDC5EF64C20A
30,I,7F405508C257705F
30,I,7EA4C557505395EF
30,I,EE0ACB2B516C305E
30,I,45A499CD3132E90A
30,I,4E12586C551A48D3
30,I,F7005C63821245C3
30,I,ABA04608DBB7C351
30,I,40A8EA2850B0979B
30,I,B943DBEE65B0B18F
30,I,F09516C266163337
30,I,E5F3EF7B050DA88F
30,I,8CD6C24187EC56A6
30,I,D711AFA9658D51E9
30,I,3F545756160D7BEA
30,I,50C0A622B149C308
30,I,A73739F6D37090EE
30,I,07814531B88CD829
30,I,A722DAAC99CE03D4
30,I,5FD70A34C55CE590
30,I,756141FB7A6EA349
30,I,B93E7E45080413AC
30,I,6A24FDC5EF64C20A
30,I,7F405508C257705F
30,I,7EA4C557505395EF
30,I,EE0ACB2B516C305E
30,I,45A499CD3132E90A
30,I,4E12586C551A48D3
30,I,F7005C63821245C3
30,I,ABA04608DBB7C351
30,I,40A8EA2850B0979B
30,I,B943DBEE65B0B18F
30,I,F09516C266163337
30,I,E5F3EF7B050DA88F
30,I,8CD6C24187EC56A6
30,I,D711AFA9658D51E9
30,I,3F545756160D7BEA
30,I,50C0A622B149C308
30,I,A73739F6D37090EE
30,I,07814531B88CD829
30,I,A722DAAC99CE03D4
30,I,5FD70A34C55CE590
30,I,756141FB7A6EA349
30X,O,17CDBCBA18D0D000
30X,O,38C7D227DA221E77
30X,O,1FBE6A92A88835D3
30X,O,C5C940CF1281B923
30X,O,5941DC3E9FA7BE8B
30X,O,101877D46F079B68
30X,O,92A8281D80524F78
30X,O,A11E4BB8DE5D8598
30X,O,7F8529494720703C
30X,O,972145F4BB2B535F
30X,O,8EAD803DDD2C3BBA
30X,O,2035C91B61C6DFC0
30X,O,3A5C336CCB38A3FA
30X,O,789384E5DC5AF7A9
30X,O,812E72C257C94B73
30X,O,E553B839AD6A8C3D
30X,O,A70DCB46EC98F43E
30X,O,80E2DB8AC142F626
30X,O,E93113C9CA615B0C
30X,O,D48E82AC2961C581
30X,O,CBF110E4B3E23071
30X,O,33506DF7A7D71391
30X,O,4CA486B230A34D3A
30X,O,97377AA89B45CD34
30X,O,438AFA4E9E76C953
30X,O,DE5FEC673BB54DC5
30X,I,DE5FEC673BB54DC5
30X,I,36F7DCE4723C2C44
30X,I,95FAB1D2AD752ECE
30X,I,A5E27C280260D008
30X,I,6638A31332E98C83
30X,I,EAF0EAB6E30425BA
30X,I,5EEFE2E2583B576B
30X,I,1E0C8A961881DE1D
30X,I,38F0C9768AA2AF93
30X,I,30FEA8A7071EDE48
30X,I,3CE4A2049409A6DD
30X,I,E6ED785726AED4AE
30X,I,E9F3DC5D89154BB7
30X,I,1A85B99EDE6D01D8
30X,I,04FC6E130D4953F4
30X,I,D355B700FF30B3D7
30X,I,1F51B830DD359962
30X,I,91C7F46612ADD9EF
30X,I,E090C46182471309
30X,I,132584D5CB2235BC
30X,I,060A70079F196C7C
30X,I,D711AFA9658D51E9
30X,I,3F545756160D7BEA
30X,I,50C0A622B149C308
30X,I,A73739F6D37090EE
30X,I,07814531B88CD829
30X,I,A722DAAC99CE03D4
30X,I,5FD70A34C55CE590
30X,I,17CDBCBA18D0D000
30X,I,DE5FEC673BB54DC5
30X,I,36F7DCE4723C2C44
30X,I,95FAB1D2AD752ECE
30X,I,A5E27C280260D008
30X,I,6638A31332E98C83
30X,I,EAF0EAB6E30425BA
30X,I,5EEFE2E2583B576B
30X,I,1E0C8A961881DE1D
30X,I,38F0C9768AA2AF93
30X,I,30FEA8A7071EDE48
30X,I,3CE4A2049409A6DD
30X,I,E6ED785726AED4AE
30X,I,E9F3DC5D89154BB7
30X,I,1A85B99EDE6D01D8
30X,I,04FC6E130D4953F4
30X,I,D355B700FF30B3D7
30X,I,1F51B830DD359962
30X,I,91C7F46612ADD9EF
30X,I,9B664F8FD4E76E48
30X,I,20E8B4520A802912
30X,I,060A70079F196C7C
30X,I,D711AFA9658D51E9
30X,I,3F545756160D7BEA
30X,I,50C0A622B149C308
30X,I,A73739F6D37090EE
30X,I,07814531B88CD829
30X,I,A722DAAC99CE03D4
30X,I,5FD70A34C55CE590
30X,I,17CDBCBA18D0D000
31,O,83388B59A961635D
31,O,25290A19CDC7FF1E
31,O,18F1956E67A76915
31,O,81BBDC83713D1C2F
31,O,F3432DFEDE7E7AA0
31,O,AAB411C52D067AD1
31,O,094D2EBC017EE61A
31,O,2658CCFAB79763B6
31,O,26EB1A3C1E17889A
31,O,32EF27636D4BEAEB
31,O,77CEEF0D8191410C
31,O,C84CAD6CCD18F87F
31,O,478ACE8A8C9A2705
31,O,A13C2C1D5D3EE0D7
31,O,7FC79B2659883001
31,O,3A10F716CC6102DE
31,O,AE7C79C814E6BD95
31,O,C5294C92C5C6E334
31,O,A127BE370E970CE5
31,O,0B4807A5C0DAF24A
31,O,40A8EA2850B0979B
31,O,B943DBEE65B0B18F
31,O,F09516C266163337
31,O,1C179AC6FE83C808
31,O,FF1DC8F5F423EA42
31,O,716D84D1B7EA256E
31A,O,1D93E7E9081E833B
31A,O,299184738ADD432A
31A,O,0393E099E78BEB94
31A,O,75AA9801B870CCE1
31A,O,6F29E09A140E6F54
31A,O,140E4137EAC319B5
31A,O,8C6EF1266E4EE05B
31A,O,D2ACD052AFD5900A
31A,O,C95751DB2112F279
31A,O,F7AD8DE682AD5BB3
31A,O,54BA046B2D0297A0
31A,O,51E196E962453AB4
31A,O,D2EF3E1D638B1B9A
31A,O,3597DD106B5CD29F
31B,O,3972A3F0E991EC16
31B,O,26EB1A3C1E17889A
31B,O,C3672D8D28801773
31B,O,9A412252B10AD2FF
31B,O,66FB0FCA51BFD6A3
31B,O,C586D7C1DBA5A4B3
31B,O,A5250E1C9C2E5B65
31B,O,E980FEE337B950D0
31B,O,0C44BAE327DB4A8A
31B,O,26CEAEF7BD0F6F59
31B,O,0CF7F9E4042E1BCB
31B,O,9FCD49E531B1E1F3
31B,O,C749CD95D1D4CDE5
31B,O,16D37394ECACA7AD
31B,O,89F6B64B28A21D34
31B,O,62A80759AABB1937
31B,O,9A773DDB814933C1
31B,O,C163B1F33533C2A9
31B,O,6A225A9CB16BC4BB
31B,O,3B8B261C1DA409BD
31B,O,C57D642E9E6A0B52
31B,I,C57D642E9E6A0B52
31B,I,520C9836ACAECDF9
31B,I,22FE13158B36FE48
31B,I,67064412B0E9D9A6
31B,I,242DFDBDBFA2034A
31B,I,E05F8589B0529DE3
31B,I,44CE8904990EE28C
31B,I,EB9E9B5EEE20114C
31B,I,0BADB28A19C2E0BE
31B,I,44EA73AE2E27AC12
31B,I,B4F2BAAED2470D0A
31B,I,75C0DF6C7724CEEA
31B,I,EBF4EB34B96BC242
31B,I,3FE93821145B65F5
31B,I,D2EF3E1D638B1B9A
31B,I,3972A3F0E991EC16
31M,O,EC038424C17E0B60
31M,O,51E196E962453AB4
31M,O,264B29FD223D9C4E
31M,O,86D7BB9BA055D8A6
31M,O,BF6A2F247B90FEBB
31M,O,1423FCFF61709EAC
31M,O,B09E06FF6EF5A8C4
31M,O,508B02C5E209E802
31M,O,6C11A9780213BBBB
31M,O,2AC908C8F703349B
31M,I,2AC908C8F703349B
31M,I,D17DA49D5EFC6DD4
31M,I,140E4137EAC319B5
31M,I,8C6EF1266E4EE05B
31M,I,D2ACD052AFD5900A
31M,I,6334F84E7B0B49E6
31M,I,A91E6B3E8A9A7B34
31M,I,26C0B01357752657
31M,I,C84CAD6CCD18F87F
31M,I,EC038424C17E0B60
31P,O,51E196E962453AB4
31P,O,264B29FD223D9C4E
31P,O,86D7BB9BA055D8A6
31P,O,BF6A2F247B90FEBB
31P,O,6C11A9780213BBBB
31P,O,2AC908C8F703349B
32,O,873B57DCAC177674
32,O,D1A1DF2BDC842EE5
32,O,33A7AB58611A0F6D
32,O,523D316BCA4F3861
32,O,0A1DAEAFFDFF0B66
32,O,9FD6AAFA1318E3D9
32,O,066AA1A504714A20
32,O,D2ACD052AFD5900A
32,O,8998797A3D3E02A7
32,O,A91E6B3E8A9A7B34
32,O,3C9A7C5FE12B8BCB
32,O,26EB1A3C1E17889A
32,O,C3672D8D28801773
32,O,9A412252B10AD2FF
32,O,C586D7C1DBA5A4B3
32,O,A5250E1C9C2E5B65
32,O,ACA7282A66D0A29B
32,O,408F72CA87CC73A6
32,O,549013DC1C3A2A44
32,O,ADA4B4F4B604885B
32,O,18A85DD43DFA12AF
32,O,C4B0E899FAE72350
32,O,8C7C1212A1196A1A
32,O,996EC6B4E40A2E4A
32,O,5CA7841E84D52C8A
32,O,22138E6C8051FDBD
32,O,3B8B261C1DA409BD
32,O,0FF34A5F0D731ACE
32,I,0FF34A5F0D731ACE
32,I,B76B249D3D253008
32,I,A7F35DC09E1A1528
32,I,D242B538BA760551
32,I,77505F1651DFA82F
32,I,69C45315DFA906FC
32,I,DBAAC5A97DAFD138
32,I,6A6E44D4207221C1
32,I,6156B488BEB726C6
32,I,93CCED3B2F2BE08F
32,I,2EB5498143D0C343
32,I,4A1EEF2271FA16D3
32,I,B4F2BAAED2470D0A
32,I,75C0DF6C7724CEEA
32,I,EBF4EB34B96BC242
32,I,3FE93821145B65F5
32,I,264B29FD223D9C4E
32,I,86D7BB9BA055D8A6
32,I,C24776F20FE877FF
32,I,257A6E19DD7F156C
32,I,28A57C043C111604
32,I,F82CDE4D15A43CA3
32,I,DEDD6247441C8C05
32,I,B1D6CA16EE22225D
32,I,3B54D43994CAC165
32,I,D9655458715EBBF8
32,I,873B57DCAC177674
32H,O,B1D6CA16EE22225D
32H,O,3B54D43994CAC165
32H,O,D9655458715EBBF8
32H,O,8374DD78C287D9A7
32H,O,D5252DAD51812506
32H,O,09DF70F8DE2426BE
32H,O,F09516C266163337
32H,O,3357B55DE2539CA3
32H,O,7F8529494720703C
32H,O,F0AE2D3C2589FC4F
32H,O,B9DFF2C142DCE309
32H,O,56E8E92250BBEE74
32H,O,CE5DDC813E8EC3C0
32H,O,299184738ADD432A
32H,O,B596DF51C1BDDB19
32H,O,7FE0FCDBF45276EF
32H,O,D6E2F61E79C01350
32H,O,00A61AE52C4EE28E
32H,O,6E9E3D64C5F18B8D
32H,O,556068A8E995DBE4
32H,O,A170898D024706AA
32H,O,49DA16A8D82DEE21
32H,O,EB3A699030AB371C
32H,O,EC70552CECFD18F2
32H,O,0393E099E78BEB94
32H,O,6BF47953BB775A15
32H,O,DB0A398B6B890051
32H,O,7467287ACB876529
32H,O,952DD8539E6DAC75
32H,O,E3AB394138EDE467
32H,O,F275A85A9CF9BBC4
32H,O,FA343B97309B84B4
32H,O,E7E5E3C1F761966F
32H,O,062B0243536F0816
32H,O,13B39CD775874ED9
32H,O,08A97AD10693B841
32H,O,42E5CC0772775C7E
32H,O,1D75CC7D0B671EEE
32H,O,636F6AAF3B891E82
32H,I,636F6AAF3B891E82
32H,I,375D37F2AF5D762A
32H,I,37A4D07D7179CE76
32H,I,C979915CB2F4A35C
32H,I,94612276CB142F93
32H,I,24BB2F5E5721E970
32H,I,0E7645CCF6AA3558
32H,I,422BD13B241CCD5B
32H,I,AD326AC36444B948
32H,I,044D07048F45F915
32H,I,6E6EBC9D1AF2DA52
32H,I,DC28E30AF099D339
32H,I,E6FB42A68818D9F4
32H,I,45A499CD3132E90A
32H,I,434BB67EF7BCA912
32H,I,5A850F8739B82EA6
32H,I,198229EF878137DD
32H,I,7E43C30824FE61FA
32H,I,D32CA1C4A94A6AAD
32H,I,DB5F02A65173A2D1
32H,I,4C5AD92665CBCF5D
32H,I,29EC0D6F48E5BCDA
32H,I,4242A06B3D8849D9
32H,I,7CA9FF2CDD3C4EE1
32H,I,6DAB37A3FC9475C3
32H,I,698AD748223B2BEA
32H,I,9BEBB2D3B05DD529
32H,I,1761C3A8C035C581
32H,I,61C243D8DF535149
32H,I,FD3E79D1B5A2237F
32H,I,FFB21D12A61560FE
32H,I,2BDB51D5618D546F
32H,I,A7E87E8D797D1A52
32H,I,65784B3D2E189B56
32H,I,F8BC532C45A5A6F7
32H,I,CAF9395414DBD090
32H,I,48CD423F78F6FA22
32H,I,B18C8718C0B7904F
32H,I,D1A1DF2BDC842EE5
32H,I,33A7AB58611A0F6D
32H,I,B1D6CA16EE22225D
32M,O,B15BDCDB640C46BC
32M,O,D17DA49D5EFC6DD4
32M,O,6BCA27BE4E0F904D
32M,O,40A8EA2850B0979B
32M,O,B943DBEE65B0B18F
32M,O,48CD423F78F6FA22
32M,O,B18C8718C0B7904F
32M,O,D1A1DF2BDC842EE5
32M,O,33A7AB58611A0F6D
32M,O,B1D6CA16EE22225D
32M,O,3B54D43994CAC165
32M,O,D9655458715EBBF8
32M,O,8374DD78C287D9A7
32M,O,D5252DAD51812506
32M,O,09DF70F8DE2426BE
32M,O,AAB411C52D067AD1
32M,O,6CD14DBE643D2995
32M,O,75F02FF13CC7B34A
32M,O,D6ABAF265F431EB9
32M,O,B09E06FF6EF5A8C4
32M,O,508B02C5E209E802
32M,O,6C11A9780213BBBB
32M,O,B15BDCDB640C46BC
32P,O,F5C42400BB24BA5B
32P,O,6BE57F75FCD84DBB
32P,O,EEBC9C001FC420B8
32P,O,B32791B3E5EF4287
32P,I,B32791B3E5EF4287
32P,I,E9BD263C719AFEC6
32P,I,D4C5C8BD5FC05C2E
32P,I,F5C42400BB24BA5B
33,O,E8A145669A392955
33,O,F9FB27004CA4B62B
33,O,73E530058FD534D3
33,O,3357B55DE2539CA3
33,O,A0C0A82ECC740D76
33,O,170375F0819EB588
33,O,D198122830A4FDE3
33,O,99EF4CA10B3E1F17
33,O,9FD865B00B2D54A1
33,O,96A6FE5F07BDF203
33,O,9A0959AB68FA5E1F
33,O,91449853378E9F8F
33,O,5D8FCEF2915882FD
33,O,C2605DED84199B84
33,O,BF8E440F5584D39D
33,O,8A928A173E67CD96
33,O,9C839C3824F47A6A
33,O,CB4BB0008A87E4FC
33,O,D024B008AB77435B
33,I,D024B008AB77435B
33,I,5309D748976029CB
33,I,3C6DAB7267F9E54F
33,I,73E85E88E124EF2C
33,I,2EF9764BE18FC290
33,I,FF6E49051D6D9A8C
33,I,F8D908466E28E9C2
33,I,70CD99F4D487740A
33,I,992F89F2265F8D8D
33,I,A21BEB6F4E6D43E6
33,I,1E71CBFE8560B0EF
33,I,62A1C8EFAC876BDB
33,I,E435F72ACB8438ED
33,I,29A62A8FE112766B
33,I,2AB6DAEF7149F0FC
33,I,65784B3D2E189B56
33,I,E5F3EF7B050DA88F
33,I,E8B842CC3AB62056
33,I,716D84D1B7EA256E
33A,O,D580682442940BB2
33A,O,A11E4BB8DE5D8598
33A,O,7F8529494720703C
33A,O,F0AE2D3C2589FC4F
33A,O,B9DFF2C142DCE309
33A,O,5DE502617F887673
33A,O,F4C9FD2549C6DD80
33A,O,7A43DB86E881E02D
33A,O,45B2EF855CDEA7C9
33A,O,DA17B01A4A61A358
33A,O,88658D10545F9014
33A,O,50E78EB09845863E
33A,O,09A156B1A802D093
33A,O,BD34A7B702373B12
33A,O,E30C2815DA280036
33A,O,C06334CA2AF7814B
33A,O,812E72C257C94B73
33A,O,18C138014DF5B0C8
33A,O,0FDE3A87457539BC
33A,O,1B7B9EDF492B37B6
33A,O,5CA7841E84D52C8A
33A,O,22138E6C8051FDBD
33A,O,405DE12B9200AD9F
33A,O,145515B1D2C60CAF
33A,O,8FD9863802F38CDB
33A,I,8FD9863802F38CDB
33A,I,51288CE4C842111E
33A,I,B76B249D3D253008
33A,I,73129107791388E6
33A,I,1F453ABA9EA89D7B
33A,I,77505F1651DFA82F
33A,I,6D81BF91C256E963
33A,I,5F181A62BBCA16F7
33A,I,AAA29653BB050609
33A,I,551045DD53EA529D
33A,I,A88468CF154B16E9
33A,I,D355B700FF30B3D7
33A,I,1B68DD9D137F906D
33A,I,0CC9C5E5DBB3FF89
33A,I,F39F638D34947E40
33A,I,246ECB0F3B94855D
33A,I,EE0ACB2B516C305E
33A,I,45A499CD3132E90A
33A,I,B035018DFD9028C3
33A,I,F7005C63821245C3
33A,I,02E2C6CDE2A867C1
33A,I,849062B1454057E3
33A,I,BEAAE3DA63C543BD
33A,I,FD3E79D1B5A2237F
33A,I,FFB21D12A61560FE
33A,I,2BDB51D5618D546F
33A,I,A7E87E8D797D1A52
33A,I,132584D5CB2235BC
33A,I,D580682442940BB2
33B,O,E8A145669A392955
33B,O,F9FB27004CA4B62B
33B,O,73E530058FD534D3
33B,O,3357B55DE2539CA3
33B,O,A0C0A82ECC740D76
33B,O,170375F0819EB588
33B,O,D198122830A4FDE3
33B,O,99EF4CA10B3E1F17
33B,O,9FD865B00B2D54A1
33B,O,96A6FE5F07BDF203
33B,O,D0F8772D043C207E
33B,O,BE36EF30B86ADD1D
33B,O,598F766175BE3EF3
33B,O,38B86AC474D1060D
33B,O,EB177E95B39626AE
33B,O,5AAC6A858427D04E
33B,O,7459D3AB11AFD6B5
33B,O,9C839C3824F47A6A
33B,O,CB4BB0008A87E4FC
33B,O,D024B008AB77435B
33B,I,D024B008AB77435B
33B,I,5309D748976029CB
33B,I,3C6DAB7267F9E54F
33B,I,73E85E88E124EF2C
33B,I,2EF9764BE18FC290
33B,I,F1A90CEE2B8C40CC
33B,I,84B384771F1CE484
33B,I,671775E6AF279B42
33B,I,4B17C55C032D3A37
33B,I,266A4CDA19461A42
33B,I,A147FDE0CFB7A60D
33B,I,26A996F589C84844
33B,I,62A1C8EFAC876BDB
33B,I,E435F72ACB8438ED
33B,I,29A62A8FE112766B
33B,I,2AB6DAEF7149F0FC
33B,I,65784B3D2E189B56
33B,I,E5F3EF7B050DA88F
33B,I,E8B842CC3AB62056
33B,I,716D84D1B7EA256E
33R,O,E1813070DA5B31D6
33R,O,CAEEAD91F339D3DA
33R,O,20E8B4520A802912
33R,O,5823104B79279940
33R,O,A60AE774B09A5E44
33R,O,CA793BE80FF68AE2
33R,O,CAF9395414DBD090
33R,O,81B719F7DC3F0FAD
33R,O,C8276DF869656712
33R,O,3A450B5AD5AF1605
33R,O,2C5CA5F47FB6EB3F
33R,O,6B775855F6FB16D9
33R,O,40C9465E380F04C5
33R,O,C67E139743E66D71
33R,O,704C764F674E500D
33R,O,58BC7AA90028AAD9
33R,O,8249FC875132E1FA
33R,O,92680F8CE20F8FDB
33R,O,46E8837F566582D2
33R,O,94BA9F1C0A85C1B3
33R,O,16A08A7452834C0F
33R,O,888D5E0DD7261BB3
33R,O,75358B7A7E41D54F
33R,O,1AC99205549D9CA4
33R,O,ECD8A10AED25716B
33R,O,8A3D0A578A596A45
33R,O,9613EF6328D55165
33R,O,D77E7D97EC99B790
33R,O,F05A07492FBBAB3F
33R,O,669C12C26A3CFFB4
33R,O,BBD78E81CC1B113E
33R,O,03A082D6B4C517D9
33R,I,03A082D6B4C517D9
33R,I,95CD775905DD716E
33R,I,2219232721C0C943
33R,I,E76FB4990070588B
33R,I,426AA29947520120
33R,I,81C7BD9D6BD4D8DE
33R,I,5C57D7225C2FB032
33R,I,4FF96DAA5FCBE1B6
33R,I,B8D8C35525C57762
33R,I,B959226950B0DEA7
33R,I,81C38CE0FA77CBCF
33R,I,3EC8AF0246E94A09
33R,I,48CD670CA33290B3
33R,I,326A0C5D99374762
33R,I,773C9D3BB95AACC6
33R,I,6BA43C06A9AD502A
33R,I,742EB6200E03493B
33R,I,B2A9D7F90A56F6EA
33R,I,273C1BD825293576
33R,I,79B88295548184C1
33R,I,9CEC1F1000AFE806
33R,I,5D86C919F15C0611
33R,I,F63D25B428F1C1D9
33R,I,2ADCFCFCCDDF2C9B
33R,I,620E14F31DA31490
33R,I,09B4297CB90AF3EC
33R,I,09DF70F8DE2426BE
33R,I,7019D5AE9C63EE72
33R,I,92A8281D80524F78
33R,I,5823104B79279940
33R,I,DC420AE60BA9F523
33R,I,E1813070DA5B31D6
33X,O,E8A145669A392955
33X,O,F9FB27004CA4B62B
33X,O,73E530058FD534D3
33X,O,3357B55DE2539CA3
33X,O,A0C0A82ECC740D76
33X,O,170375F0819EB588
33X,O,416B7606A9A5FEEB
33X,O,327E4BC13954EA86
33X,O,81C6D8E74259157E
33X,O,5D8FCEF2915882FD
33X,O,C2605DED84199B84
33X,O,BF8E440F5584D39D
33X,O,8A928A173E67CD96
33X,O,41E95E283D770EF7
33X,O,9C839C3824F47A6A
33X,O,CB4BB0008A87E4FC
33X,O,D024B008AB77435B
33X,I,D024B008AB77435B
33X,I,5309D748976029CB
33X,I,3C6DAB7267F9E54F
33X,I,73E85E88E124EF2C
33X,I,81C1875EBC7FD3E4
33X,I,FDB6E3CC223991D1
33X,I,F8D908466E28E9C2
33X,I,70CD99F4D487740A
33X,I,992F89F2265F8D8D
33X,I,A21BEB6F4E6D43E6
33X,I,1E71CBFE8560B0EF
33X,I,29ED2073D6C52B5A
33X,I,F90ED764C7A95649
33X,I,2AB6DAEF7149F0FC
33X,I,65784B3D2E189B56
33X,I,E5F3EF7B050DA88F
33X,I,E8B842CC3AB62056
33X,I,716D84D1B7EA256E
34,O,06990DFEA90A3147
34,O,B3D81B76B30B1366
34,O,A1C3FAC9A09BDBC7
34,O,C97AC68CBB433F59
34,O,8F9E235D3D6081DB
34,O,EBEB497D57BB5B34
34,O,C9B1C3B9D0BA0D14
34,O,9F13E4D02222A819
34,O,65CC7FF852DEB184
34,O,0968AEB32CDE49EE
34,O,698AD748223B2BEA
34,O,9BEBB2D3B05DD529
34,O,849062B1454057E3
34,O,BEAAE3DA63C543BD
34,O,FD3E79D1B5A2237F
34,O,FFB21D12A61560FE
34,O,B7039F29C48A3CC2
34,O,1C179AC6FE83C808
34,O,8CD6C24187EC56A6
34,O,D992534B2A407C74
34,O,4E224310C4B46C9A
34,O,3F545756160D7BEA
34,O,BFA3460955AC820C
34,O,5FB1FCAF80F3D97D
34,O,FF4785270078B487
34,O,76457B949CBCDE7B
34,I,76457B949CBCDE7B
34,I,93F4EA3D82B33BEF
34,I,3DD784D9B2C30AFC
34,I,939FE9A08B99174C
34,I,CAEEAD91F339D3DA
34,I,033CB7A21D6DC60C
34,I,E8DD78B9A123158B
34,I,CDEB07C7C0841D5B
34,I,202E5866758484CB
34,I,FE90421D0B82E691
34,I,F0AE2D3C2589FC4F
34,I,B9DFF2C142DCE309
34,I,5DE502617F887673
34,I,299184738ADD432A
34,I,B596DF51C1BDDB19
34,I,7FE0FCDBF45276EF
34,I,D6E2F61E79C01350
34,I,00A61AE52C4EE28E
34,I,6E9E3D64C5F18B8D
34,I,556068A8E995DBE4
34,I,A170898D024706AA
34,I,49DA16A8D82DEE21
34,I,EB3A699030AB371C
34,I,EC70552CECFD18F2
34,I,7D41FC4EE12CB8FD
34,I,9CF00A30796B6B2B
34,I,06990DFEA90A3147
34,I,F0AE2D3C2589FC4F
34,I,B9DFF2C142DCE309
34,I,5DE502617F887673
34,I,299184738ADD432A
34,I,B596DF51C1BDDB19
34,I,7FE0FCDBF45276EF
34,I,D6E2F61E79C01350
34,I,00A61AE52C4EE28E
34,I,6E9E3D64C5F18B8D
34,I,556068A8E995DBE4
34,I,A170898D024706AA
34,I,49DA16A8D82DEE21
34,I,EB3A699030AB371C
34,I,EC70552CECFD18F2
34,I,7D41FC4EE12CB8FD
34,I,9CF00A30796B6B2B
34,I,06990DFEA90A3147
34M,O,3634F599E0744262
34M,O,93F4EA3D82B33BEF
34M,O,3DD784D9B2C30AFC
34M,O,939FE9A08B99174C
34M,O,9429666D064419BE
34M,O,E1CBD9520CFA1845
34M,O,4E224310C4B46C9A
34M,O,3F545756160D7BEA
34M,O,BFA3460955AC820C
34M,O,5FB1FCAF80F3D97D
34M,O,FF4785270078B487
34M,O,3634F599E0744262
35A,O,DC99E9AAD0DFB39F
35A,O,AE7C79C814E6BD95
35A,O,C5294C92C5C6E334
35A,O,8CF45DD1D6B1FA4D
35A,O,A91E6B3E8A9A7B34
35A,O,9FC37D4FEDD03944
35A,O,A7516C49B99EFD78
35A,O,C3672D8D28801773
35A,O,9A412252B10AD2FF
35A,O,C586D7C1DBA5A4B3
35A,O,A5250E1C9C2E5B65
35A,O,8EAD803DDD2C3BBA
35A,O,2035C91B61C6DFC0
35A,O,3A5C336CCB38A3FA
35A,O,789384E5DC5AF7A9
35A,O,812E72C257C94B73
35A,O,E553B839AD6A8C3D
35A,O,A70DCB46EC98F43E
35A,O,C2685779C6B11E87
35A,O,8E3A5C15E42020BB
35A,O,96442B84082D4DF5
35A,O,508D99EBC9AB3A9B
35A,O,FE56DD70DEDE0395
35A,O,D2217D7746597D10
35A,O,576538E1395C8508
35A,O,1864222D8939BD69
35A,O,E1EC10CCBB722DA4
35A,I,E1EC10CCBB722DA4
35A,I,F2508598F5A43655
35A,I,3313287185163530
35A,I,89D32777124F4039
35A,I,1F2E60EDB4254D30
35A,I,EA4A3876639F21B4
35A,I,B0F64FFFBECE8AA4
35A,I,2DB47A3C263E4F5C
35A,I,6DFEED7F0DB44298
35A,I,A6ACEA5D8F32521D
35A,I,30FEA8A7071EDE48
35A,I,3CE4A2049409A6DD
35A,I,E6ED785726AED4AE
35A,I,D5C36653A51759C3
35A,I,EB9E9B5EEE20114C
35A,I,0BADB28A19C2E0BE
35A,I,44EA73AE2E27AC12
35A,I,B4F2BAAED2470D0A
35A,I,75C0DF6C7724CEEA
35A,I,EBF4EB34B96BC242
35A,I,3FE93821145B65F5
35A,I,264B29FD223D9C4E
35A,I,26C0B01357752657
35A,I,C84CAD6CCD18F87F
35A,I,478ACE8A8C9A2705
35A,I,A13C2C1D5D3EE0D7
35A,I,F718BAC64885E69E
35A,I,C95751DB2112F279
35A,I,F7AD8DE682AD5BB3
35A,I,DC99E9AAD0DFB39F
35X,O,DC99E9AAD0DFB39F
35X,O,AE7C79C814E6BD95
35X,O,C5294C92C5C6E334
35X,O,8CF45DD1D6B1FA4D
35X,O,A91E6B3E8A9A7B34
35X,O,9FC37D4FEDD03944
35X,O,A7516C49B99EFD78
35X,O,C3672D8D28801773
35X,O,9A412252B10AD2FF
35X,O,5CCCA68A757E79D4
35X,O,C5AA13924C99532A
35X,O,A70DCB46EC98F43E
35X,O,C2685779C6B11E87
35X,O,8E3A5C15E42020BB
35X,O,96442B84082D4DF5
35X,O,508D99EBC9AB3A9B
35X,O,FE56DD70DEDE0395
35X,O,D2217D7746597D10
35X,O,576538E1395C8508
35X,O,1864222D8939BD69
35X,O,E1EC10CCBB722DA4
35X,I,E1EC10CCBB722DA4
35X,I,F2508598F5A43655
35X,I,3313287185163530
35X,I,89D32777124F4039
35X,I,1F2E60EDB4254D30
35X,I,EA4A3876639F21B4
35X,I,B0F64FFFBECE8AA4
35X,I,2DB47A3C263E4F5C
35X,I,6DFEED7F0DB44298
35X,I,A6ACEA5D8F32521D
35X,I,30FEA8A7071EDE48
35X,I,3CE4A2049409A6DD
35X,I,75C0DF6C7724CEEA
35X,I,EBF4EB34B96BC242
35X,I,3FE93821145B65F5
35X,I,264B29FD223D9C4E
35X,I,26C0B01357752657
35X,I,C84CAD6CCD18F87F
35X,I,478ACE8A8C9A2705
35X,I,A13C2C1D5D3EE0D7
35X,I,F718BAC64885E69E
35X,I,C95751DB2112F279
35X,I,F7AD8DE682AD5BB3
35X,I,DC99E9AAD0DFB39F
36,O,B37FC6600B2254B6
36,O,A23B54EC3487EF41
36,O,D21D129C5E4F402C
36,O,81BBDC83713D1C2F
36,O,FD80BB497E0791CA
36,O,CAF9395414DBD090
36,O,48CD423F78F6FA22
36,O,B18C8718C0B7904F
36,O,D1A1DF2BDC842EE5
36,O,33A7AB58611A0F6D
36,O,B1D6CA16EE22225D
36,O,97BB9CE7A058E809
36,O,30000427BD163F84
36,O,03A5552B84E8214B
36,O,0B4807A5C0DAF24A
36,O,4C7927148D79A446
36,O,CA4777DC41555D2C
36,O,A958EF1ECDA5CC4A
36,O,2BDB51D5618D546F
36,O,3A99869DB9D31D45
36,O,1C179AC6FE83C808
36,O,E8B842CC3AB62056
36,O,716D84D1B7EA256E
36,O,30000427BD163F84
36,O,03A5552B84E8214B
36,O,0B4807A5C0DAF24A
36,O,4C7927148D79A446
36,O,CA4777DC41555D2C
36,O,A958EF1ECDA5CC4A
36,O,2BDB51D5618D546F
36,O,3A99869DB9D31D45
36,O,1C179AC6FE83C808
36,O,E8B842CC3AB62056
36,O,716D84D1B7EA256E
36A,O,122AB077C55A383F
36A,O,066AA1A504714A20
36A,O,1423FCFF61709EAC
36A,O,898337E6181E5E66
36A,O,4E3FEA4E559A5D16
36A,O,BB04686A2E0D7578
36A,O,88658D10545F9014
36A,O,F36F422FDC6B9D3F
36A,O,62E0E61D5250535A
36A,O,E980FEE337B950D0
36A,O,0C44BAE327DB4A8A
36A,O,26CEAEF7BD0F6F59
36A,O,0CF7F9E4042E1BCB
36A,O,9FCD49E531B1E1F3
36A,O,C749CD95D1D4CDE5
36A,O,16D37394ECACA7AD
36A,O,D81EA700D73BBEB0
36A,O,CC14CF9E8A163F34
36A,O,CC9AE3EF28E5725F
36A,O,7A98D182671B86E1
36A,O,F1DE119543E382D9
36A,O,D355B700FF30B3D7
36A,O,4A1EEF2271FA16D3
36A,O,91C7F46612ADD9EF
36A,O,F39F638D34947E40
36A,O,246ECB0F3B94855D
36A,O,D17DA49D5EFC6DD4
36A,O,6BCA27BE4E0F904D
36A,O,8C6EF1266E4EE05B
36A,O,257A6E19DD7F156C
36A,O,28A57C043C111604
36A,O,122AB077C55A383F
36B,O,7EFC43457A826032
36B,O,066AA1A504714A20
36B,O,D2ACD052AFD5900A
36B,O,8998797A3D3E02A7
36B,O,A91E6B3E8A9A7B34
36B,O,26C0B01357752657
36B,O,26EB1A3C1E17889A
36B,O,C3672D8D28801773
36B,O,9A412252B10AD2FF
36B,O,66FB0FCA51BFD6A3
36B,O,C586D7C1DBA5A4B3
36B,O,A5250E1C9C2E5B65
36B,O,8BCB786E1F1A2457
36B,O,5CF51F3B971D4D56
36B,O,AAB25066B96C6588
36B,O,8CE4B83B45F22F1F
36B,O,89F6B64B28A21D34
36B,O,18A85DD43DFA12AF
36B,O,8D386F5D210C3439
36B,O,DFD51C2C47E6692C
36B,O,AB3C556B2A18F0DB
36B,O,3500D60BFEFFF7BC
36B,O,417C996BA7F5F59F
36B,O,6D1F582245EC568B
36B,O,6C9939568AAA34EA
36B,O,5D3B3AE3CCFDDA96
36B,O,3E752B45D12458EF
36B,O,A5A6FF8443523FF9
36B,O,FD1B403FD4EC3E8D
36B,O,508D1C5BF90CE574
36B,I,508D1C5BF90CE574
36B,I,98F2067168C267FE
36B,I,195090E551109C0A
36B,I,4624AC39DB25D456
36B,I,2DB47A3C263E4F5C
36B,I,6DFEED7F0DB44298
36B,I,A6ACEA5D8F32521D
36B,I,77505F1651DFA82F
36B,I,69C45315DFA906FC
36B,I,BE510511B0A7344E
36B,I,5F181A62BBCA16F7
36B,I,AAA29653BB050609
36B,I,EB9E9B5EEE20114C
36B,I,0BADB28A19C2E0BE
36B,I,D355B700FF30B3D7
36B,I,4A1EEF2271FA16D3
36B,I,B4F2BAAED2470D0A
36B,I,75C0DF6C7724CEEA
36B,I,EBF4EB34B96BC242
36B,I,3FE93821145B65F5
36B,I,264B29FD223D9C4E
36B,I,86D7BB9BA055D8A6
36B,I,C24776F20FE877FF
36B,I,257A6E19DD7F156C
36B,I,28A57C043C111604
36B,I,7EFC43457A826032
36M,O,A933FB47CBD8DF26
36M,O,066AA1A504714A20
36M,O,1423FCFF61709EAC
36M,O,B09E06FF6EF5A8C4
36M,O,508B02C5E209E802
36M,O,6C11A9780213BBBB
36M,O,0C3E27377BF1331D
36M,I,0C3E27377BF1331D
36M,I,D17DA49D5EFC6DD4
36M,I,6BCA27BE4E0F904D
36M,I,8C6EF1266E4EE05B
36M,I,257A6E19DD7F156C
36M,I,28A57C043C111604
36M,I,A933FB47CBD8DF26
36R,O,1925FD4FD4E8881A
36R,O,EE0ACB2B516C305E
36R,O,B035018DFD9028C3
36R,O,6F29E09A140E6F54
36R,O,ABA04608DBB7C351
36R,O,2658CCFAB79763B6
36R,O,264B29FD223D9C4E
36R,O,3E376000C84807D6
36R,O,C84CAD6CCD18F87F
36R,O,478ACE8A8C9A2705
36R,O,A13C2C1D5D3EE0D7
36R,O,AE7C79C814E6BD95
36R,O,C5294C92C5C6E334
36R,O,FCBCC90E0ECE4F58
36R,O,257A6E19DD7F156C
36R,O,28A57C043C111604
36R,O,F82CDE4D15A43CA3
36R,O,DEDD6247441C8C05
36R,O,B1D6CA16EE22225D
36R,O,3B54D43994CAC165
36R,O,D9655458715EBBF8
36R,O,8374DD78C287D9A7
36R,O,D5252DAD51812506
36X,O,7EFC43457A826032
36X,O,066AA1A504714A20
36X,O,D2ACD052AFD5900A
36X,O,8998797A3D3E02A7
36X,O,A91E6B3E8A9A7B34
36X,O,26C0B01357752657
36X,O,26EB1A3C1E17889A
36X,O,C3672D8D28801773
36X,O,9A412252B10AD2FF
36X,O,66FB0FCA51BFD6A3
36X,O,C586D7C1DBA5A4B3
36X,O,A5250E1C9C2E5B65
36X,O,6C1C752975B8A257
36X,O,AB4C15B92D4199BB
36X,O,10754E414E9B86F4
36X,O,9DDE74BD2D803D9C
36X,O,A37F8CF766FCF9F3
36X,O,EAE9158BE729E917
36X,O,45F2E2A508556D6E
36X,O,576538E1395C8508
36X,O,68DF2B78CD2B9C76
36X,I,F388A6F066DE4562
36X,I,89D32777124F4039
36X,I,1F2E60EDB4254D30
36X,I,EA4A3876639F21B4
36X,I,B0F64FFFBECE8AA4
36X,I,2DB47A3C263E4F5C
36X,I,16F899DA5289900D
36X,I,B96E368FC17CD0B0
36X,I,420E7970087AD769
36X,I,B4F2BAAED2470D0A
36X,I,75C0DF6C7724CEEA
36X,I,EBF4EB34B96BC242
36X,I,3FE93821145B65F5
36X,I,264B29FD223D9C4E
36X,I,86D7BB9BA055D8A6
36X,I,C24776F20FE877FF
36X,I,257A6E19DD7F156C
36X,I,28A57C043C111604
36X,I,7EFC43457A826032
37,O,6246B1ABED07DD80
37,O,B76B249D3D253008
37,O,73129107791388E6
37,O,1F453ABA9EA89D7B
37,O,77505F1651DFA82F
37,O,69C45315DFA906FC
37,O,BE510511B0A7344E
37,O,5F181A62BBCA16F7
37,O,AAA29653BB050609
37,O,551045DD53EA529D
37,O,A88468CF154B16E9
37,O,D355B700FF30B3D7
37,O,1B68DD9D137F906D
37,O,0CC9C5E5DBB3FF89
37,O,F39F638D34947E40
37,O,246ECB0F3B94855D
37,O,9985A4A51DFA3079
37,O,45A499CD3132E90A
37,O,434BB67EF7BCA912
37,O,B596DF51C1BDDB19
37,O,7FE0FCDBF45276EF
37,O,7D41FC4EE12CB8FD
37,O,9CF00A30796B6B2B
37,O,98A42EFF69A579A0
37,O,6246B1ABED07DD80
37,O,B76B249D3D253008
37,O,73129107791388E6
37,O,1F453ABA9EA89D7B
37,O,77505F1651DFA82F
37,O,69C45315DFA906FC
37,O,BE510511B0A7344E
37,O,5F181A62BBCA16F7
37,O,AAA29653BB050609
37,O,551045DD53EA529D
37,O,A88468CF154B16E9
37,O,D355B700FF30B3D7
37,O,1B68DD9D137F906D
37,O,0CC9C5E5DBB3FF89
37,O,F39F638D34947E40
37,O,246ECB0F3B94855D
37,O,9985A4A51DFA3079
37,O,45A499CD3132E90A
37,O,434BB67EF7BCA912
37,O,B596DF51C1BDDB19
37,O,7FE0FCDBF45276EF
37,O,7D41FC4EE12CB8FD
37,O,9CF00A30796B6B2B
37,O,98A42EFF69A579A0
37,I,98A42EFF69A579A0
37,I,2F82535CF1C5BF3A
37,I,EA43CFAD630C4690
37,I,4242A06B3D8849D9
37,I,7CA9FF2CDD3C4EE1
37,I,6DAB37A3FC9475C3
37,I,0393E099E78BEB94
37,I,6BF47953BB775A15
37,I,DB0A398B6B890051
37,I,F36F422FDC6B9D3F
37,I,50E78EB09845863E
37,I,09A156B1A802D093
37,I,BD34A7B702373B12
37,I,E30C2815DA280036
37,I,C06334CA2AF7814B
37,I,812E72C257C94B73
37,I,18C138014DF5B0C8
37,I,0FDE3A87457539BC
37,I,30B08A7B2B2B623F
37,I,5CA7841E84D52C8A
37,I,22138E6C8051FDBD
37,I,3B8B261C1DA409BD
37,I,6246B1ABED07DD80
37M,O,6063FF18F7E9D3C7
37M,O,434BB67EF7BCA912
37M,O,B596DF51C1BDDB19
37M,O,7FE0FCDBF45276EF
37M,O,7D41FC4EE12CB8FD
37M,O,9CF00A30796B6B2B
37M,O,DAFC5546720BA07D
37M,O,2F82535CF1C5BF3A
37M,O,EA43CFAD630C4690
37M,O,1C4E76186CEFBCB7
37M,O,7CA9FF2CDD3C4EE1
37M,O,6DAB37A3FC9475C3
37M,O,0393E099E78BEB94
37M,O,6063FF18F7E9D3C7
37X,O,1D93E7E9081E833B
37X,O,299184738ADD432A
37X,O,7FE0FCDBF45276EF
37X,O,A1C3FAC9A09BDBC7
37X,O,C97AC68CBB433F59
37X,O,8F9E235D3D6081DB
37X,O,EBEB497D57BB5B34
37X,O,B3D81B76B30B1366
37X,O,6DAB37A3FC9475C3
37X,O,0393E099E78BEB94
37X,O,6BF47953BB775A15
37X,O,DB0A398B6B890051
37X,O,FB9FA7AAA17E9E9D
37X,O,83EB94899B6BBB4B
37X,O,5F60283656DF3016
37X,O,1F2E60EDB4254D30
37X,O,EA4A3876639F21B4
37X,O,B0F64FFFBECE8AA4
37X,O,2DB47A3C263E4F5C
38,O,7CB0618D76B5F553
38,O,9CF00A30796B6B2B
38,O,3350CE851FCC56A3
38,O,2F82535CF1C5BF3A
38,O,EA43CFAD630C4690
38,O,1C4E76186CEFBCB7
38,O,7CA9FF2CDD3C4EE1
38,O,6DAB37A3FC9475C3
38,O,0393E099E78BEB94
38,O,6A5061ED084A2E4E
38,O,6F29E09A140E6F54
38,O,FD782C97D1FD97E0
38,O,2658CCFAB79763B6
38,O,E615D61C588B8F9D
38,O,C3672D8D28801773
38,O,34FBE7E973FE5EF5
38,O,66FB0FCA51BFD6A3
38,O,D198122830A4FDE3
38,O,99EF4CA10B3E1F17
38,O,326199D24220A42B
38,O,F893C6ABC2743F64
38,O,38330C642568FE3F
38,O,A15FFC3149FB92A0
38,O,9DE875FD17C67097
38,O,68B207DDC9A182AB
38,O,4BD5CE5106BB0697
38,O,6465DE9EE57F6C94
38,O,3E73B73B12E25DCF
38,O,CF579AAA2A4E506C
38,O,0B8C52E4C34E3B64
38,O,144E9479168069DD
38,O,7459D3AB11AFD6B5
38,O,2E2AD8BFE00F9FAB
38,O,3CB982FBC9E50AAA
38,O,F49FA120DE5E6582
38,O,1EF0671DB830C59D
38,O,23727783D2D3E994
38,O,EF17FDCDDF170D38
38,O,C1E7742780E828E9
38,I,C1E7742780E828E9
38,I,80C801672D7D560D
38,I,6491C7B3E4DAD76D
38,I,1107CC28F2631CCB
38,I,3EF537320681EE89
38,I,2EF9764BE18FC290
38,I,F1A90CEE2B8C40CC
38,I,84B384771F1CE484
38,I,671775E6AF279B42
38,I,4B17C55C032D3A37
38,I,266A4CDA19461A42
38,I,A147FDE0CFB7A60D
38,I,26A996F589C84844
38,I,F374B56E275194D8
38,I,58584BC1AC41723C
38,I,52A8DA8958AFCCA6
38,I,62A1C8EFAC876BDB
38,I,E435F72ACB8438ED
38,I,65842E04BFE99758
38,I,EFED59E880B693F5
38,I,29A62A8FE112766B
38,I,9751EE79B103C9B8
38,I,75C0DF6C7724CEEA
38,I,EBF4EB34B96BC242
38,I,3FE93821145B65F5
38,I,9161A6E5DCECCF39
38,I,898337E6181E5E66
38,I,9217F5E1950F12BF
38,I,E6FB42A68818D9F4
38,I,45A499CD3132E90A
38,I,434BB67EF7BCA912
38,I,5A850F8739B82EA6
38,I,198229EF878137DD
38,I,7E43C30824FE61FA
38,I,D32CA1C4A94A6AAD
38,I,DB5F02A65173A2D1
38,I,4C5AD92665CBCF5D
38,I,29EC0D6F48E5BCDA
38,I,4242A06B3D8849D9
38,I,DDAAE7806271F21A
38,I,7CB0618D76B5F553
38A,O,89EC8B1953766C7E
38A,O,9E9CD0E1663FFA99
38A,O,5D706A2A71B26811
38A,O,65784B3D2E189B56
38A,O,F8BC532C45A5A6F7
38A,O,C9E264A3F9D4CEB3
38A,O,558D298696B57A4D
38A,O,898337E6181E5E66
38A,O,9217F5E1950F12BF
38A,O,BB04686A2E0D7578
38A,O,88658D10545F9014
38A,O,F36F422FDC6B9D3F
38A,O,D6E8E2C3BD483D7F
38A,I,D6E8E2C3BD483D7F
38A,I,91C7F46612ADD9EF
38A,I,F39F638D34947E40
38A,I,246ECB0F3B94855D
38A,I,D17DA49D5EFC6DD4
38A,I,ABA04608DBB7C351
38A,I,AB10F01039440464
38A,I,354A2C15BD189228
38A,I,F09516C266163337
38A,I,A0C0A82ECC740D76
38A,I,6825AAECA55E0B01
38A,I,353B45E1D051707D
38A,I,89EC8B1953766C7E
38B,O,89EC8B1953766C7E
38B,O,9E9CD0E1663FFA99
38B,O,5D706A2A71B26811
38B,O,65784B3D2E189B56
38B,O,F8BC532C45A5A6F7
38B,O,C9E264A3F9D4CEB3
38B,O,558D298696B57A4D
38B,O,364529AB163D8609
38B,O,9217F5E1950F12BF
38B,O,BB04686A2E0D7578
38B,O,88658D10545F9014
38B,O,3F21ED54F86D9B1D
38B,O,BF72FF473A660C0E
38B,O,582E6E50ED66EB11
38B,O,D137ADD65D333E0B
38B,O,1AE43A670EACECB1
38B,O,C0D515CA78A56B65
38B,O,91481C9100917BA7
38B,O,40829C12642639D4
38B,O,E5421509D8FC00AF
38B,I,E5421509D8FC00AF
38B,I,5759B937A26C377E
38B,I,45AB0EC4F195CA7A
38B,I,66BF94751BD28BAD
38B,I,4432C7295979305C
38B,I,BAC94410BC54BD19
38B,I,3ABF1C6B0195D580
38B,I,480DB16994F8FFEE
38B,I,9A26BDE49933CEA8
38B,I,246ECB0F3B94855D
38B,I,D17DA49D5EFC6DD4
38B,I,ABA04608DBB7C351
38B,I,AB10F01039440464
38B,I,354A2C15BD189228
38B,I,F09516C266163337
38B,I,A0C0A82ECC740D76
38B,I,6825AAECA55E0B01
38B,I,353B45E1D051707D
38B,I,89EC8B1953766C7E
38P,O,3350CE851FCC56A3
38P,O,2F82535CF1C5BF3A
38P,O,EA43CFAD630C4690
38P,O,1C4E76186CEFBCB7
38P,O,7CA9FF2CDD3C4EE1
38P,O,6DAB37A3FC9475C3
38P,O,8956F5FA7B620297
38P,O,299184738ADD432A
38P,O,0393E099E78BEB94
38P,O,6A5061ED084A2E4E
38P,O,6F29E09A140E6F54
38P,O,FD782C97D1FD97E0
38P,O,8C6EF1266E4EE05B
38P,O,D2ACD052AFD5900A
38P,O,6334F84E7B0B49E6
38P,O,A91E6B3E8A9A7B34
38P,O,E615D61C588B8F9D
38P,O,C3672D8D28801773
38P,O,34FBE7E973FE5EF5
38P,O,66FB0FCA51BFD6A3
38P,O,99EF4CA10B3E1F17
38P,O,9FD865B00B2D54A1
38P,O,29ED2073D6C52B5A
38P,O,327E4BC13954EA86
38P,O,07521BB848913F74
38P,O,5D8FCEF2915882FD
38P,O,C2605DED84199B84
38P,O,CF579AAA2A4E506C
38P,O,0B8C52E4C34E3B64
38P,O,144E9479168069DD
38P,O,7459D3AB11AFD6B5
38P,O,2E2AD8BFE00F9FAB
38P,O,3CB982FBC9E50AAA
38P,O,F49FA120DE5E6582
38P,O,1EF0671DB830C59D
38P,O,23727783D2D3E994
38P,O,EF17FDCDDF170D38
38P,O,C1E7742780E828E9
38P,I,C1E7742780E828E9
38P,I,80C801672D7D560D
38P,I,6491C7B3E4DAD76D
38P,I,1107CC28F2631CCB
38P,I,3EF537320681EE89
38P,I,2EF9764BE18FC290
38P,I,F1A90CEE2B8C40CC
38P,I,84B384771F1CE484
38P,I,671775E6AF279B42
38P,I,D39533060940818A
38P,I,14894C859FDFE8C3
38P,I,A21BEB6F4E6D43E6
38P,I,2F1F9CF16B9E65AF
38P,I,62A1C8EFAC876BDB
38P,I,29A62A8FE112766B
38P,I,75C0DF6C7724CEEA
38P,I,EBF4EB34B96BC242
38P,I,3FE93821145B65F5
38P,I,264B29FD223D9C4E
38P,I,86D7BB9BA055D8A6
38P,I,BF6A2F247B90FEBB
38P,I,1423FCFF61709EAC
38P,I,898337E6181E5E66
38P,I,434BB67EF7BCA912
38P,I,698AD748223B2BEA
38P,I,9BEBB2D3B05DD529
38P,I,78DB6C3B360F72FF
38P,I,B596DF51C1BDDB19
38P,I,7FE0FCDBF45276EF
38P,I,D6E2F61E79C01350
38P,I,00A61AE52C4EE28E
38P,I,6E9E3D64C5F18B8D
38P,I,556068A8E995DBE4
38P,I,1CD2EB6ADBA627EE
38S,O,6C11A9780213BBBB
38S,O,4FA0B29923179E81
38S,O,4C8FC1FC10581C16
38S,O,F7400DD4FDA0A1A2
38S,I,C1FDED1F704DF778
38S,I,30F65FADFFF443A0
38S,I,0FD15BC4172B0293
38S,I,6C11A9780213BBBB
39A,O,765D48B2BF317327
39A,O,A11E4BB8DE5D8598
39A,O,65784B3D2E189B56
39A,O,F8BC532C45A5A6F7
39A,O,7019D5AE9C63EE72
39A,O,D711AFA9658D51E9
39A,O,3F545756160D7BEA
39A,O,50C0A622B149C308
39A,O,A73739F6D37090EE
39A,O,07814531B88CD829
39A,O,A722DAAC99CE03D4
39A,O,5FD70A34C55CE590
39A,O,33674BF8F361D2C3
39A,O,FE30EA565CC9ADBE
39A,O,D1CAF0CE0129B0E6
39A,O,CF2B9E9382183398
39A,O,41D5331F81DB331C
39A,O,4BDF62F2A7C32429
39A,O,CAF9395414DBD090
39A,O,F09516C266163337
39A,O,E5F3EF7B050DA88F
39A,O,E8B842CC3AB62056
39A,O,716D84D1B7EA256E
39M,O,A6DCDE5BE439B179
39M,O,FE30EA565CC9ADBE
39M,O,D1CAF0CE0129B0E6
39M,O,CF2B9E9382183398
39M,O,C5C940CF1281B923
39M,O,9429666D064419BE
39M,O,EF4016702D714B33
39M,O,D711AFA9658D51E9
39M,O,3F545756160D7BEA
39M,O,50C0A622B149C308
39M,O,A73739F6D37090EE
39M,O,07814531B88CD829
39M,O,A722DAAC99CE03D4
39M,O,5FD70A34C55CE590
39M,O,A6DCDE5BE439B179
40,O,7C16C33063484D0E
40,O,93F4EA3D82B33BEF
40,O,B8B04CD1E568B8F6
40,O,95797E4D2901A516
40,O,CAEEAD91F339D3DA
40,O,20E8B4520A802912
40,O,A60AE774B09A5E44
40,O,1F934873940D1F49
40,O,C9E264A3F9D4CEB3
40,O,558D298696B57A4D
40,O,364529AB163D8609
40,O,9217F5E1950F12BF
40,O,F1934936E2AB96E4
40,O,D8828243CCA293B4
40,O,647AB0AD358F10DF
40,O,B4F2BAAED2470D0A
40,O,D198122830A4FDE3
40,O,99EF4CA10B3E1F17
40,O,326199D24220A42B
40,O,F893C6ABC2743F64
40,O,38330C642568FE3F
40,O,96A6FE5F07BDF203
40,O,9DE875FD17C67097
40,O,68B207DDC9A182AB
40,O,66B78B49B8E626C9
40,O,6216EE509BD55B09
40,O,4D3C6D74F6AE8C7D
40,O,FCA3906F0282A3CE
40,O,EB177E95B39626AE
40,O,64BE0873B015460A
40,O,41E95E283D770EF7
40,O,60EFE49C54F0CF11
40,O,CFD146683A7FFC62
40,O,C645EAB71B49A03C
40,O,7C16C33063484D0E
40,O,93F4EA3D82B33BEF
40,O,B8B04CD1E568B8F6
40,O,95797E4D2901A516
40,O,CAEEAD91F339D3DA
40,O,20E8B4520A802912
40,O,A60AE774B09A5E44
40,O,1F934873940D1F49
40,O,C9E264A3F9D4CEB3
40,O,558D298696B57A4D
40,O,364529AB163D8609
40,O,9217F5E1950F12BF
40,O,F1934936E2AB96E4
40,O,D8828243CCA293B4
40,O,647AB0AD358F10DF
40,O,6762DEA1B89E6354
40,O,B4F2BAAED2470D0A
40,O,D198122830A4FDE3
40,O,99EF4CA10B3E1F17
40,O,326199D24220A42B
40,O,F893C6ABC2743F64
40,O,38330C642568FE3F
40,O,96A6FE5F07BDF203
40,O,9DE875FD17C67097
40,O,68B207DDC9A182AB
40,O,66B78B49B8E626C9
40,O,6216EE509BD55B09
40,O,4D3C6D74F6AE8C7D
40,O,FCA3906F0282A3CE
40,O,EB177E95B39626AE
40,O,64BE0873B015460A
40,O,41E95E283D770EF7
40,O,60EFE49C54F0CF11
40,O,CFD146683A7FFC62
40,O,C645EAB71B49A03C
40,I,C645EAB71B49A03C
40,I,AA552AEC56A11EE4
40,I,FDB6E3CC223991D1
40,I,8A928A173E67CD96
40,I,C000E4384A704993
40,I,FAAD25334A972923
40,I,3CA81FA2944B754D
40,I,671775E6AF279B42
40,I,4B17C55C032D3A37
40,I,266A4CDA19461A42
40,I,E4DC4C1162E302AE
40,I,26A996F589C84844
40,I,9C884013EBA1D548
40,I,58584BC1AC41723C
40,I,52A8DA8958AFCCA6
40,I,62A1C8EFAC876BDB
40,I,E435F72ACB8438ED
40,I,65842E04BFE99758
40,I,29A62A8FE112766B
40,I,9751EE79B103C9B8
40,I,A5250E1C9C2E5B65
40,I,B6ECF261EB79418C
40,I,91C7F46612ADD9EF
40,I,F39F638D34947E40
40,I,246ECB0F3B94855D
40,I,D17DA49D5EFC6DD4
40,I,ABA04608DBB7C351
40,I,40A8EA2850B0979B
40,I,B943DBEE65B0B18F
40,I,7019D5AE9C63EE72
40,I,4E224310C4B46C9A
40,I,3F545756160D7BEA
40,I,BFA3460955AC820C
40,I,5FB1FCAF80F3D97D
40,I,7C16C33063484D0E
40A,O,6A5061ED084A2E4E
40A,O,F1934936E2AB96E4
40A,O,D8828243CCA293B4
40A,O,647AB0AD358F10DF
40A,O,6762DEA1B89E6354
40A,O,B4F2BAAED2470D0A
40A,O,D198122830A4FDE3
40A,O,99EF4CA10B3E1F17
40A,O,326199D24220A42B
40A,O,F893C6ABC2743F64
40A,O,5536C9E3A0CE1228
40A,O,96A6FE5F07BDF203
40A,O,9DE875FD17C67097
40A,O,68B207DDC9A182AB
40A,O,66B78B49B8E626C9
40A,O,6216EE509BD55B09
40A,O,4D3C6D74F6AE8C7D
40A,O,FCA3906F0282A3CE
40A,O,EB177E95B39626AE
40A,O,144E9479168069DD
40A,O,7459D3AB11AFD6B5
40A,O,2E2AD8BFE00F9FAB
40A,O,3CB982FBC9E50AAA
40A,O,F49FA120DE5E6582
40A,O,1EF0671DB830C59D
40A,O,23727783D2D3E994
40A,O,EF17FDCDDF170D38
40A,O,C1E7742780E828E9
40B,O,1D93E7E9081E833B
40B,O,299184738ADD432A
40B,O,0393E099E78BEB94
40B,O,6A5061ED084A2E4E
40B,O,6BF47953BB775A15
40B,O,DB0A398B6B890051
40B,O,7467287ACB876529
40B,O,68758E936DF9B173
40B,O,EC14900F4BD3744B
40B,O,802F7427CE9492AB
40B,O,E3B77FDA167AE325
40B,O,3C9E0D9FBEA28AC6
40B,O,952DD8539E6DAC75
40B,O,E3AB394138EDE467
40B,O,D597E0A9258D0894
40B,O,FA343B97309B84B4
40B,O,E7E5E3C1F761966F
40B,O,647AB0AD358F10DF
40B,O,B4F2BAAED2470D0A
40B,O,D198122830A4FDE3
40B,O,99EF4CA10B3E1F17
40B,O,326199D24220A42B
40B,O,F893C6ABC2743F64
40B,O,5536C9E3A0CE1228
40B,O,96A6FE5F07BDF203
40B,O,9DE875FD17C67097
40B,O,68B207DDC9A182AB
40B,O,66B78B49B8E626C9
40B,O,6216EE509BD55B09
40B,O,4D3C6D74F6AE8C7D
40B,O,FCA3906F0282A3CE
40B,O,EB177E95B39626AE
40B,O,144E9479168069DD
40B,O,7459D3AB11AFD6B5
40B,O,2E2AD8BFE00F9FAB
40B,O,3CB982FBC9E50AAA
40B,O,F49FA120DE5E6582
40B,O,1EF0671DB830C59D
40B,O,23727783D2D3E994
40B,O,EF17FDCDDF170D38
40B,O,C1E7742780E828E9
40E,O,B493CF03406C0B5E
40E,O,F63D25B428F1C1D9
40E,O,1E471172708B5C5D
40E,O,2479788748627B65
40E,O,9AD30F8EDBC3F139
40E,O,8337F935242C5CC3
40E,O,0D4E07F475845DB3
40E,O,B071B60F5566934B
40E,O,E2602DD1C8EA1AC8
40E,O,2021D186A889FA2E
40E,O,620E14F31DA31490
40E,O,32F5F33FA68B77D6
40E,O,0A1DAEAFFDFF0B66
40E,O,3A2924B2461D053B
40E,O,066AA1A504714A20
40E,O,1423FCFF61709EAC
40E,O,898337E6181E5E66
40E,O,4E3FEA4E559A5D16
40E,O,DA17B01A4A61A358
40E,I,EA0A89C7D56C46DF
40E,I,7EA4C557505395EF
40E,I,BA4CD6F5C93BB59E
40E,I,D6A21211E4788F7B
40E,I,8C6EF1266E4EE05B
40E,I,257A6E19DD7F156C
40E,I,28A57C043C111604
40E,I,E00E92F19002ED3E
40E,I,DEDD6247441C8C05
40E,I,81B719F7DC3F0FAD
40E,I,C8276DF869656712
40E,I,E27820FF0AF73D52
40E,I,0209A3C455B1DBE9
40E,I,4B5F39DBC6671C81
40E,I,4CC126E0B1E42F14
40E,I,A90443FD0C19C4B1
40E,I,9AD30F8EDBC3F139
40E,I,1E471172708B5C5D
40E,I,2479788748627B65
40E,I,2C5CA5F47FB6EB3F
40E,I,B493CF03406C0B5E
40P,O,BE510EB6544BA616
40P,O,A60AE774B09A5E44
40P,O,03D5CB9EBB6602B2
40P,O,F9475B6C5F5B9C21
40P,O,B18C8718C0B7904F
40P,O,D1A1DF2BDC842EE5
40P,O,33A7AB58611A0F6D
40P,O,0A1DAEAFFDFF0B66
40P,O,3A2924B2461D053B
40P,O,066AA1A504714A20
40P,O,D2ACD052AFD5900A
40P,O,C95751DB2112F279
40P,O,F7AD8DE682AD5BB3
40P,O,54BA046B2D0297A0
40P,O,A7516C49B99EFD78
40P,O,C3672D8D28801773
40P,O,34FBE7E973FE5EF5
40P,O,F5A44B89EFBC0B4F
40P,O,99EF4CA10B3E1F17
40P,O,F893C6ABC2743F64
40P,O,9FD865B00B2D54A1
40P,O,96A6FE5F07BDF203
40P,O,9DE875FD17C67097
40P,O,68B207DDC9A182AB
40P,O,66B78B49B8E626C9
40P,O,6216EE509BD55B09
40P,O,4D3C6D74F6AE8C7D
40P,O,FCA3906F0282A3CE
40P,O,EB177E95B39626AE
40P,O,64BE0873B015460A
40P,O,6F666C5235BD859B
40P,O,C95751DB2112F279
40P,O,F7AD8DE682AD5BB3
40P,O,54BA046B2D0297A0
40P,O,A7516C49B99EFD78
40P,O,C3672D8D28801773
40P,O,34FBE7E973FE5EF5
40P,O,F5A44B89EFBC0B4F
40P,O,99EF4CA10B3E1F17
40P,O,F893C6ABC2743F64
40P,O,9FD865B00B2D54A1
40P,O,96A6FE5F07BDF203
40P,O,9DE875FD17C67097
40P,O,68B207DDC9A182AB
40P,O,66B78B49B8E626C9
40P,O,6216EE509BD55B09
40P,O,4D3C6D74F6AE8C7D
40P,O,FCA3906F0282A3CE
40P,O,EB177E95B39626AE
40P,O,64BE0873B015460A
40P,O,6F666C5235BD859B
40P,I,6F666C5235BD859B
40P,I,C000E4384A704993
40P,I,FAAD25334A972923
40P,I,84B384771F1CE484
40P,I,671775E6AF279B42
40P,I,4B17C55C032D3A37
40P,I,266A4CDA19461A42
40P,I,A147FDE0CFB7A60D
40P,I,26A996F589C84844
40P,I,F374B56E275194D8
40P,I,58584BC1AC41723C
40P,I,52A8DA8958AFCCA6
40P,I,62A1C8EFAC876BDB
40P,I,E435F72ACB8438ED
40P,I,65842E04BFE99758
40P,I,EFED59E880B693F5
40P,I,29A62A8FE112766B
40P,I,9751EE79B103C9B8
40P,I,75C0DF6C7724CEEA
40P,I,EBF4EB34B96BC242
40P,I,3FE93821145B65F5
40P,I,264B29FD223D9C4E
40P,I,26C0B01357752657
40P,I,C84CAD6CCD18F87F
40P,I,478ACE8A8C9A2705
40P,I,A13C2C1D5D3EE0D7
40P,I,AE7C79C814E6BD95
40P,I,FCBCC90E0ECE4F58
40P,I,257A6E19DD7F156C
40P,I,28A57C043C111604
40P,I,F82CDE4D15A43CA3
40P,I,DEDD6247441C8C05
40P,I,3B54D43994CAC165
40P,I,D9655458715EBBF8
40P,I,8374DD78C287D9A7
40P,I,D5252DAD51812506
40P,I,CE2E93A0D850F21F
40P,I,BE510EB6544BA616
40X,O,9AD30F8EDBC3F139
40X,O,8337F935242C5CC3
40X,O,0D4E07F475845DB3
40X,O,B071B60F5566934B
40X,O,8507CD56EB29D1CF
40X,O,2ADCFCFCCDDF2C9B
40X,O,2F163186FB995E0B
40X,O,1F1A440137854ABF
40X,O,2021D186A889FA2E
40X,O,763D73BAB7E2A1AE
40X,O,34740DD5ABC36F12
40X,O,25E1BAE2C272ED4C
40X,O,823E3EE2413E40E2
40X,O,45AB0EC4F195CA7A
40X,O,9D3BCB233237C32C
40X,O,4E56DD827C1F571A
40X,O,620E14F31DA31490
40X,O,26D2833891C00F40
40X,O,0A1DAEAFFDFF0B66
40X,O,3A2924B2461D053B
40X,O,066AA1A504714A20
40X,O,1423FCFF61709EAC
40X,O,898337E6181E5E66
40X,O,434BB67EF7BCA912
40X,O,698AD748223B2BEA
40X,O,9BEBB2D3B05DD529
40X,O,DB87B8A5A56F8336
40X,O,9AD30F8EDBC3F139
40X,O,8337F935242C5CC3
40X,O,B311A7AB3140FBC9
40X,O,761CDB62DC025007
40X,O,2ADCFCFCCDDF2C9B
40X,O,2F163186FB995E0B
40X,O,1F1A440137854ABF
40X,O,2021D186A889FA2E
40X,O,620E14F31DA31490
40X,O,26D2833891C00F40
40X,O,0A1DAEAFFDFF0B66
40X,O,3A2924B2461D053B
40X,O,066AA1A504714A20
40X,O,1423FCFF61709EAC
40X,O,898337E6181E5E66
40X,O,4E3FEA4E559A5D16
40X,O,DA17B01A4A61A358
40X,O,3E8426FA1832BA50
40X,O,7420DF52F1B42C9F
40X,O,EA0A89C7D56C46DF
40X,I,DB87B8A5A56F8336
40X,I,299184738ADD432A
40X,I,0393E099E78BEB94
40X,I,4626B2F2CF370D72
40X,I,6F29E09A140E6F54
40X,I,D6A21211E4788F7B
40X,I,8C6EF1266E4EE05B
40X,I,257A6E19DD7F156C
40X,I,28A57C043C111604
40X,I,E00E92F19002ED3E
40X,I,DEDD6247441C8C05
40X,I,81B719F7DC3F0FAD
40X,I,C8276DF869656712
40X,I,537168ECCA2CE578
40X,I,D85AF13DC2FB0118
40X,I,91481C9100917BA7
40X,I,40829C12642639D4
40X,I,16A7F2C343AA6DE6
40X,I,4B0E21EDF07F9C83
40X,I,1CF4AE2F7045B848
40X,I,E27820FF0AF73D52
40X,I,CB667DC000F66D40
40X,I,857F6F958A96DCDB
40X,I,180DC2E520E7A4D0
40X,I,5E082FCF5C58328C
40X,I,4B5F39DBC6671C81
40X,I,4CC126E0B1E42F14
40X,I,A90443FD0C19C4B1
40X,I,9AD30F8EDBC3F139
41A,O,6ACF3394256E280F
41A,O,4E870B220826BEE0
41A,O,DE2B114C5B1EEA91
41A,O,117F6DFC29E97F0A
41A,O,5736A90A7D7E8F66
41A,O,61D7306AC40C4FB8
41A,O,5BDACC01F1655F27
41A,O,21A1859E80CD542A
41A,O,6C1C752975B8A257
41A,O,C2685779C6B11E87
41A,O,8E3A5C15E42020BB
41A,O,96442B84082D4DF5
41A,O,508D99EBC9AB3A9B
41A,O,FE56DD70DEDE0395
41A,O,D2217D7746597D10
41A,O,5D75A800F823B45D
41A,O,C175ACB534E8C15C
41A,O,4139F73177AF267D
41A,O,E45CFAB2E6E4C8FE
41A,O,691550E17EAE9D00
41A,I,691550E17EAE9D00
41A,I,F2508598F5A43655
41A,I,3313287185163530
41A,I,89D32777124F4039
41A,I,1F2E60EDB4254D30
41A,I,EA4A3876639F21B4
41A,I,B0F64FFFBECE8AA4
41A,I,5EEFE2E2583B576B
41A,I,1E0C8A961881DE1D
41A,I,C597F5C65774F91D
41A,I,5CA7841E84D52C8A
41A,I,22138E6C8051FDBD
41A,I,3B8B261C1DA409BD
41A,I,9DA7325E4238402B
41A,I,195C509959C6A799
41A,I,85B41FEDE6611826
41A,I,59B81980AC8F7878
41A,I,143D7489C808BD46
41A,I,CFB33B4D4B0EA4BA
41A,I,8D7CB6C3D48258D6
41A,I,6ACF3394256E280F
41M,O,C5074D083891BB43
41M,O,143D7489C808BD46
41M,O,42E8D16F8EF243D1
41M,O,8D7CB6C3D48258D6
41M,O,AD09CB78CEDADB0B
41M,O,E090C46182471309
41M,O,132584D5CB2235BC
41M,O,C3D18DE248C7C435
41M,O,520D0D5DB7FAB41C
41M,I,520D0D5DB7FAB41C
41M,I,92A8281D80524F78
41M,I,8F3D9EAD0B849330
41M,I,7F8529494720703C
41M,I,5D919BA157405E33
41M,I,DE2B114C5B1EEA91
41M,I,117F6DFC29E97F0A
41M,I,5736A90A7D7E8F66
41M,I,C5074D083891BB43
41R,O,1925FD4FD4E8881A
41R,O,AB10F01039440464
41R,O,B943DBEE65B0B18F
41R,O,5AF593F7A11180E2
41R,O,3F545756160D7BEA
41R,O,B2C63864D1C98F56
41R,O,033CB7A21D6DC60C
41R,O,36880B47F043D519
41R,O,4E870B220826BEE0
41R,O,5AD2A4D21C226335
41R,O,A454170B2B59B587
41R,O,D6E7412666B1175B
41R,O,AB87BD2749FFEACA
41R,O,43398296F1D1BD48
41R,O,67F3E54FF145BA65
41R,O,F93448A5F1168FB1
41R,O,DFB7FD5832A4BA4E
41R,O,D34C171F5A6DCDA9
42,O,97EDE39CDE116A94
42,O,CC2886532E162A85
42,O,AAAF715A5DC3A7CD
42,O,3406C1A9DA760403
42,O,6E24D2D895228AC3
42,O,CA60760D2303E6D0
42,O,DE99B27530D1A3C4
42,O,A25160BA84EE09F7
42,O,2111E15DA3CEFEC4
42,O,952DD8539E6DAC75
42,O,E3AB394138EDE467
42,O,F275A85A9CF9BBC4
42,O,FA343B97309B84B4
42,O,E7E5E3C1F761966F
42,O,062B0243536F0816
42,O,13B39CD775874ED9
42,O,08A97AD10693B841
42,O,42E5CC0772775C7E
42,O,1D75CC7D0B671EEE
42,O,79BB89DA868D93CF
42,O,BE47845FF3E717FC
42,O,854BC3A8D4DE6AA9
42,O,ACA7282A66D0A29B
42,O,408F72CA87CC73A6
42,O,549013DC1C3A2A44
42,O,ADA4B4F4B604885B
42,O,0D7B059BFF6CA5E2
42,O,8D386F5D210C3439
42,O,A80D9E7FA0C070E6
42,O,32CCEDBCC9EAAA9E
42,O,2751781A6F757C5D
42,O,6045969736940272
42,O,F851B0B122F38CCC
42,O,2FA93329F924968F
42,O,1E58DF8CAD59712E
42,O,12B08A64756B780B
42,O,448C1B8AECA89A6E
42,O,92D1BB946193F239
42,O,D887822D673804CA
42,O,E7116B44D9E9393A
42,O,9A16E73DC0B9AF6C
42,O,B932B24E7F3C5677
42,O,A0AB9A2B2D648FF5
42,O,51ABC48DD7AFB11F
42,O,62BBCD4CDBFDC8A5
42,I,62BBCD4CDBFDC8A5
42,I,8571BCC3A3E4006E
42,I,D9896F1A5B7C97C0
42,I,3BA9C90738A8600D
42,I,F6703708A375C67E
42,I,4D9419874306D82F
42,I,D625B0997C3DBCFE
42,I,B5BAED26BD56AC16
42,I,121EAC1C0D7D77BE
42,I,CC6ED4BD466C1CB0
42,I,0A72152D4873A5C7
42,I,55EE74AF2D1A7DAA
42,I,65B934D14EA190F1
42,I,F7CAA2D4FF9D61F7
42,I,DEB8D7D95E7D528A
42,I,D3C41BB36EC805E0
42,I,A8C595F1E33B5DEF
42,I,F75C1A9AFDBB52F1
42,I,04FC6E130D4953F4
42,I,B294A8638290F5C2
42,I,70349D91EC82AFE1
42,I,E35B5F1B80E085E6
42,I,A3F6D2CA9135A988
42,I,375D37F2AF5D762A
42,I,37A4D07D7179CE76
42,I,C979915CB2F4A35C
42,I,94612276CB142F93
42,I,24BB2F5E5721E970
42,I,0E7645CCF6AA3558
42,I,422BD13B241CCD5B
42,I,AD326AC36444B948
42,I,044D07048F45F915
42,I,6E6EBC9D1AF2DA52
42,I,F273E57C36913893
42,I,D52D3F3FB66EF61A
42,I,6DF1AF2871D4B7D9
42,I,196A1E44C305C174
42,I,BDE0F1679E1C8ABF
42,I,13458794A52910B0
42,I,97EDE39CDE116A94
42A,O,79E9234905D6F856
42A,O,517D0A232BB15633
42A,O,AAAF715A5DC3A7CD
42A,O,3406C1A9DA760403
42A,O,0FC2713372030A4C
42A,O,B085DDE8E381E370
42A,O,DE99B27530D1A3C4
42A,O,A25160BA84EE09F7
42A,O,F36F422FDC6B9D3F
42A,O,1E1F9E719E67766C
42A,O,F01F8CF411A34AA7
42A,O,5CF51F3B971D4D56
42A,O,AAB25066B96C6588
42A,O,7BA304A9D0662541
42A,O,943DA171019723CE
42A,O,495A6186451A78E3
42A,O,B71D38598F3C942D
42A,O,68D0BC0C7164F763
42A,O,7BE18698D0E8FDCE
42A,O,8748720365CEA134
42A,O,25B94D808EC232D8
42A,O,2F165341B07CBDB9
42A,O,FD1B403FD4EC3E8D
42A,O,83C964C7AF464F05
42A,I,83C964C7AF464F05
42A,I,98F2067168C267FE
42A,I,86E1C776C6D78DFC
42A,I,5EEFE2E2583B576B
42A,I,1E0C8A961881DE1D
42A,I,C597F5C65774F91D
42A,I,610F9B32EEAE091D
42A,I,3CE4A2049409A6DD
42A,I,E6ED785726AED4AE
42A,I,D5C36653A51759C3
42A,I,F75C1A9AFDBB52F1
42A,I,A88468CF154B16E9
42A,I,A468A530A8C84E11
42A,I,CF17F8C87DBBF2BC
42A,I,F39F638D34947E40
42A,I,D52D3F3FB66EF61A
42A,I,3D01A5479C31FB05
42A,I,6DF1AF2871D4B7D9
42A,I,196A1E44C305C174
42A,I,BDE0F1679E1C8ABF
42A,I,13458794A52910B0
42A,I,3F13933D0157CFCF
42A,I,A2BE47AFF20CD4F6
42A,I,79E9234905D6F856
42C,O,A453A24D622091F0
42C,O,67DFAB691BECE339
42C,O,6D016EBFA090D535
42C,O,04D3244DD2B38746
42C,O,59B81980AC8F7878
42C,O,4236C502F947A6DF
42C,O,42AC6356E7A6D159
42C,O,8D7CB6C3D48258D6
42C,O,28725EBEC5C8EC40
42C,O,FD80BB497E0791CA
42C,O,C9E264A3F9D4CEB3
42C,O,094D2EBC017EE61A
42C,O,2658CCFAB79763B6
42C,O,E615D61C588B8F9D
42C,O,C3672D8D28801773
42C,O,34FBE7E973FE5EF5
42C,O,D198122830A4FDE3
42C,O,99EF4CA10B3E1F17
42C,O,326199D24220A42B
42C,O,F893C6ABC2743F64
42C,O,9FD865B00B2D54A1
42C,O,A15FFC3149FB92A0
42C,O,5D1E6432755E4F5F
42C,O,279C78D8C04A83BB
42C,O,BA03816A38B9DA7F
42C,O,D0F8772D043C207E
42C,O,BE36EF30B86ADD1D
42C,O,3E73B73B12E25DCF
42C,O,38B86AC474D1060D
42C,O,EB177E95B39626AE
42C,O,5AAC6A858427D04E
42C,O,F36C1B3AC57D96FA
42C,O,10D4A794330B054C
42C,I,10D4A794330B054C
42C,I,F1A90CEE2B8C40CC
42C,I,84B384771F1CE484
42C,I,671775E6AF279B42
42C,I,4B17C55C032D3A37
42C,I,266A4CDA19461A42
42C,I,A147FDE0CFB7A60D
42C,I,26A996F589C84844
42C,I,DCC8F8655EB76754
42C,I,58584BC1AC41723C
42C,I,52A8DA8958AFCCA6
42C,I,62A1C8EFAC876BDB
42C,I,E435F72ACB8438ED
42C,I,65842E04BFE99758
42C,I,EFED59E880B693F5
42C,I,29A62A8FE112766B
42C,I,9751EE79B103C9B8
42C,I,75C0DF6C7724CEEA
42C,I,EBF4EB34B96BC242
42C,I,3FE93821145B65F5
42C,I,9161A6E5DCECCF39
42C,I,AB10F01039440464
42C,I,354A2C15BD189228
42C,I,F3CDDD199E10AD91
42C,I,36880B47F043D519
42C,I,4E870B220826BEE0
42C,I,5AD2A4D21C226335
42C,I,A454170B2B59B587
42C,I,D6E7412666B1175B
42C,I,7E97DE06FCADF324
42C,I,43398296F1D1BD48
42C,I,65D1B50CC2E45985
42C,I,67F3E54FF145BA65
42C,I,3F13933D0157CFCF
42C,I,A2BE47AFF20CD4F6
42C,I,A453A24D622091F0
42M,O,79842A7E2FC0844F
42M,O,2E734BC49E03D3D7
42M,O,AD09CB78CEDADB0B
42M,O,E090C46182471309
42M,O,132584D5CB2235BC
42M,O,D711AFA9658D51E9
42M,O,E1813070DA5B31D6
42M,I,E1813070DA5B31D6
42M,I,CA0CA201B9E91160
42M,I,92A8281D80524F78
42M,I,4B95B1DBC152E5EB
42M,I,7F8529494720703C
42M,I,5D919BA157405E33
42M,I,A2BE47AFF20CD4F6
42M,I,CC6B75E6D60B4C57
42M,I,79842A7E2FC0844F
43,O,DD6BC62A7723292F
43,O,DFB7FD5832A4BA4E
43,O,42827007F74D36EA
43,O,A3D1F413719E60F1
43,O,B085DDE8E381E370
43,O,DE99B27530D1A3C4
43,O,A25160BA84EE09F7
43,O,DC28E30AF099D339
43,O,EE0ACB2B516C305E
43,O,45A499CD3132E90A
43,O,B035018DFD9028C3
43,O,F7005C63821245C3
43,O,02E2C6CDE2A867C1
43,O,1761C3A8C035C581
43,O,61C243D8DF535149
43,O,FD3E79D1B5A2237F
43,O,FFB21D12A61560FE
43,O,3A99869DB9D31D45
43,O,1C179AC6FE83C808
43,O,E8B842CC3AB62056
43,O,716D84D1B7EA256E
43,I,56982DE125174FCD
43,I,CDEB07C7C0841D5B
43,I,202E5866758484CB
43,I,FE90421D0B82E691
43,I,F0AE2D3C2589FC4F
43,I,B9DFF2C142DCE309
43,I,56E8E92250BBEE74
43,I,78DB6C3B360F72FF
43,I,F4C9FD2549C6DD80
43,I,C75C4E41DBEDFBAF
43,I,45B2EF855CDEA7C9
43,I,6BF47953BB775A15
43,I,7420DF52F1B42C9F
43,I,D52D3F3FB66EF61A
43,I,6DF1AF2871D4B7D9
43,I,196A1E44C305C174
43,I,BDE0F1679E1C8ABF
43,I,13458794A52910B0
43,I,DD6BC62A7723292F
43A,O,26AC2D471648CA0C
43A,O,2E734BC49E03D3D7
43A,O,88E5894981B2D9D8
43A,O,DFB7FD5832A4BA4E
43A,O,42827007F74D36EA
43A,O,1A37A52F97A04C81
43A,O,B085DDE8E381E370
43A,O,DE99B27530D1A3C4
43A,O,A25160BA84EE09F7
43A,O,DC28E30AF099D339
43A,O,EE0ACB2B516C305E
43A,O,45A499CD3132E90A
43A,O,75AA9801B870CCE1
43A,O,6F29E09A140E6F54
43A,O,140E4137EAC319B5
43A,O,2658CCFAB79763B6
43A,O,D2EF3E1D638B1B9A
43A,O,063AFC6BA7D7CE0B
43A,I,063AFC6BA7D7CE0B
43A,I,264B29FD223D9C4E
43A,I,86D7BB9BA055D8A6
43A,I,C24776F20FE877FF
43A,I,1423FCFF61709EAC
43A,I,364529AB163D8609
43A,I,9217F5E1950F12BF
43A,I,3E8426FA1832BA50
43A,I,7420DF52F1B42C9F
43A,I,D52D3F3FB66EF61A
43A,I,3D01A5479C31FB05
43A,I,6DF1AF2871D4B7D9
43A,I,196A1E44C305C174
43A,I,BDE0F1679E1C8ABF
43A,I,13458794A52910B0
43A,I,3F13933D0157CFCF
43A,I,A2BE47AFF20CD4F6
43A,I,CC6B75E6D60B4C57
43A,I,26AC2D471648CA0C
43B,O,E4B8EC0E7170AF9B
43B,O,13458794A52910B0
43B,O,67DFAB691BECE339
43B,O,6D016EBFA090D535
43B,O,04D3244DD2B38746
43B,O,59B81980AC8F7878
43B,O,1FEDF7B1A82A432A
43B,O,3D1F700E1D244C5A
43B,O,C78F66DF6FA871B6
43B,O,8D7CB6C3D48258D6
43B,O,36858102881A0839
43B,O,5AF593F7A11180E2
43B,O,01642BC44DCFDB3C
43B,O,716D84D1B7EA256E
43B,I,80EEE299A75B7F1B
43B,I,A60AE774B09A5E44
43B,I,2D33D39F61B74C5D
43B,I,C9E264A3F9D4CEB3
43B,I,F9F4E00007242BED
43B,I,4E870B220826BEE0
43B,I,5AD2A4D21C226335
43B,I,A454170B2B59B587
43B,I,6129FAE857E1D5F0
43B,I,D6E7412666B1175B
43B,I,7E97DE06FCADF324
43B,I,43398296F1D1BD48
43B,I,65D1B50CC2E45985
43B,I,67F3E54FF145BA65
43B,I,F93448A5F1168FB1
43B,I,DFB7FD5832A4BA4E
43B,I,E4B8EC0E7170AF9B
43C,O,DD6BC62A7723292F
43C,O,517D0A232BB15633
43C,O,AAAF715A5DC3A7CD
43C,O,0F60AAE48C3B22EE
43C,O,0FC2713372030A4C
43C,O,B085DDE8E381E370
43C,O,996EC6B4E40A2E4A
43C,O,5CA7841E84D52C8A
43C,O,22138E6C8051FDBD
43C,O,7FC13D26792F63F9
43C,O,C08929D9D44B1C49
43C,I,C08929D9D44B1C49
43C,I,5A0D9C9441ED6AC5
43C,I,9BF9C994F2DAE15D
43C,I,B76B249D3D253008
43C,I,A7F35DC09E1A1528
43C,I,D242B538BA760551
43C,I,3CE4A2049409A6DD
43C,I,E6ED785726AED4AE
43C,I,D5C36653A51759C3
43C,I,F75C1A9AFDBB52F1
43C,I,A88468CF154B16E9
43C,I,A468A530A8C84E11
43C,I,CF17F8C87DBBF2BC
43C,I,F39F638D34947E40
43C,I,D52D3F3FB66EF61A
43C,I,6DF1AF2871D4B7D9
43C,I,196A1E44C305C174
43C,I,BDE0F1679E1C8ABF
43C,I,13458794A52910B0
43C,I,3F13933D0157CFCF
43C,I,A2BE47AFF20CD4F6
43C,I,F88EE882E4B77399
43D,O,26AC2D471648CA0C
43D,O,2E734BC49E03D3D7
43D,O,88E5894981B2D9D8
43D,O,3A9EE9221AB3E27C
43D,O,42827007F74D36EA
43D,O,1A37A52F97A04C81
43D,O,B085DDE8E381E370
43D,O,DE99B27530D1A3C4
43D,O,A25160BA84EE09F7
43D,O,DC28E30AF099D339
43D,O,9985A4A51DFA3079
43D,O,45A499CD3132E90A
43D,O,434BB67EF7BCA912
43D,O,B596DF51C1BDDB19
43D,O,7FE0FCDBF45276EF
43D,O,7D41FC4EE12CB8FD
43D,O,9CF00A30796B6B2B
43D,O,3350CE851FCC56A3
43D,O,C9B1C3B9D0BA0D14
43D,O,9F13E4D02222A819
43M,O,091B6BBD766C0181
43M,O,DB0A398B6B890051
43M,O,D52D3F3FB66EF61A
43M,O,85B41FEDE6611826
43M,O,D6E7412666B1175B
43M,O,AB87BD2749FFEACA
43M,O,43398296F1D1BD48
43M,O,65D1B50CC2E45985
43M,O,67F3E54FF145BA65
43M,O,F02CE37AD01DF17E
43M,O,AAAF715A5DC3A7CD
43M,O,7192051038B36F08
43M,O,0CFB814CB6C356C1
43M,O,B085DDE8E381E370
43M,O,DE99B27530D1A3C4
43M,O,A25160BA84EE09F7
43M,O,7467287ACB876529
43M,O,091B6BBD766C0181
43P,O,D213B1E60E14A62E
43P,O,E368E68412AB685C
43P,O,CA793BE80FF68AE2
43P,O,CAF9395414DBD090
43P,O,F9475B6C5F5B9C21
43P,O,B18C8718C0B7904F
43P,O,D1A1DF2BDC842EE5
43P,O,33A7AB58611A0F6D
43P,O,81B719F7DC3F0FAD
43P,O,9E8E99C5BB698AC2
43P,O,548DB838B4673D93
43P,O,739A5DDE0CF1970C
43P,O,9E95343C77BB85E2
43P,O,F808AF482CCA028E
43P,O,9C6800DD6E0CD683
43P,O,6E821768CA09E8C9
43P,I,9C6800DD6E0CD683
43P,I,6E821768CA09E8C9
43P,I,A0D379E172F5BC93
43P,I,853CD1316EB5227B
43P,I,BE6EC9708F5FB613
43P,I,548DB838B4673D93
43P,I,620E14F31DA31490
43P,I,09B4297CB90AF3EC
43P,I,3B54D43994CAC165
43P,I,D9655458715EBBF8
43P,I,8374DD78C287D9A7
43P,I,D5252DAD51812506
43P,I,09DF70F8DE2426BE
43P,I,7019D5AE9C63EE72
43P,I,01642BC44DCFDB3C
43P,I,D213B1E60E14A62E
43S,O,F718BAC64885E69E
43S,O,C95751DB2112F279
43S,O,F7AD8DE682AD5BB3
43S,O,54BA046B2D0297A0
43S,O,51E196E962453AB4
43S,O,D2EF3E1D638B1B9A
43S,O,86D7BB9BA055D8A6
43S,O,C24776F20FE877FF
43S,O,257A6E19DD7F156C
43S,O,28A57C043C111604
43S,O,E00E92F19002ED3E
43S,O,DEDD6247441C8C05
43S,O,81B719F7DC3F0FAD
43S,O,9E8E99C5BB698AC2
43S,O,91481C9100917BA7
43S,O,8ECFB7DFFC0023DA
43S,O,739A5DDE0CF1970C
43S,O,9E95343C77BB85E2
43S,O,F808AF482CCA028E
43S,O,9C6800DD6E0CD683
43S,O,6E821768CA09E8C9
43S,I,9C6800DD6E0CD683
43S,I,6E821768CA09E8C9
43S,I,A0D379E172F5BC93
43S,I,853CD1316EB5227B
43S,I,BE6EC9708F5FB613
43S,I,823E3EE2413E40E2
43S,I,45AB0EC4F195CA7A
43S,I,620E14F31DA31490
43S,I,26D2833891C00F40
43S,I,0A1DAEAFFDFF0B66
43S,I,9FD6AAFA1318E3D9
43S,I,066AA1A504714A20
43S,I,D2ACD052AFD5900A
43S,I,6334F84E7B0B49E6
43S,I,A91E6B3E8A9A7B34
43S,I,26C0B01357752657
43S,I,C84CAD6CCD18F87F
43S,I,478ACE8A8C9A2705
43S,I,A13C2C1D5D3EE0D7
43S,I,AE7C79C814E6BD95
43S,I,C5294C92C5C6E334
43S,I,F718BAC64885E69E
43X,O,C8ED5EC0CD6C1A6F
43X,O,496BF5ECB5F376CB
43X,O,D878C13F6163EB8A
43X,O,9E87D9D0191DACE9
43X,O,8019E4CBB686CD25
43X,O,ECE98AAA81373891
43X,O,BF4622C022F17E9D
43X,O,D2C5873747260F13
43X,O,34740DD5ABC36F12
43X,O,25E1BAE2C272ED4C
43X,O,823E3EE2413E40E2
43X,O,45AB0EC4F195CA7A
43X,O,620E14F31DA31490
43X,O,09B4297CB90AF3EC
43X,O,3B54D43994CAC165
43X,O,D9655458715EBBF8
43X,O,8374DD78C287D9A7
43X,O,D5252DAD51812506
43X,O,09DF70F8DE2426BE
43X,O,7019D5AE9C63EE72
43X,O,01642BC44DCFDB3C
43X,O,D213B1E60E14A62E
43X,O,8019E4CBB686CD25
43X,O,ECE98AAA81373891
43X,O,BF4622C022F17E9D
43X,O,D2C5873747260F13
43X,O,34740DD5ABC36F12
43X,O,25E1BAE2C272ED4C
43X,O,823E3EE2413E40E2
43X,O,45AB0EC4F195CA7A
43X,O,620E14F31DA31490
43X,O,09B4297CB90AF3EC
43X,O,3B54D43994CAC165
43X,O,D9655458715EBBF8
43X,O,8374DD78C287D9A7
43X,O,D5252DAD51812506
43X,O,09DF70F8DE2426BE
43X,O,7019D5AE9C63EE72
43X,O,01642BC44DCFDB3C
43X,O,D213B1E60E14A62E
43X,I,D213B1E60E14A62E
43X,I,E368E68412AB685C
43X,I,CA793BE80FF68AE2
43X,I,CAF9395414DBD090
43X,I,F9475B6C5F5B9C21
43X,I,B18C8718C0B7904F
43X,I,D1A1DF2BDC842EE5
43X,I,33A7AB58611A0F6D
43X,I,81B719F7DC3F0FAD
43X,I,C8276DF869656712
43X,I,91481C9100917BA7
43X,I,8ECFB7DFFC0023DA
43X,I,33A4BFE372C06BA8
43X,I,B8BBCCA288E1F862
43X,I,9EAC85DD5495DB6F
43X,I,11A1533C3B63F3E4
43X,I,1BD5318E1C647F83
43X,I,651489E8C0A626A1
43X,I,6B46C7E695EF21CF
43X,I,F489213E82621D3F
43X,I,31DA09E74ABD87CD
43X,I,842DC076B16BE3A2
43X,I,C8ED5EC0CD6C1A6F
44,O,78DC181D85FB2B3A
44,O,5736A90A7D7E8F66
44,O,61D7306AC40C4FB8
44,O,3D1F700E1D244C5A
44,O,42AC6356E7A6D159
44,O,8D7CB6C3D48258D6
44,O,CC13DC33AE269FB1
44,O,F36F422FDC6B9D3F
44,O,854BC3A8D4DE6AA9
44,O,8BCB786E1F1A2457
44,O,BD34A7B702373B12
44,O,3A5C336CCB38A3FA
44,O,8CE4B83B45F22F1F
44,O,89F6B64B28A21D34
44,O,2CAFD3D60CAA7F5B
44,O,B577AC1835FA7995
44,O,2F4939964761E1FF
44,O,1030A4E612B75901
44,O,4459E386C8525C34
44,O,EF2086016C214797
44,I,EF2086016C214797
44,I,EF103F0ED7C9BE45
44,I,1EC9ED318297A470
44,I,610F9B32EEAE091D
44,I,E20D7A733ECDFA05
44,I,69C45315DFA906FC
44,I,BE510511B0A7344E
44,I,D3C41BB36EC805E0
44,I,A8C595F1E33B5DEF
44,I,BA2F4E8CB1D43CD8
44,I,55973ABF49182097
44,I,0E718C4DB85C8005
44,I,0CC9C5E5DBB3FF89
44,I,F39F638D34947E40
44,I,5D919BA157405E33
44,I,4E870B220826BEE0
44,I,5AD2A4D21C226335
44,I,A454170B2B59B587
44,I,6129FAE857E1D5F0
44,I,143D7489C808BD46
44,I,78DC181D85FB2B3A
44M,O,83D9B6BE39530EEF
44M,O,79A623A558FB5CC6
44M,O,4E870B220826BEE0
44M,O,5AD2A4D21C226335
44M,O,A454170B2B59B587
44M,O,6129FAE857E1D5F0
44M,O,5BDACC01F1655F27
44M,O,21A1859E80CD542A
44M,O,DE99B27530D1A3C4
44M,O,A25160BA84EE09F7
44M,O,DC28E30AF099D339
44M,O,EE0ACB2B516C305E
44M,O,45A499CD3132E90A
44M,O,B035018DFD9028C3
44M,O,F7005C63821245C3
44M,O,02E2C6CDE2A867C1
44M,O,8956F5FA7B620297
44M,O,00EC5193F83C6F76
44M,O,DC28E30AF099D339
44M,O,EE0ACB2B516C305E
44M,O,45A499CD3132E90A
44M,O,4E12586C551A48D3
44M,I,8956F5FA7B620297
44M,I,F4C9FD2549C6DD80
44M,I,7A43DB86E881E02D
44M,I,F3281CF8A2A2AD4A
44M,I,6BF47953BB775A15
44M,I,DB0A398B6B890051
44M,I,D52D3F3FB66EF61A
44M,I,3D01A5479C31FB05
44M,I,85B41FEDE6611826
44M,I,59B81980AC8F7878
44M,I,4236C502F947A6DF
44M,I,C78F66DF6FA871B6
44M,I,8D7CB6C3D48258D6
44M,I,36880B47F043D519
44M,I,6E22023A7DF1B381
44M,I,E45E7DB1786B6324
45,O,3241EDA71CCCF867
45,O,F8D1049558163BE6
45,O,7703B0499F66B205
45,O,457C64EC8955C896
45,O,4A0370F0CA6A89B2
45,O,3D47C2B2D3342C85
45,O,CB59198C6E7D00FF
45,O,F3DA32A55B98363F
45,O,BC3B37FDEE7EE51B
45,O,5CE1C1296F98C6C4
45,O,E24537CF3879CD25
45,O,C0ACDED85452CFC8
45,O,6E9A9467758898B7
45,O,2A9C98A6B36F3B11
45,O,7F3A1FC5F4533B4C
45,O,ED244F7BBACAB14D
45,O,8C44D48B9BAAB774
45,O,300D1812E3A085C3
45,O,1EC9ED318297A470
45,O,30FEA8A7071EDE48
45,O,3CE4A2049409A6DD
45,O,E6ED785726AED4AE
45,O,09889186EAB604F2
45,O,BA2F4E8CB1D43CD8
45,O,04FC6E130D4953F4
45,O,B294A8638290F5C2
45,O,70349D91EC82AFE1
45,O,E35B5F1B80E085E6
45,O,A3F6D2CA9135A988
45,O,375D37F2AF5D762A
45,O,37A4D07D7179CE76
45,O,C979915CB2F4A35C
45,O,94612276CB142F93
45,O,24BB2F5E5721E970
45,O,0E7645CCF6AA3558
45,O,DB91BE349DC15226
45,O,044D07048F45F915
45,O,6E6EBC9D1AF2DA52
45,O,68758E936DF9B173
45,O,EC14900F4BD3744B
45,O,BDC2CE95D0E17000
45,I,BDC2CE95D0E17000
45,I,E3B77FDA167AE325
45,I,3C9E0D9FBEA28AC6
45,I,952DD8539E6DAC75
45,I,E3AB394138EDE467
45,I,D597E0A9258D0894
45,I,FA343B97309B84B4
45,I,E7E5E3C1F761966F
45,I,062B0243536F0816
45,I,13B39CD775874ED9
45,I,08A97AD10693B841
45,I,42E5CC0772775C7E
45,I,1D75CC7D0B671EEE
45,I,79BB89DA868D93CF
45,I,BE47845FF3E717FC
45,I,50E78EB09845863E
45,I,A6013462EAC8AA50
45,I,2035C91B61C6DFC0
45,I,3A5C336CCB38A3FA
45,I,789384E5DC5AF7A9
45,I,0F4D809AED62F6E9
45,I,833DE523F16B97C3
45,I,A70DCB46EC98F43E
45,I,DE56F722C9293A68
45,I,D01D18C6EB79F84B
45,I,68A3AF80BADFDE9F
45,I,AB741CA56ABEA9F2
45,I,853C70D76FF68196
45,I,7CA14768A9D3B451
45,I,F19BBC7D6F39B210
45,I,05AB3A2B3816CD41
45,I,2537C3F076011C21
45,I,FACE6E102E2171B3
45,I,A0F2A2C5182526AA
45,I,73567AD9A1510A9B
45,I,FEF7B371B95E5E13
45,I,9E655CE3250647EA
45,I,2C7AEE8C6B2BC06A
45,I,0B8D095A45B05587
45,I,D6BE89205CDC6645
46,O,4E42234F86ABC6E3
46,O,98F2067168C267FE
46,O,195090E551109C0A
46,O,4624AC39DB25D456
46,O,2DB47A3C263E4F5C
46,O,6DFEED7F0DB44298
46,O,A6ACEA5D8F32521D
46,O,30FEA8A7071EDE48
46,O,69C45315DFA906FC
46,O,242DFDBDBFA2034A
46,O,E05F8589B0529DE3
46,O,946657B831E4AAB8
46,O,BA2F4E8CB1D43CD8
46,O,04FC6E130D4953F4
46,O,B294A8638290F5C2
46,O,70349D91EC82AFE1
46,O,E35B5F1B80E085E6
46,O,A3F6D2CA9135A988
46,O,375D37F2AF5D762A
46,O,37A4D07D7179CE76
46,O,C979915CB2F4A35C
46,O,94612276CB142F93
46,O,24BB2F5E5721E970
46,O,0E7645CCF6AA3558
46,O,DB91BE349DC15226
46,O,044D07048F45F915
46,O,6E6EBC9D1AF2DA52
46,O,68758E936DF9B173
46,O,EC14900F4BD3744B
46,O,D2EA32ACC919A9EA
46,I,D2EA32ACC919A9EA
46,I,E3B77FDA167AE325
46,I,3C9E0D9FBEA28AC6
46,I,952DD8539E6DAC75
46,I,E3AB394138EDE467
46,I,D597E0A9258D0894
46,I,FA343B97309B84B4
46,I,E7E5E3C1F761966F
46,I,062B0243536F0816
46,I,13B39CD775874ED9
46,I,08A97AD10693B841
46,I,42E5CC0772775C7E
46,I,1D75CC7D0B671EEE
46,I,79BB89DA868D93CF
46,I,BE47845FF3E717FC
46,I,8BCB786E1F1A2457
46,I,5CF51F3B971D4D56
46,I,AAB25066B96C6588
46,I,8CE4B83B45F22F1F
46,I,89F6B64B28A21D34
46,I,18A85DD43DFA12AF
46,I,8D386F5D210C3439
46,I,DFD51C2C47E6692C
46,I,AB3C556B2A18F0DB
46,I,3500D60BFEFFF7BC
46,I,417C996BA7F5F59F
46,I,6D1F582245EC568B
46,I,6C9939568AAA34EA
46,I,5D3B3AE3CCFDDA96
46,I,3E752B45D12458EF
46,I,A5A6FF8443523FF9
46,I,FD1B403FD4EC3E8D
46,I,4E42234F86ABC6E3
46P,O,6D76E141FB820044
46P,O,C8A9DAB5E9051324
46P,O,924D67DD8AB7683D
46P,O,E7BFF1027930CCCD
46P,O,E68FF6CC803A14A2
46P,O,620E14F31DA31490
46P,O,32F5F33FA68B77D6
46P,O,0A1DAEAFFDFF0B66
46P,O,3A2924B2461D053B
46P,O,066AA1A504714A20
46P,O,1423FCFF61709EAC
46P,O,0E65D3EC41A1D34B
46P,O,4E3FEA4E559A5D16
46P,O,DA17B01A4A61A358
46P,O,6C11A9780213BBBB
46P,O,7EA4C557505395EF
46P,I,7EA4C557505395EF
46P,I,FDBDDCF779540C82
46P,I,D6A21211E4788F7B
46P,I,E919C0B67C6ACF3F
46P,I,257A6E19DD7F156C
46P,I,28A57C043C111604
46P,I,E00E92F19002ED3E
46P,I,DEDD6247441C8C05
46P,I,81B719F7DC3F0FAD
46P,I,9E8E99C5BB698AC2
46P,I,F889BD772B8E7F19
46P,I,C8A9DAB5E9051324
46P,I,924D67DD8AB7683D
46P,I,E7BFF1027930CCCD
46P,I,6DE243D2C36B9C6A
46P,I,6D76E141FB820044
46R,O,14C3BF43DC0878D1
46R,O,673B33867260EBB7
46R,O,9E76DA1634822CDB
46R,I,9E76DA1634822CDB
46R,I,BF72FF473A660C0E
46R,I,14C3BF43DC0878D1
46S,O,048D6486FD28B9F4
46S,O,DCB96F7AF6EC5EE7
46S,O,FF9F7715ECEDAC41
46S,O,A5C1234F60BBF1EB
46S,O,A58C8BBBEC70CEC0
46S,O,1B89F83BD1FC3F74
46S,O,E68FF6CC803A14A2
46S,O,620E14F31DA31490
46S,O,0E61C7B5C90B8CAF
46S,O,09DF70F8DE2426BE
46S,O,7019D5AE9C63EE72
46S,O,92A8281D80524F78
46S,O,161CE3ED0256570F
46S,I,161CE3ED0256570F
46S,I,E368E68412AB685C
46S,I,CA793BE80FF68AE2
46S,I,CAF9395414DBD090
46S,I,81B719F7DC3F0FAD
46S,I,442D174C28C1A121
46S,I,F889BD772B8E7F19
46S,I,1276AEF95F6564A2
46S,I,14C3BF43DC0878D1
46S,I,BAE4DA32E5043726
46S,I,95C43FF4684FCADA
46S,I,A28C2F29B58A2E9A
46S,I,BA9F2C58E03A38F0
46S,I,1090DE5141A16845
46X,O,AF020613AEB25447
46X,O,DCB96F7AF6EC5EE7
46X,O,FF9F7715ECEDAC41
46X,O,A5C1234F60BBF1EB
46X,O,A58C8BBBEC70CEC0
46X,O,1B89F83BD1FC3F74
46X,O,E68FF6CC803A14A2
46X,O,620E14F31DA31490
46X,O,32F5F33FA68B77D6
46X,O,0A1DAEAFFDFF0B66
46X,O,3A2924B2461D053B
46X,O,066AA1A504714A20
46X,O,1423FCFF61709EAC
46X,O,898337E6181E5E66
46X,O,9217F5E1950F12BF
46X,O,BB04686A2E0D7578
46X,O,952DD8539E6DAC75
46X,O,E3AB394138EDE467
46X,O,F275A85A9CF9BBC4
46X,O,FA343B97309B84B4
46X,O,E7E5E3C1F761966F
46X,O,062B0243536F0816
46X,O,13B39CD775874ED9
46X,O,08A97AD10693B841
46X,O,42E5CC0772775C7E
46X,O,1D75CC7D0B671EEE
46X,O,79BB89DA868D93CF
46X,O,BE47845FF3E717FC
46X,O,16F732FAF7057965
46X,I,16F732FAF7057965
46X,I,E35B5F1B80E085E6
46X,I,A3F6D2CA9135A988
46X,I,375D37F2AF5D762A
46X,I,37A4D07D7179CE76
46X,I,C979915CB2F4A35C
46X,I,94612276CB142F93
46X,I,24BB2F5E5721E970
46X,I,0E7645CCF6AA3558
46X,I,422BD13B241CCD5B
46X,I,AD326AC36444B948
46X,I,044D07048F45F915
46X,I,6E6EBC9D1AF2DA52
46X,I,7EA4C557505395EF
46X,I,FDBDDCF779540C82
46X,I,D6A21211E4788F7B
46X,I,E919C0B67C6ACF3F
46X,I,257A6E19DD7F156C
46X,I,28A57C043C111604
46X,I,E00E92F19002ED3E
46X,I,DEDD6247441C8C05
46X,I,81B719F7DC3F0FAD
46X,I,442D174C28C1A121
46X,I,F889BD772B8E7F19
46X,I,1276AEF95F6564A2
46X,I,14C3BF43DC0878D1
46X,I,BAE4DA32E5043726
46X,I,95C43FF4684FCADA
46X,I,A28C2F29B58A2E9A
46X,I,BA9F2C58E03A38F0
46X,I,1090DE5141A16845
46X,I,AF020613AEB25447
47A,O,075A5F14CD9020D7
47A,O,808CA5FECCC6646D
47A,O,20B9196322225611
47A,O,2E6DB54618C13048
47A,O,6953AEF8B3921959
47A,O,CF2FE4F019F51438
47A,O,620E14F31DA31490
47A,O,32F5F33FA68B77D6
47A,O,0A1DAEAFFDFF0B66
47A,O,3A2924B2461D053B
47A,O,066AA1A504714A20
47A,O,1423FCFF61709EAC
47A,O,B09E06FF6EF5A8C4
47A,O,9217F5E1950F12BF
47A,O,DA17B01A4A61A358
47A,O,3E8426FA1832BA50
47A,O,7420DF52F1B42C9F
47A,O,EA0A89C7D56C46DF
47A,O,075A5F14CD9020D7
47A,O,808CA5FECCC6646D
47A,O,20B9196322225611
47A,O,2E6DB54618C13048
47A,O,6953AEF8B3921959
47A,O,620E14F31DA31490
47A,O,32F5F33FA68B77D6
47A,O,0A1DAEAFFDFF0B66
47A,O,3A2924B2461D053B
47A,O,066AA1A504714A20
47A,O,1423FCFF61709EAC
47A,O,B09E06FF6EF5A8C4
47A,O,9217F5E1950F12BF
47A,O,DA17B01A4A61A358
47A,O,3E8426FA1832BA50
47A,O,7420DF52F1B42C9F
47A,O,EA0A89C7D56C46DF
47A,I,EA0A89C7D56C46DF
47A,I,7EA4C557505395EF
47A,I,BA4CD6F5C93BB59E
47A,I,140E4137EAC319B5
47A,I,8C6EF1266E4EE05B
47A,I,257A6E19DD7F156C
47A,I,28A57C043C111604
47A,I,E00E92F19002ED3E
47A,I,DEDD6247441C8C05
47A,I,81B719F7DC3F0FAD
47A,I,C27FCAD44F743B0B
47A,I,1C23A54B97165DAB
47A,I,9179E2F718D0F436
47A,I,19521C0A1CA93C52
47A,I,72936E1AD7A19462
47A,I,48AEC9FC61C77E03
47A,I,ECB8FB3328B3E1F5
47A,I,075A5F14CD9020D7
47X,O,A371827CA951848F
47X,O,F139E189918C1F86
47X,O,52B02EAC7AAB23C1
47X,O,3F6F5DC1DDA5F68E
47X,O,242122B5F1B7E9C0
47X,O,6953AEF8B3921959
47X,O,CF2FE4F019F51438
47X,O,620E14F31DA31490
47X,O,26D2833891C00F40
47X,O,0A1DAEAFFDFF0B66
47X,O,3A2924B2461D053B
47X,O,066AA1A504714A20
47X,O,1423FCFF61709EAC
47X,O,898337E6181E5E66
47X,O,9217F5E1950F12BF
47X,O,9985A4A51DFA3079
47X,O,45A499CD3132E90A
47X,O,434BB67EF7BCA912
47X,O,B596DF51C1BDDB19
47X,O,7FE0FCDBF45276EF
47X,O,7D41FC4EE12CB8FD
47X,O,9CF00A30796B6B2B
47X,O,FB948853081A003E
47X,O,4C5AD92665CBCF5D
47X,O,29EC0D6F48E5BCDA
47X,O,4242A06B3D8849D9
47X,O,DB0C71DA23871216
47X,O,A371827CA951848F
47X,O,F139E189918C1F86
47X,O,52B02EAC7AAB23C1
47X,O,3F6F5DC1DDA5F68E
47X,O,242122B5F1B7E9C0
47X,O,6953AEF8B3921959
47X,O,620E14F31DA31490
47X,O,26D2833891C00F40
47X,O,0A1DAEAFFDFF0B66
47X,O,3A2924B2461D053B
47X,O,066AA1A504714A20
47X,O,1423FCFF61709EAC
47X,O,898337E6181E5E66
47X,O,9217F5E1950F12BF
47X,O,9985A4A51DFA3079
47X,O,45A499CD3132E90A
47X,O,434BB67EF7BCA912
47X,O,B596DF51C1BDDB19
47X,O,7FE0FCDBF45276EF
47X,O,7D41FC4EE12CB8FD
47X,O,9CF00A30796B6B2B
47X,O,FB948853081A003E
47X,O,4C5AD92665CBCF5D
47X,O,29EC0D6F48E5BCDA
47X,O,4242A06B3D8849D9
47X,O,DB0C71DA23871216
47X,O,7E77D3AF01660426
47X,O,29A3E07CD93FD350
47X,O,A371827CA951848F
47X,O,F139E189918C1F86
47X,O,52B02EAC7AAB23C1
47X,O,3F6F5DC1DDA5F68E
47X,O,242122B5F1B7E9C0
47X,O,6953AEF8B3921959
47X,O,620E14F31DA31490
47X,O,26D2833891C00F40
47X,O,0A1DAEAFFDFF0B66
47X,O,3A2924B2461D053B
47X,O,066AA1A504714A20
47X,O,1423FCFF61709EAC
47X,O,898337E6181E5E66
47X,O,9217F5E1950F12BF
47X,O,9985A4A51DFA3079
47X,O,45A499CD3132E90A
47X,O,434BB67EF7BCA912
47X,O,B596DF51C1BDDB19
47X,O,7FE0FCDBF45276EF
47X,O,7D41FC4EE12CB8FD
47X,O,9CF00A30796B6B2B
47X,O,FB948853081A003E
47X,O,4C5AD92665CBCF5D
47X,O,29EC0D6F48E5BCDA
47X,O,4242A06B3D8849D9
47X,O,DB0C71DA23871216
47X,I,DB0C71DA23871216
47X,I,B6D14224CAD90288
47X,I,6BB872F7294FEB23
47X,I,2111E15DA3CEFEC4
47X,I,7EA4C557505395EF
47X,I,BA4CD6F5C93BB59E
47X,I,140E4137EAC319B5
47X,I,8C6EF1266E4EE05B
47X,I,257A6E19DD7F156C
47X,I,28A57C043C111604
47X,I,E00E92F19002ED3E
47X,I,DEDD6247441C8C05
47X,I,81B719F7DC3F0FAD
47X,I,C27FCAD44F743B0B
47X,I,1C23A54B97165DAB
47X,I,9179E2F718D0F436
47X,I,19521C0A1CA93C52
47X,I,9456587A2D10A6CA
47X,I,A7AFBCA40D458E0D
47X,I,45001DA558E03CF0
47X,I,B818259F753A3BE2
47X,I,A371827CA951848F
48P,O,1772336D72B10178
48P,O,A5A562A569DAF738
48P,O,C458B4A40BFCC4FF
48P,O,D92BEED0C736EF59
48P,O,4E56DD827C1F571A
48P,O,05D5B529DB497B99
48P,O,620E14F31DA31490
48P,O,0E61C7B5C90B8CAF
48P,O,CE2E93A0D850F21F
48P,O,5823104B79279940
48P,O,DC420AE60BA9F523
48P,O,BFA3460955AC820C
48P,O,5FB1FCAF80F3D97D
48P,O,9CD69A8A588B2F8D
48P,O,613A21BCEF50485D
48P,O,122BF72E5DBAEFC0
48P,O,C3009421E5B89EB0
48P,O,222694615BD60A65
48P,O,E182FE2A3C62252F
48P,O,AEA60911096D770F
48P,O,BC68B9C32B4267AB
48P,O,62AA23787294A36E
48P,O,7550FEE23DA5615D
48P,O,B47C12A965D7B481
48P,O,5564CE644A0D7DBE
48P,O,1E4E9FB5763C3436
48P,O,B5BB97F8CB889AB7
48P,O,9E4653BA0F25F731
48P,O,6A93E2E9F1A3F421
48P,O,3F41CA34634CC20C
48P,O,2E1127BAF33B34F7
48P,I,1064E673770C38BC
48P,I,2DFE2D85D53C1114
48P,I,C4E03BB27317AF35
48P,I,30DD3451F8D64883
48P,I,8AFF8B43EC3E547F
48P,I,6B2A3162063E2B8D
48P,I,ED9E5ACF98190E5C
48P,I,D7D5410F2F97D682
48P,I,DA87D4887F5FAF62
48P,I,81F1ECC7278CDC18
48P,I,2D36E1CF8C4FF699
48P,I,8316A5C8798768AF
48P,I,96D0ED04D761DBE4
48P,I,B069D9C12F89AAFA
48P,I,E5763322877BB340
48P,I,48769F0B9F6E6C1B
48P,I,93F4EA3D82B33BEF
48P,I,B8B04CD1E568B8F6
48P,I,D8F172EF79F3414D
48P,I,CAEEAD91F339D3DA
48P,I,20E8B4520A802912
48P,I,A60AE774B09A5E44
48P,I,03D5CB9EBB6602B2
48P,I,81B719F7DC3F0FAD
48P,I,9E8E99C5BB698AC2
48P,I,61BA8F7170CDFFD5
48P,I,437D60C455A624E6
48P,I,A23337DAF4A8B168
48P,I,72EE8A033E4260A3
48P,I,61A21B70C10E9722
48P,I,1772336D72B10178
48X,O,9ED89AFC5ACA9A00
48X,O,838E1F95E4AE1657
48X,O,4E56DD827C1F571A
48X,O,05D5B529DB497B99
48X,O,620E14F31DA31490
48X,O,09B4297CB90AF3EC
48X,O,97BB9CE7A058E809
48X,O,9FD6AAFA1318E3D9
48X,O,03A5552B84E8214B
48X,O,0B4807A5C0DAF24A
48X,O,40A8EA2850B0979B
48X,O,B943DBEE65B0B18F
48X,O,7019D5AE9C63EE72
48X,O,4E224310C4B46C9A
48X,O,3F545756160D7BEA
48X,O,BFA3460955AC820C
48X,O,5FB1FCAF80F3D97D
48X,O,FF4785270078B487
48X,O,90A65F742FE7D728
48X,I,90A65F742FE7D728
48X,I,B8B04CD1E568B8F6
48X,I,D8F172EF79F3414D
48X,I,CAEEAD91F339D3DA
48X,I,20E8B4520A802912
48X,I,E368E68412AB685C
48X,I,CA793BE80FF68AE2
48X,I,C9E264A3F9D4CEB3
48X,I,094D2EBC017EE61A
48X,I,8C6EF1266E4EE05B
48X,I,257A6E19DD7F156C
48X,I,28A57C043C111604
48X,I,E00E92F19002ED3E
48X,I,DEDD6247441C8C05
48X,I,81B719F7DC3F0FAD
48X,I,9E8E99C5BB698AC2
48X,I,1C23A54B97165DAB
48X,I,EEDFC5EC1DD36179
48X,I,458D2C951A759CAD
48X,I,9ED89AFC5ACA9A00
49,O,07F45B3B36DFDDAE
49,O,196A1E44C305C174
49,O,BDE0F1679E1C8ABF
49,O,13458794A52910B0
49,O,67DFAB691BECE339
49,O,6D016EBFA090D535
49,O,04D3244DD2B38746
49,O,59B81980AC8F7878
49,O,3D1F700E1D244C5A
49,O,42AC6356E7A6D159
49,O,8D7CB6C3D48258D6
49,O,79842A7E2FC0844F
49,O,FF5CF18C5510B901
49,O,7E50BA0974C3B983
49,O,28725EBEC5C8EC40
49,O,6085C420AB7E6FF9
49,O,4C49804674904130
49,O,8864CF7D3E4B1EF6
49,O,AA97FFC49AE957A5
49,O,BE27F066CF40DF7D
49,O,07521BB848913F74
49,O,5D8FCEF2915882FD
49,O,C2605DED84199B84
49,O,BF8E440F5584D39D
49,O,8A928A173E67CD96
49,O,97D1981DE7ECBCE7
49,O,DF7F22DF4F8A9D11
49,O,7613538D58A9C452
49,O,F9853D9712072CCB
49,O,D32019CB6290C2EF
49,O,4E7C1C7F6D191BCB
49,O,815BC43527FD9247
49,O,B3F2EC8E42FA3184
49,O,2307DECBF51E9D7F
49,O,13B87ED5725EE00D
49,O,4A195F954ACD67C5
49,O,27EF80951F8ED49E
49,I,27EF80951F8ED49E
49,I,155312688CBEC518
49,I,30ABA5259B66B883
49,I,07142A6203E50A47
49,I,E92E009DE3307F85
49,I,0A1D83D50B49933D
49,I,38A37564B3F3CACF
49,I,69B96A44A754E404
49,I,76AA75F4BF183FB3
49,I,ECD84D5B8C52642B
49,I,6A01E709D806A5D6
49,I,5BEC0CCDD7EE4A8C
49,I,70CD99F4D487740A
49,I,992F89F2265F8D8D
49,I,B568727F49CD11A3
49,I,190F209646059000
49,I,F053C0080D5D5B62
49,I,076E1E9D5874C41D
49,I,7B4FD0F182DCC294
49,I,F9F4E00007242BED
49,I,CA1C0FB0345F9675
49,I,A2BE47AFF20CD4F6
49,I,CC6B75E6D60B4C57
49,I,79842A7E2FC0844F
49,I,4E870B220826BEE0
49,I,5AD2A4D21C226335
49,I,A454170B2B59B587
49,I,5BDACC01F1655F27
49,I,7E97DE06FCADF324
49,I,43398296F1D1BD48
49,I,65D1B50CC2E45985
49,I,67F3E54FF145BA65
49,I,F93448A5F1168FB1
49,I,DFB7FD5832A4BA4E
49,I,0F60AAE48C3B22EE
49,I,0CFB814CB6C356C1
49,I,5B5107DB7CE969DE
49,I,56579F66F45EDD3F
49A,O,E3342E2125B7B6EE
49A,O,196A1E44C305C174
49A,O,BDE0F1679E1C8ABF
49A,O,13458794A52910B0
49A,O,67DFAB691BECE339
49A,O,6D016EBFA090D535
49A,O,04D3244DD2B38746
49A,O,21A1859E80CD542A
49A,O,DE99B27530D1A3C4
49A,O,A25160BA84EE09F7
49A,O,B7039F29C48A3CC2
49A,O,E5F3EF7B050DA88F
49A,O,E8B842CC3AB62056
49A,O,716D84D1B7EA256E
49A,I,6296109576D60CBB
49A,I,387ABDCA2814CA84
49A,I,F9F75324B8F1D7E3
49A,I,FE90421D0B82E691
49A,I,D52D3F3FB66EF61A
49A,I,3D01A5479C31FB05
49A,I,7E97DE06FCADF324
49A,I,43398296F1D1BD48
49A,I,65D1B50CC2E45985
49A,I,67F3E54FF145BA65
49A,I,F93448A5F1168FB1
49A,I,DFB7FD5832A4BA4E
49A,I,0F60AAE48C3B22EE
49A,I,1A37A52F97A04C81
49A,I,5B5107DB7CE969DE
49A,I,56579F66F45EDD3F
49M,O,333E9F98EEB84849
49M,O,B085DDE8E381E370
49M,O,85B41FEDE6611826
49M,O,59B81980AC8F7878
49M,O,143D7489C808BD46
49M,O,F4FC91D18962C4D0
49M,O,624D05A1E7A5A045
49M,O,68CD99B45DDE014B
49M,O,68DE9CB8E6AE046C
49M,O,5BDACC01F1655F27
49M,O,21A1859E80CD542A
49M,O,6DF1AF2871D4B7D9
49M,O,5B5107DB7CE969DE
49M,O,56579F66F45EDD3F
49P,O,CCA2F903BFE60A31
49P,O,620E14F31DA31490
49P,O,0E61C7B5C90B8CAF
49P,O,36880B47F043D519
49P,O,4E870B220826BEE0
49P,O,5AD2A4D21C226335
49P,O,A454170B2B59B587
49P,O,F41714406F2D4E00
49X,O,6FCDCBEC73F3AAF5
49X,O,51D13DDB8EBA98AF
49X,O,03A546A0953794FA
49X,O,52C1ADA57FFA7DD4
49X,O,F4ABF71262D8C556
49X,O,539C1C625EA036B1
49X,O,45AB0EC4F195CA7A
49X,O,66BF94751BD28BAD
49X,O,4432C7295979305C
49X,O,CCA2F903BFE60A31
49X,O,620E14F31DA31490
49X,O,0E61C7B5C90B8CAF
49X,O,09DF70F8DE2426BE
49X,O,7019D5AE9C63EE72
49X,O,92A8281D80524F78
49X,O,031CF3D5B2BE9CE8
49X,O,7F8529494720703C
49X,O,36880B47F043D519
49X,O,4E870B220826BEE0
49X,O,5AD2A4D21C226335
49X,O,A454170B2B59B587
49X,O,F41714406F2D4E00
49X,O,0035CDF15614428C
49X,O,5759B937A26C377E
49X,O,45AB0EC4F195CA7A
49X,O,66BF94751BD28BAD
49X,O,4432C7295979305C
49X,O,CCA2F903BFE60A31
49X,O,620E14F31DA31490
49X,O,0E61C7B5C90B8CAF
49X,O,09DF70F8DE2426BE
49X,O,7019D5AE9C63EE72
49X,O,92A8281D80524F78
49X,O,031CF3D5B2BE9CE8
49X,O,7F8529494720703C
49X,O,36880B47F043D519
49X,O,4E870B220826BEE0
49X,O,5AD2A4D21C226335
49X,O,A454170B2B59B587
49X,O,F41714406F2D4E00
49X,O,6FCDCBEC73F3AAF5
49X,O,51D13DDB8EBA98AF
49X,O,03A546A0953794FA
49X,O,52C1ADA57FFA7DD4
49X,O,F4ABF71262D8C556
49X,O,539C1C625EA036B1
49X,O,45AB0EC4F195CA7A
49X,O,66BF94751BD28BAD
49X,O,4432C7295979305C
49X,O,620E14F31DA31490
49X,O,0E61C7B5C90B8CAF
49X,O,09DF70F8DE2426BE
49X,O,7019D5AE9C63EE72
49X,O,92A8281D80524F78
49X,O,031CF3D5B2BE9CE8
49X,O,7F8529494720703C
49X,O,36880B47F043D519
49X,O,4E870B220826BEE0
49X,O,5AD2A4D21C226335
49X,O,A454170B2B59B587
49X,O,F41714406F2D4E00
49X,I,F41714406F2D4E00
49X,I,3D1F700E1D244C5A
49X,I,42AC6356E7A6D159
49X,I,8D7CB6C3D48258D6
49X,I,40339B0E8404A2B9
49X,I,A7E87E8D797D1A52
49X,I,132584D5CB2235BC
49X,I,CA793BE80FF68AE2
49X,I,CAF9395414DBD090
49X,I,81B719F7DC3F0FAD
49X,I,C27FCAD44F743B0B
49X,I,582E6E50ED66EB11
49X,I,D137ADD65D333E0B
49X,I,1AE43A670EACECB1
49X,I,C0D515CA78A56B65
49X,I,ABFB3F43ECB908B2
49X,I,C1E9F8237EDBBAD2
49X,I,7F068ADB0659F04E
49X,I,779954C17EAF3B95
49X,I,CB0585244877B9B9
49X,I,69E4C417312C10C0
49X,I,C1E1199805BCC92D
49X,I,6FCDCBEC73F3AAF5
51,O,48DD17194BE645B3
51,O,A60AE774B09A5E44
51,O,03D5CB9EBB6602B2
51,O,AF3BDAE9EB45140B
51,O,689777DDA619DFEE
51,O,F7164FC020799C65
51,O,47BC8894350206A4
51,O,80FA8094437D7374
51,O,38E1DDF855D4E59E
51,O,39E29757C3E30AF3
51,O,69417DA14BA65CF5
51,O,AE7783A75226B4F0
51,O,F2E0E1AC84064D9C
51,O,3A0789C8229F06A5
51,O,3DCE5DCBF0D70631
51,O,28AA5B38F0901356
51,O,D836D3A347F7E74E
51,O,92B983D6E149A880
51,O,812518F4873236DF
51,O,26CA82B2C5EAA374
51,O,5A7A7F6E0CE4FC28
51,O,3225BC478032EE6E
51,O,F656EDDC34092D80
51,O,7C732BB6C0CA633B
51,O,6A1A50A9E228AAA3
51,O,D488F77260EEB125
51,O,57002D74B33D6A06
51,O,F4B90466198A6DA7
51,O,083799458D086B59
51,O,0E39F8C81264C50C
51,O,43955BAE79EE5FB5
51,O,CE2E93A0D850F21F
51,O,48DD17194BE645B3
52P,O,42FA8BD1F55BACEC
52P,O,130015EE1C05A484
52P,O,0F9DE5E3F13FBABA
52P,O,FCE8D0E0D2A89B8B
52P,O,D77779E531F14725
52P,O,4F64DA53415F3128
52P,O,BF7FD3BC4994EBE5
52P,O,9DC117C78DBDB1A7
52P,O,BD52FF1BA0AC99BE
52P,O,1F2376A52800A2CA
52P,O,0B72FFAB7F7230E4
52P,O,620557B9486BE4BF
52P,O,E3E5521CAFDD5DCE
52P,O,D3CA3780D3E342FC
52P,O,6FBEA411A4940B6C
52P,O,1064E673770C38BC
52P,O,2DFE2D85D53C1114
52P,O,C4E03BB27317AF35
52P,O,30DD3451F8D64883
52P,O,8AFF8B43EC3E547F
52P,O,EEC0C32452B6ABA3
52P,O,ED9E5ACF98190E5C
52P,O,50E78EB09845863E
52P,O,8BCB786E1F1A2457
52P,O,BD34A7B702373B12
52P,O,3A5C336CCB38A3FA
52P,O,8CE4B83B45F22F1F
52P,O,812E72C257C94B73
52P,O,18C138014DF5B0C8
52P,O,0FDE3A87457539BC
52P,O,30B08A7B2B2B623F
52P,O,7ADC6D521E6BECE6
52P,O,E02E10C9135624F9
52P,O,145515B1D2C60CAF
52P,O,835DE31CDA7EBEC9
52X,O,10DABE0380229B4D
52X,O,1E15CFA82F408124
52X,O,46D78D8886A71B3B
52X,O,630AA1866C5372B6
52X,O,C90375A74B02D2E8
52X,O,EEC48EC880FC63CB
52X,O,242418A9AB386596
52X,O,A9D85812EAEE6C17
52X,O,971554761E4413EF
52X,O,7FB2AE7FA13EDB0F
52X,O,4F64DA53415F3128
52X,O,BF7FD3BC4994EBE5
52X,O,9DC117C78DBDB1A7
52X,O,BD52FF1BA0AC99BE
52X,O,1F2376A52800A2CA
52X,O,0B72FFAB7F7230E4
52X,O,620557B9486BE4BF
52X,O,E3E5521CAFDD5DCE
52X,O,D3CA3780D3E342FC
52X,O,6FBEA411A4940B6C
52X,O,1064E673770C38BC
52X,O,2DFE2D85D53C1114
52X,O,C4E03BB27317AF35
52X,O,30DD3451F8D64883
52X,O,8AFF8B43EC3E547F
52X,O,EEC0C32452B6ABA3
52X,O,ED9E5ACF98190E5C
52X,O,50E78EB09845863E
52X,O,8BCB786E1F1A2457
52X,O,BD34A7B702373B12
52X,O,3A5C336CCB38A3FA
52X,O,8CE4B83B45F22F1F
52X,O,89F6B64B28A21D34
52X,O,18A85DD43DFA12AF
52X,O,C4B0E899FAE72350
52X,O,8C7C1212A1196A1A
52X,O,996EC6B4E40A2E4A
52X,O,7ADC6D521E6BECE6
52X,O,E02E10C9135624F9
52X,O,145515B1D2C60CAF
52X,O,835DE31CDA7EBEC9
52X,I,835DE31CDA7EBEC9
52X,I,73129107791388E6
52X,I,E646EC930A1E8458
52X,I,11ED493F674F4888
52X,I,15EB974CD32E9FB2
52X,I,A4D7F88689232BE9
52X,I,07F21DF049D501B1
52X,I,C6E9CA12DCD8F695
52X,I,098AF67CBBB9FBA9
52X,I,325788C7375BFC0B
52X,I,6564600C3B5BFB65
52X,I,01E580BD435E9301
52X,I,6604521664B97039
52X,I,B47C12A965D7B481
52X,I,5564CE644A0D7DBE
52X,I,1E4E9FB5763C3436
52X,I,B5BB97F8CB889AB7
52X,I,9E4653BA0F25F731
52X,I,6A93E2E9F1A3F421
52X,I,3F41CA34634CC20C
52X,I,2E1127BAF33B34F7
52X,I,DD5FAAA2F84021B6
52X,I,A1E562738B441036
52X,I,8233DD25DE47FDF0
52X,I,C1590716F6FABC50
52X,I,3CCF4F6EA48CF505
52X,I,7AECAF57AF679EE7
52X,I,116624D40FDE852C
52X,I,DA8B258D68133BDD
52X,I,75DEBB78067301B8
52X,I,D4CE0ED4DF009B66
52X,I,B714B480F96C22D5
52X,I,531B557CFBFFD232
52X,I,F626C47C1F73E1AE
52X,I,813A44129E51981F
52X,I,8972CD96C0B11BB2
52X,I,4AA82FE086BA80FD
52X,I,3410D9B6EF36D674
52X,I,9D88EE061FF5E1D0
52X,I,3F0C9DF601178557
52X,I,2BD0ACE05ADB9AD1
52X,I,459BE083B86A8337
52X,I,CD4626E2F32FE372
52X,I,10DABE0380229B4D
53,O,65B07713A0DDFF22
53,O,CCBBE2779B1765C4
53,O,D9CE618F99BAC2B6
53,O,1B0FD9C27F5FE0BE
53,O,A010FE2C473103A8
53,O,70FEB409760C77EE
53,O,A1A1B10F5CE291AC
53,O,A11650027CA0992C
53,O,41D1C3067A2D555F
53,O,88F23AAD9EC3F5C6
53,O,71C5FC4FF2FDE0CA
53,O,0F0D2B88FB6F7150
53,O,D329FD6BF0C3DE7D
53,O,56D7B8874849BB6B
53,O,03F3BF97A3BCA7CC
53,O,8731A302A4F4C930
53,O,BCFD8D6861CF7273
53,O,D647696D172E5620
53,O,BB4F24A4C6A9B222
53,O,F61DB78CF72DB387
53,O,92A09EC9B712A1ED
53,O,4885700825A72F51
53,O,A1541789F09C89BA
53,O,D073CC71A1B4F79C
53,O,B64EEA7F564C7853
53,O,46D1A9FD1F84CA5C
53,O,F1D1F84A466543BE
53,O,AA5DA45828958EAE
53,O,876057D899CE09C9
53,O,A8F45422814FF3EB
53,O,642F7D358D36F715
53,O,F269ACD809D1B43E
53,O,68354B780EDFC52B
53,O,01F91A12857E4531
53,O,630AA1866C5372B6
53,O,C90375A74B02D2E8
53,O,EEC48EC880FC63CB
53,O,242418A9AB386596
53,O,A9D85812EAEE6C17
53,O,971554761E4413EF
53,O,7FB2AE7FA13EDB0F
53,O,4F64DA53415F3128
53,O,BF7FD3BC4994EBE5
53,O,9DC117C78DBDB1A7
53,O,BD52FF1BA0AC99BE
53,O,1F2376A52800A2CA
53,O,0B72FFAB7F7230E4
53,O,620557B9486BE4BF
53,O,E3E5521CAFDD5DCE
53,O,D3CA3780D3E342FC
53,O,6FBEA411A4940B6C
53,O,1064E673770C38BC
53,O,2DFE2D85D53C1114
53,O,C4E03BB27317AF35
53,O,30DD3451F8D64883
53,O,8AFF8B43EC3E547F
53,O,83C4F756489484B5
53,O,ED9E5ACF98190E5C
53,O,D7D5410F2F97D682
53,O,DA87D4887F5FAF62
53,O,81F1ECC7278CDC18
53,O,2D36E1CF8C4FF699
53,O,8316A5C8798768AF
53,O,96D0ED04D761DBE4
53,O,B069D9C12F89AAFA
53,O,E5763322877BB340
53,O,48769F0B9F6E6C1B
53,O,93F4EA3D82B33BEF
53,O,3DD784D9B2C30AFC
53,O,D8F172EF79F3414D
53,O,40A0B70767CA3F13
53,O,4BDF62F2A7C32429
53,O,01642BC44DCFDB3C
53,O,DD50060EDE7AC79A
53,I,1947D8C8C82DF750
53,I,003D1263A14908F6
53,I,2E1348C8174BDE09
53,I,5FB1FCAF80F3D97D
53,I,9CD69A8A588B2F8D
53,I,613A21BCEF50485D
53,I,122BF72E5DBAEFC0
53,I,C3009421E5B89EB0
53,I,222694615BD60A65
53,I,E182FE2A3C62252F
53,I,AEA60911096D770F
53,I,BC68B9C32B4267AB
53,I,62AA23787294A36E
53,I,7550FEE23DA5615D
53,I,B47C12A965D7B481
53,I,5564CE644A0D7DBE
53,I,1E4E9FB5763C3436
53,I,B5BB97F8CB889AB7
53,I,9E4653BA0F25F731
53,I,6A93E2E9F1A3F421
53,I,3F41CA34634CC20C
53,I,2E1127BAF33B34F7
53,I,DD5FAAA2F84021B6
53,I,A1E562738B441036
53,I,8233DD25DE47FDF0
53,I,C1590716F6FABC50
53,I,3CCF4F6EA48CF505
53,I,7AECAF57AF679EE7
53,I,116624D40FDE852C
53,I,DA8B258D68133BDD
53,I,75DEBB78067301B8
53,I,D4CE0ED4DF009B66
53,I,B714B480F96C22D5
53,I,531B557CFBFFD232
53,I,F626C47C1F73E1AE
53,I,813A44129E51981F
53,I,8972CD96C0B11BB2
53,I,4AA82FE086BA80FD
53,I,3410D9B6EF36D674
53,I,9D88EE061FF5E1D0
53,I,3F0C9DF601178557
53,I,2BD0ACE05ADB9AD1
53,I,459BE083B86A8337
53,I,CD4626E2F32FE372
53,I,25E34120CA3AD554
53,I,6D9EB45795E40B40
53,I,02824AAFC038FA20
53,I,0FB4AEA370913FD2
53,I,78B3C90A0D7DDDE3
53,I,E2AE7A37634C8FE5
53,I,B954B8082D1AA9B0
53,I,7FE552E3792C9047
53,I,5587F6CBEF8C74F1
53,I,468DB19F9ECA7507
53,I,030A0F57C577B5EA
53,I,F1A6B3410C090751
53,I,FFF1B4F48E111EAD
53,I,9E20691A113722DB
53,I,AF639F3CE03AAC5C
53,I,FF6FB7F4F33970EE
53,I,F6B47B35803AF5BB
53,I,0C06F98AD1401CF1
53,I,0BC4AC63EF8204FA
53,I,F21032FA5045ACE3
53,I,1643F733ACE00B8C
53,I,5CAF0B805C12DDD9
53,I,2C0C842FA050B03D
53,I,D79CB4C4C66E7DBC
53,I,2280D10BC985E036
53,I,A8482B15AD6E89A3
53,I,BCC6E5BA6810FED6
53,I,22D525468860D203
53,I,445B2A02DB891CA9
53,I,65B07713A0DDFF22
54,O,FAB0AB2B6DCEE7F2
54,O,C296D9B3313C1F77
54,O,445B2A02DB891CA9
54,O,0C943B7308FF4DCC
54,O,73CDC61EBA1C9431
54,O,D9AB3B959A46E411
54,O,36DC37F6A54BA5E0
54,O,F5FA7ED5D5A6860D
54,O,D05C7D74301D47C5
54,O,41C9D989B8B874FF
54,O,E67CDE5E499A9529
54,O,DA9E78C0D00A5C00
54,O,754018D85575639C
54,O,EFF76047DAB0578D
54,O,847F5319F0265428
54,O,6D76943277DC18FF
54,O,13C46D68CA99BF05
54,O,13211112A23954EC
54,O,3A317C6B1C25E38B
54,O,D718ABC314AD4B3C
54,O,B930AD84BC1A8655
54,O,F3BA995562185F8D
54,O,D790D851F74E29ED
54,O,FF3C034E01D2F73B
54,O,F3C6FD22BC86B80F
54,O,784D9D1F3FFC2A71
54,O,8581AEE08587F6AE
54,O,9E082924A8362902
54,O,0E7D925FC7469830
54,O,22D8393C78C95BBC
54,O,13362EE5DC44432F
54,O,11387D20F8DCA372
54,O,F853FAA669228E41
54,O,6B35AF30748EDA1B
54,O,2D10E16919B5A96E
54,O,F0D6CB5F04988EA4
54,O,09601DB251157030
54,O,B683B48A5CCC6C2B
54,O,B9CB8D64781C3323
54,O,EA74F13EEC20AD91
54,O,9229BF150F3C53BC
54,O,3291342581C48037
54,O,D1C1E33BB9350C65
54,O,F6FDEAF741BFBD2E
54,O,1345D70225C59BD3
54,O,3210F3BCFFD74E61
54,O,BFCFEBF6F5C35402
54,O,F8B3A5C8D0D3CED7
54,O,3D5F826FD00C0529
54,O,876CF2E8C375F78B
54,O,6386333EDAC64C96
54,O,0FD6C16477F1F0E8
54,O,6A4B371546D489BF
54,O,AC935792C88AF135
54,O,43E5D3A445382F82
54,O,FAB0AB2B6DCEE7F2
57M,O,640B42B50FB0152E
57M,O,D09590C6061D9FE7
57M,O,1F5BF0C69F30C752
57M,O,854E787D0F56BF91
57M,O,76E1845DB572DD12
57M,O,376C4835851621D4
57M,O,CA6AB8446B694566
57M,O,ED364A58F885DC92
57M,O,D6C06E7091666AB4
57M,O,F8D8D0AED9889278
57M,O,2D33D39F61B74C5D
57M,O,AAB411C52D067AD1
57M,O,558D298696B57A4D
57M,O,0E65D3EC41A1D34B
57M,O,4E3FEA4E559A5D16
57M,O,BB04686A2E0D7578
57M,O,941B58A78A49CD0B
57M,I,941B58A78A49CD0B
57M,I,BC50F731DFC77A7F
57M,I,3CB45560769AA11A
57M,I,97E8669AA68FB093
57M,I,AB10F01039440464
57M,I,354A2C15BD189228
57M,I,5AF593F7A11180E2
57M,I,A8430DB27637D95F
57M,I,12E6D91298FABAEE
57M,I,DFE346B2C7332BC0
57M,I,88229183EDC0B6E9
57M,I,4521D614AE85C1A5
57M,I,D9582C2A1BAD56C7
57M,I,16B7A6679BD8903B
57M,I,8983CAC3634DD53D
57M,I,7F4EB0203DF27B35
57M,I,F4D9335688592803
57M,I,44EE4F1DEB9ADD69
57M,I,640B42B50FB0152E
58M,O,4CF25CB2C36E36F0
58M,O,840532B7C95DF870
58M,O,315BE0CA231DCD4F
58M,O,EDF4C2EAFDBD4693
58M,O,5AB4B6D054B4B8D3
58M,O,8C32D9DDB85891A6
58M,O,8121695666A4D9CE
58M,O,8081C7B2F395A6D0
58M,O,376C4835851621D4
58M,O,CA6AB8446B694566
58M,O,10860B611840CF22
58M,O,D6C06E7091666AB4
58M,O,F8D8D0AED9889278
58M,O,CA8554613AAA6C49
58M,O,AAB411C52D067AD1
58M,O,6A20A74A8B3F78A3
58M,O,B09E06FF6EF5A8C4
58M,O,508B02C5E209E802
58M,O,6C11A9780213BBBB
58M,O,F6FAA30D1632A880
58M,O,D35D367213454CA7
58M,O,EDF4C2EAFDBD4693
58M,O,5AB4B6D054B4B8D3
58M,O,8C32D9DDB85891A6
58M,O,8121695666A4D9CE
58M,O,8081C7B2F395A6D0
58M,O,376C4835851621D4
58M,O,CA6AB8446B694566
58M,O,10860B611840CF22
58M,O,D6C06E7091666AB4
58M,O,F8D8D0AED9889278
58M,O,CA8554613AAA6C49
58M,O,AAB411C52D067AD1
58M,O,6A20A74A8B3F78A3
58M,O,B09E06FF6EF5A8C4
58M,O,508B02C5E209E802
58M,O,6C11A9780213BBBB
58M,O,F6FAA30D1632A880
58M,O,9F5B57C2FE7E786D
58M,O,EDF4C2EAFDBD4693
58M,O,5AB4B6D054B4B8D3
58M,O,8C32D9DDB85891A6
58M,O,8121695666A4D9CE
58M,O,8081C7B2F395A6D0
58M,O,376C4835851621D4
58M,O,CA6AB8446B694566
58M,O,10860B611840CF22
58M,O,D6C06E7091666AB4
58M,O,F8D8D0AED9889278
58M,O,CA8554613AAA6C49
58M,O,AAB411C52D067AD1
58M,O,6A20A74A8B3F78A3
58M,O,B09E06FF6EF5A8C4
58M,O,508B02C5E209E802
58M,O,6C11A9780213BBBB
58M,O,F6FAA30D1632A880
58M,I,F6FAA30D1632A880
58M,I,3CB45560769AA11A
58M,I,4A68E282FEB3DAED
58M,I,AB10F01039440464
58M,I,354A2C15BD189228
58M,I,C7FC5050194509AE
58M,I,0115F5FC6A7772C3
58M,I,12E6D91298FABAEE
58M,I,DFE346B2C7332BC0
58M,I,2B3A6C000BB085CD
58M,I,28C36BBE416103C2
58M,I,BC301D7E7F063331
58M,I,CBE54DB551C24A02
58M,I,0C677A6B6266DB52
58M,I,ECE3F3BE270C27E2
58M,I,594A765BE3A43C73
58M,I,507D90B4B976DBD6
58M,I,42932FFDE5C281AD
58P,O,F6FAA30D1632A880
58P,O,3CB45560769AA11A
58P,O,4A68E282FEB3DAED
58P,O,AB10F01039440464
58P,O,354A2C15BD189228
58P,O,C7FC5050194509AE
58P,O,0115F5FC6A7772C3
58P,O,12E6D91298FABAEE
58P,O,DFE346B2C7332BC0
58P,O,2B3A6C000BB085CD
58P,O,0C677A6B6266DB52
58P,O,ECE3F3BE270C27E2
58P,O,594A765BE3A43C73
58P,O,507D90B4B976DBD6
58P,O,DF0B7A18D4F2B7C8
58X,O,692B63F1A1F42D8C
58X,O,840532B7C95DF870
58X,O,2F5F973821A594A9
58X,O,EDF4C2EAFDBD4693
58X,O,5AB4B6D054B4B8D3
58X,O,2FD7EBBD4AF78A93
58X,O,CBBF3CAABD86AC14
58X,O,C2787E27F82716BF
58X,O,854BC3A8D4DE6AA9
58X,O,09A156B1A802D093
58X,O,BD34A7B702373B12
58X,O,E30C2815DA280036
58X,O,C06334CA2AF7814B
58X,O,E5EBA1D47BA06FCC
58X,O,18C138014DF5B0C8
58X,O,0FDE3A87457539BC
58X,O,4459E386C8525C34
58X,O,87CA6EFD0FFAF72A
58X,O,969973D9D60AA02B
58X,O,EDF4C2EAFDBD4693
58X,O,5AB4B6D054B4B8D3
58X,O,2FD7EBBD4AF78A93
58X,O,CBBF3CAABD86AC14
58X,O,C2787E27F82716BF
58X,O,854BC3A8D4DE6AA9
58X,O,09A156B1A802D093
58X,O,BD34A7B702373B12
58X,O,E30C2815DA280036
58X,O,C06334CA2AF7814B
58X,O,E5EBA1D47BA06FCC
58X,O,18C138014DF5B0C8
58X,O,0FDE3A87457539BC
58X,O,4459E386C8525C34
58X,O,87CA6EFD0FFAF72A
58X,I,87CA6EFD0FFAF72A
58X,I,EF103F0ED7C9BE45
58X,I,71429CEA8EA90958
58X,I,EABEA7DC579C5F3E
58X,I,15EB974CD32E9FB2
58X,I,A4D7F88689232BE9
58X,I,F88278FBE1C3FF34
58X,I,315B55985B328146
58X,I,325788C7375BFC0B
58X,I,6564600C3B5BFB65
58X,I,FE3B71A48A6B0C30
58X,I,950140C36BBC6369
58X,I,28C36BBE416103C2
58X,I,BC301D7E7F063331
58X,I,CBE54DB551C24A02
58X,I,0C677A6B6266DB52
58X,I,ECE3F3BE270C27E2
58X,I,594A765BE3A43C73
58X,I,507D90B4B976DBD6
58X,I,42932FFDE5C281AD
59A,O,8D6792FF38584BE0
59A,O,015AD88813C61900
59A,O,B88E6F52E2BC2E34
59A,O,3FAE59A79C8BCC93
59A,O,A1D3216AF158C117
59A,O,ED364A58F885DC92
59A,O,5941DC3E9FA7BE8B
59A,O,85B0E39398B91605
59A,O,1F934873940D1F49
59A,O,AAB411C52D067AD1
59A,O,6ED65F69CDBFDEB6
59A,O,0E65D3EC41A1D34B
59A,O,4E3FEA4E559A5D16
59A,O,DA17B01A4A61A358
59A,O,876D631AB4D87514
59A,I,876D631AB4D87514
59A,I,3CB45560769AA11A
59A,I,2351E4570FFCE620
59A,I,AB10F01039440464
59A,I,354A2C15BD189228
59A,I,5AF593F7A11180E2
59A,I,A8430DB27637D95F
59A,I,E083D2189A733B79
59A,I,C0E4673A18CF6D06
59A,I,AD25F24A6E6ACEE3
59A,I,83A02749D0CB2EE8
59A,I,3104B2FBA1EEE592
59A,I,86D1BF834F627D5C
59A,I,1D944152BA58ABF3
59A,I,722B3DD3D7BCFA21
59A,I,8D6792FF38584BE0
59M,O,ED380ED65FFA508C
59M,O,015AD88813C61900
59M,O,B88E6F52E2BC2E34
59M,O,3FAE59A79C8BCC93
59M,O,A1D3216AF158C117
59M,O,376C4835851621D4
59M,O,2560149CE75EABA0
59M,O,D893FD9E88E2A98D
59M,O,81C7DC25FD107DD2
59M,O,0653C07D043A0E97
59M,O,11FCA01F6AF8D08A
59M,O,40F7A5D10A2CBE9E
59M,O,3FAE59A79C8BCC93
59M,O,A1D3216AF158C117
59M,O,376C4835851621D4
59M,O,2560149CE75EABA0
59M,O,D893FD9E88E2A98D
59M,O,81C7DC25FD107DD2
59M,O,0653C07D043A0E97
59M,O,F8EBC8391EB73776
59M,O,3FAE59A79C8BCC93
59M,O,A1D3216AF158C117
59M,O,376C4835851621D4
59M,O,2560149CE75EABA0
59M,O,D893FD9E88E2A98D
59M,O,81C7DC25FD107DD2
59M,O,0653C07D043A0E97
59M,I,0653C07D043A0E97
59M,I,36C3B12BD3112CCB
59M,I,E083D2189A733B79
59M,I,0269A1F9D98C737E
59M,I,A8B22902BD665766
59M,I,C0E4673A18CF6D06
59M,I,AD25F24A6E6ACEE3
59M,I,83A02749D0CB2EE8
59M,I,3104B2FBA1EEE592
59M,I,86D1BF834F627D5C
59M,I,1D944152BA58ABF3
59M,I,722B3DD3D7BCFA21
59M,I,ED380ED65FFA508C
59X,O,E8DB8EA844260912
59X,O,216AEF6F6541ECF1
59X,O,1ACA45F806F2554A
59X,O,40F7A5D10A2CBE9E
59X,O,3FAE59A79C8BCC93
59X,O,A1D3216AF158C117
59X,O,376C4835851621D4
59X,O,21FC719DAF5F9D28
59X,O,854BC3A8D4DE6AA9
59X,O,09A156B1A802D093
59X,O,BD34A7B702373B12
59X,O,E30C2815DA280036
59X,O,C06334CA2AF7814B
59X,O,E5EBA1D47BA06FCC
59X,O,18C138014DF5B0C8
59X,O,0FDE3A87457539BC
59X,O,4459E386C8525C34
59X,O,A7D3749EF3C6B8CE
59X,O,F8EBC8391EB73776
59X,O,3FAE59A79C8BCC93
59X,O,F11DEDBBCD090BCC
59X,O,A1D3216AF158C117
59X,O,376C4835851621D4
59X,O,21FC719DAF5F9D28
59X,O,854BC3A8D4DE6AA9
59X,O,09A156B1A802D093
59X,O,BD34A7B702373B12
59X,O,E30C2815DA280036
59X,O,C06334CA2AF7814B
59X,O,E5EBA1D47BA06FCC
59X,O,18C138014DF5B0C8
59X,O,0FDE3A87457539BC
59X,O,4459E386C8525C34
59X,O,A7D3749EF3C6B8CE
59X,O,F11DEDBBCD090BCC
59X,O,A1D3216AF158C117
59X,O,376C4835851621D4
59X,O,21FC719DAF5F9D28
59X,O,854BC3A8D4DE6AA9
59X,O,09A156B1A802D093
59X,O,BD34A7B702373B12
59X,O,E30C2815DA280036
59X,O,C06334CA2AF7814B
59X,O,E5EBA1D47BA06FCC
59X,O,18C138014DF5B0C8
59X,O,0FDE3A87457539BC
59X,O,4459E386C8525C34
59X,O,A7D3749EF3C6B8CE
59X,I,A7D3749EF3C6B8CE
59X,I,EF103F0ED7C9BE45
59X,I,A5C65B0A68257CF1
59X,I,EABEA7DC579C5F3E
59X,I,15EB974CD32E9FB2
59X,I,A4D7F88689232BE9
59X,I,F88278FBE1C3FF34
59X,I,098AF67CBBB9FBA9
59X,I,325788C7375BFC0B
59X,I,6564600C3B5BFB65
59X,I,FE3B71A48A6B0C30
59X,I,950140C36BBC6369
59X,I,0269A1F9D98C737E
59X,I,A8B22902BD665766
59X,I,C0E4673A18CF6D06
59X,I,AD25F24A6E6ACEE3
59X,I,83A02749D0CB2EE8
59X,I,0C9D04F079377C44
59X,I,7CFE29DD74F71B2F
59X,I,667E322246C6F7FA
59X,I,722B3DD3D7BCFA21
59X,I,E8DB8EA844260912
60M,O,A6A60ADA171EE7C8
60M,O,F490C6051AA2E1F3
60M,O,20EB4ED56F4442E9
60M,O,07B714029E91FD81
60M,O,4D777935A801201A
60M,O,376C4835851621D4
60M,O,2560149CE75EABA0
60M,O,D893FD9E88E2A98D
60M,O,81C7DC25FD107DD2
60M,O,3917263246285F3E
60M,I,3917263246285F3E
60M,I,36C3B12BD3112CCB
60M,I,E083D2189A733B79
60M,I,0269A1F9D98C737E
60M,I,47FF0EDCD6926932
60M,I,64312A5DFF11636C
60M,I,CB2A65E69B2B71BE
60M,I,59081A58EA5BC728
60M,I,5D14B75687F60509
60M,I,79D68EE7C6CBAB9D
60M,I,A6A60ADA171EE7C8
60X,O,B3B0EF2BC688751D
60X,O,E21F0D67FF45797F
60X,O,07B714029E91FD81
60X,O,4D777935A801201A
60X,O,376C4835851621D4
60X,O,21FC719DAF5F9D28
60X,O,F36F422FDC6B9D3F
60X,O,1E1F9E719E67766C
60X,O,A6013462EAC8AA50
60X,O,DAE9E14BA67CEC80
60X,O,AAB25066B96C6588
60X,O,7BA304A9D0662541
60X,O,943DA171019723CE
60X,O,495A6186451A78E3
60X,O,B71D38598F3C942D
60X,O,68D0BC0C7164F763
60X,O,102CF3166EF7ABFF
60X,O,25B94D808EC232D8
60X,O,2F165341B07CBDB9
60X,O,FD1B403FD4EC3E8D
60X,O,E1DA8EB2EA9A4B3C
60X,I,E1DA8EB2EA9A4B3C
60X,I,457F82CA73DB77ED
60X,I,1032583A59C3521F
60X,I,0E9F8B5A3734D9CE
60X,I,B046BFB6CCD3E7CE
60X,I,FC46B100B69573B7
60X,I,4A1CFF0BEA83DE78
60X,I,96C9569354228E09
60X,I,15EB974CD32E9FB2
60X,I,A4D7F88689232BE9
60X,I,F88278FBE1C3FF34
60X,I,315B55985B328146
60X,I,325788C7375BFC0B
60X,I,6564600C3B5BFB65
60X,I,20FADDD5EB4002B3
60X,I,950140C36BBC6369
60X,I,62742CFBA2BE9854
60X,I,0269A1F9D98C737E
60X,I,47FF0EDCD6926932
60X,I,64312A5DFF11636C
60X,I,CB2A65E69B2B71BE
60X,I,5A592ED96E34B583
60X,I,BC8F3F54B096B69F
60X,I,B3B0EF2BC688751D
61A,O,26A66C479A0278FC
61A,O,F69B2B317BEB37A3
61A,O,64312A5DFF11636C
61A,O,CB2A65E69B2B71BE
61A,O,F0536729876AA9D0
61A,O,1E15CFA82F408124
61A,O,01F91A12857E4531
61A,O,630AA1866C5372B6
61A,O,A2586669ADE21A28
61A,O,C90375A74B02D2E8
61A,O,EEC48EC880FC63CB
61A,O,242418A9AB386596
61A,O,A9D85812EAEE6C17
61A,O,971554761E4413EF
61A,O,7FB2AE7FA13EDB0F
61A,O,4F64DA53415F3128
61A,O,BF7FD3BC4994EBE5
61A,O,9DC117C78DBDB1A7
61A,O,BD52FF1BA0AC99BE
61A,O,1F2376A52800A2CA
61A,O,0B72FFAB7F7230E4
61A,O,9955DA9311A76BA4
61A,O,0CF05B00D82FECB2
61M,O,26A66C479A0278FC
61M,O,F69B2B317BEB37A3
61M,O,64312A5DFF11636C
61M,O,CB2A65E69B2B71BE
61M,O,F0536729876AA9D0
61M,O,1E15CFA82F408124
61M,O,01F91A12857E4531
61M,O,630AA1866C5372B6
61M,O,A2586669ADE21A28
61M,O,C90375A74B02D2E8
61M,O,EEC48EC880FC63CB
61M,O,242418A9AB386596
61M,O,A9D85812EAEE6C17
61M,O,971554761E4413EF
61M,O,7FB2AE7FA13EDB0F
61M,O,4F64DA53415F3128
61M,O,BF7FD3BC4994EBE5
61M,O,9DC117C78DBDB1A7
61M,O,BD52FF1BA0AC99BE
61M,O,1F2376A52800A2CA
61M,O,0B72FFAB7F7230E4
61M,O,9955DA9311A76BA4
61M,O,0CF05B00D82FECB2
61M,O,10860B611840CF22
61M,O,D6C06E7091666AB4
61M,O,F8D8D0AED9889278
61M,O,2D33D39F61B74C5D
61M,O,AAB411C52D067AD1
61M,O,558D298696B57A4D
61M,O,B09E06FF6EF5A8C4
61M,O,4E3FEA4E559A5D16
61M,O,DA17B01A4A61A358
61M,O,3E8426FA1832BA50
61M,O,7420DF52F1B42C9F
61M,O,7467287ACB876529
61M,O,07A21E4B84A401AC
61M,I,07A21E4B84A401AC
61M,I,BC50F731DFC77A7F
61M,I,EE0ACB2B516C305E
61M,I,45A499CD3132E90A
61M,I,2351E4570FFCE620
61M,I,AB10F01039440464
61M,I,354A2C15BD189228
61M,I,C7FC5050194509AE
61M,I,A8430DB27637D95F
61M,I,E78E2B8A6B0251F4
61M,I,C1590716F6FABC50
61M,I,3CCF4F6EA48CF505
61M,I,7AECAF57AF679EE7
61M,I,116624D40FDE852C
61M,I,DA8B258D68133BDD
61M,I,75DEBB78067301B8
61M,I,D4CE0ED4DF009B66
61M,I,B714B480F96C22D5
61M,I,531B557CFBFFD232
61M,I,F626C47C1F73E1AE
61M,I,813A44129E51981F
61M,I,8972CD96C0B11BB2
61M,I,4AA82FE086BA80FD
61M,I,3410D9B6EF36D674
61M,I,9D88EE061FF5E1D0
61M,I,03B2C07AC4117C59
61M,I,3F0C9DF601178557
61M,I,2BD0ACE05ADB9AD1
61M,I,459BE083B86A8337
61M,I,665CE110A84542E9
61M,I,20EB4ED56F4442E9
61M,I,ABDD74161F650B6E
61M,I,26A66C479A0278FC
61P,O,22E22257A0FA43D3
61P,O,752B1B808E1B4CB5
61P,O,E346E933481C3D83
61P,O,130015EE1C05A484
61P,O,68DD31B1EF55AF1A
61P,O,FCE8D0E0D2A89B8B
61P,O,D77779E531F14725
61P,O,4F64DA53415F3128
61P,O,BF7FD3BC4994EBE5
61P,O,9DC117C78DBDB1A7
61P,O,BD52FF1BA0AC99BE
61P,O,1F2376A52800A2CA
61P,O,0B72FFAB7F7230E4
61P,O,0CF05B00D82FECB2
61P,O,9B664F8FD4E76E48
61P,O,20E8B4520A802912
61P,O,5823104B79279940
61P,O,E368E68412AB685C
61P,O,0653C07D043A0E97
61P,I,0653C07D043A0E97
61P,I,01642BC44DCFDB3C
61P,I,5823104B79279940
61P,I,033CB7A21D6DC60C
61P,I,C1590716F6FABC50
61P,I,3CCF4F6EA48CF505
61P,I,7AECAF57AF679EE7
61P,I,116624D40FDE852C
61P,I,DA8B258D68133BDD
61P,I,75DEBB78067301B8
61P,I,D4CE0ED4DF009B66
61P,I,B714B480F96C22D5
61P,I,531B557CFBFFD232
61P,I,46261DE8D4DFD821
61P,I,5A3DB1CED74A109E
61P,I,22E22257A0FA43D3
61P,I,752B1B808E1B4CB5
61P,I,E346E933481C3D83
61P,I,130015EE1C05A484
61P,I,68DD31B1EF55AF1A
61X,O,F401D97F031FEEED
61X,O,5E661DD70499AB4C
61X,O,07B714029E91FD81
61X,O,913F2DF20E573CEA
61X,O,376C4835851621D4
61X,O,6437BDE588337654
61X,O,D198122830A4FDE3
61X,O,99EF4CA10B3E1F17
61X,O,326199D24220A42B
61X,O,F893C6ABC2743F64
61X,O,9FD865B00B2D54A1
61X,O,96A6FE5F07BDF203
61X,O,84DBD40C5EDE2873
61X,O,6FB456AE4E4CFFD4
61X,O,23362ED34834C5F0
61X,O,C7D38CBF5ADEA564
61X,O,1C79BF0732EDBD9C
61X,O,AE4D7869B643DAA2
61X,O,69B5D7E02401C25B
61X,O,4EEABE3D756581FB
61X,O,FCAA34C69CFEF26C
61X,O,C3427DE8E291FFA6
61X,O,D6BE89205CDC6645
61X,I,D6BE89205CDC6645
61X,I,489A72B19BE37AE1
61X,I,A91745D47D69FF05
61X,I,C7BCC7CE8FF0EFF5
61X,I,3FB80081AB2FF6FB
61X,I,A46B6AC99CE8722E
61X,I,661FEE32A0D73EB0
61X,I,E7A17EFD6E7435AF
61X,I,49FAC55AF9CB8272
61X,I,52A8DA8958AFCCA6
61X,I,0EAFBD8737911A6A
61X,I,E435F72ACB8438ED
61X,I,60A445D9ACD40C12
61X,I,118450CCC68E42C6
61X,I,6AAC8E541D9BD80C
61X,I,0269A1F9D98C737E
61X,I,47FF0EDCD6926932
61X,I,64312A5DFF11636C
61X,I,CB2A65E69B2B71BE
61X,I,F0536729876AA9D0
61X,I,BC8F3F54B096B69F
61X,I,F401D97F031FEEED
62P,O,A37BEF9605484BC3
62P,O,276C17F1AFEA2C18
62P,O,07B714029E91FD81
62P,O,913F2DF20E573CEA
62P,O,D198122830A4FDE3
62P,O,99EF4CA10B3E1F17
62P,O,F893C6ABC2743F64
62P,O,38330C642568FE3F
62P,O,A15FFC3149FB92A0
62P,O,5D1E6432755E4F5F
62P,O,279C78D8C04A83BB
62P,O,BA03816A38B9DA7F
62P,O,4BD5CE5106BB0697
62P,O,6465DE9EE57F6C94
62P,O,598F766175BE3EF3
62P,O,EB177E95B39626AE
62P,O,144E9479168069DD
62P,O,7459D3AB11AFD6B5
62P,O,9C839C3824F47A6A
62P,O,CB4BB0008A87E4FC
62P,O,E6FDF44FB2844B19
62X,O,50DC968C90CE7CF4
62X,O,FA553D19AD960A9B
62X,O,642F7D358D36F715
62X,O,F269ACD809D1B43E
62X,O,A37BEF9605484BC3
62X,O,276C17F1AFEA2C18
62X,O,07B714029E91FD81
62X,O,913F2DF20E573CEA
62X,O,376C4835851621D4
62X,O,6437BDE588337654
62X,O,D198122830A4FDE3
62X,O,99EF4CA10B3E1F17
62X,O,F893C6ABC2743F64
62X,O,38330C642568FE3F
62X,O,A15FFC3149FB92A0
62X,O,5D1E6432755E4F5F
62X,O,279C78D8C04A83BB
62X,O,BA03816A38B9DA7F
62X,O,4BD5CE5106BB0697
62X,O,6465DE9EE57F6C94
62X,O,598F766175BE3EF3
62X,O,EB177E95B39626AE
62X,O,144E9479168069DD
62X,O,7459D3AB11AFD6B5
62X,O,9C839C3824F47A6A
62X,O,CB4BB0008A87E4FC
62X,O,E6FDF44FB2844B19
62X,I,E6FDF44FB2844B19
62X,I,500EB63FD4A41F66
62X,I,3EAFE91BF6223FA6
62X,I,5309D748976029CB
62X,I,3C6DAB7267F9E54F
62X,I,73E85E88E124EF2C
62X,I,6C6B36F7550907CE
62X,I,25F3EF8ACD865DFB
62X,I,478A61BE44E34707
62X,I,9E1F0E5A57F3D3D5
62X,I,4B17C55C032D3A37
62X,I,52AE04E9C3E77BE1
62X,I,6BB5645D03BE78E7
62X,I,DCC8F8655EB76754
62X,I,AA6F0A2661759A49
62X,I,52A8DA8958AFCCA6
62X,I,0EAFBD8737911A6A
62X,I,E435F72ACB8438ED
62X,I,60A445D9ACD40C12
62X,I,118450CCC68E42C6
62X,I,6AAC8E541D9BD80C
62X,I,0269A1F9D98C737E
62X,I,872110C8ADA14DA1
62X,I,64312A5DFF11636C
62X,I,CB2A65E69B2B71BE
62X,I,5264F4D691BA47AD
62X,I,4521D614AE85C1A5
62X,I,5567777DF3AB7455
62X,I,450240CAB4788D47
62X,I,02824AAFC038FA20
62X,I,0FB4AEA370913FD2
62X,I,50DC968C90CE7CF4
63,O,BF81DC97F81D5AAD
63,O,8121695666A4D9CE
63,O,8081C7B2F395A6D0
63,O,212BFF5737D0116C
63,O,E3E5521CAFDD5DCE
63,O,BF8EAED2AF086669
63,O,BF81DC97F81D5AAD
63,O,A1A1B10F5CE291AC
63,O,44DD070290F93074
63,O,3F312934CDF4C38D
63,O,E9F5F6ED88ED3616
63,O,5BD4FF66AE704CF5
63,O,A4A70D25E7E80482
63,O,CB136E1C378BC183
63,O,60A4F4A41CD61FAC
63,O,8F6C8CEB9F17D97D
63,O,B09E18636F184247
63,O,2FA997A1BE419A52
63,O,8121695666A4D9CE
63,O,8081C7B2F395A6D0
63,O,212BFF5737D0116C
63,O,E3E5521CAFDD5DCE
63,O,BF8EAED2AF086669
63,I,BF8EAED2AF086669
63,I,3CCF4F6EA48CF505
63,I,7AECAF57AF679EE7
63,I,F26CC0CB9587F2F9
63,I,BF81DC97F81D5AAD
63,I,BF8EAED2AF086669
63,I,3CCF4F6EA48CF505
63,I,7AECAF57AF679EE7
63,I,F26CC0CB9587F2F9
63,I,5F616585205DDDF9
63,I,147D513A708AA741
63,I,B88640E0CA83F12C
63,I,3F312934CDF4C38D
63,I,E9F5F6ED88ED3616
63,I,5BD4FF66AE704CF5
63,I,A4A70D25E7E80482
63,I,CB136E1C378BC183
63,I,A8482B15AD6E89A3
63,I,BF81DC97F81D5AAD
63R,O,8581908CE476D2CF
63R,O,0A8E2BA2F75E472E
63R,O,CCC4773031BC0FD8
63R,O,74A3A3037E047C81
63R,I,74A3A3037E047C81
63R,I,BCC83D8C953DC504
63R,I,399EF919E10C7F33
63R,I,512C07C3D131AB5A
63R,I,46604706EE6CC765
63R,I,8581908CE476D2CF
63X,O,E32E4D117F196CAD
63X,O,A856593C105D479B
63X,O,EF43A73D4C0CC508
63X,O,BB4F24A4C6A9B222
63X,O,F61DB78CF72DB387
63X,O,92A09EC9B712A1ED
63X,O,4885700825A72F51
63X,O,A1541789F09C89BA
63X,O,D073CC71A1B4F79C
63X,O,B64EEA7F564C7853
63X,O,46D1A9FD1F84CA5C
63X,O,BDD49A91FF705B42
63X,O,2FD7EBBD4AF78A93
63X,O,CBBF3CAABD86AC14
63X,O,C2787E27F82716BF
63X,O,376C4835851621D4
63X,O,21FC719DAF5F9D28
63X,O,F36F422FDC6B9D3F
63X,O,1E1F9E719E67766C
63X,O,6C1C752975B8A257
63X,O,68D0BC0C7164F763
63X,O,102CF3166EF7ABFF
63X,O,25B94D808EC232D8
63X,O,2F165341B07CBDB9
63X,O,FD1B403FD4EC3E8D
63X,O,E1DA8EB2EA9A4B3C
63X,I,E1DA8EB2EA9A4B3C
63X,I,457F82CA73DB77ED
63X,I,1032583A59C3521F
63X,I,0E9F8B5A3734D9CE
63X,I,B046BFB6CCD3E7CE
63X,I,FC46B100B69573B7
63X,I,4A1CFF0BEA83DE78
63X,I,221A18C37331E6FD
63X,I,7ADC6D521E6BECE6
63X,I,6E764374E3F36BBB
63X,I,950140C36BBC6369
63X,I,62742CFBA2BE9854
63X,I,0269A1F9D98C737E
63X,I,872110C8ADA14DA1
63X,I,F26CC0CB9587F2F9
63X,I,7AC6625D894BA101
63X,I,CBE54DB551C24A02
63X,I,EC225F6F55BFA35E
63X,I,7FE552E3792C9047
63X,I,5587F6CBEF8C74F1
63X,I,468DB19F9ECA7507
63X,I,030A0F57C577B5EA
63X,I,F1A6B3410C090751
63X,I,FFF1B4F48E111EAD
63X,I,87BCEC3D8C6951B2
63X,I,CDA68FDFB046D09F
64K,O,C7ACD35D5D7C153B
64K,O,D54B0CA58FE5559D
64K,O,445B2A02DB891CA9
64K,O,0C943B7308FF4DCC
64K,O,73CDC61EBA1C9431
64K,O,D9AB3B959A46E411
64K,O,36DC37F6A54BA5E0
64K,O,F5FA7ED5D5A6860D
64K,O,D05C7D74301D47C5
64K,O,41C9D989B8B874FF
64K,O,E67CDE5E499A9529
64K,O,F11894F005F25CAB
64K,O,6D76943277DC18FF
64K,O,D4027BBC82CDBA61
64K,O,13211112A23954EC
64K,O,3502ABD7492B8C56
64K,O,B20A1163984772C9
64K,O,8D47F8C7AA27FCB8
64K,O,7AA3F7F89AD36B1B
64K,O,180648AA12CF6725
64K,O,7525EA3D297065CC
64K,O,BC05332A477AB8F9
64K,O,BC3E701090D7E56E
64K,O,8DDFE8598C7DA354
64K,O,8A0B04DDC3B321A4
64K,O,076E1AA3258C5D0A
64K,O,2FE9CA5CC344B5A3
64K,O,AEE5D5FDC38650DB
64K,O,B1E11C753EE8DC31
64K,O,CD364F8B176DE0EC
64K,O,B3CCAA9D93647348
64K,O,2D7EF40DC9C35085
64K,O,D9D98D036444BE88
64K,O,0BAD689F3AEEC4C6
64K,O,BE84FA588F92AFA9
64K,O,76361DD9F5A6CF6A
64K,O,66E828043D886A9F
64K,O,5242343C03385FCC
64K,O,D56D56E9F6458361
64K,O,3889C01BE6A7BF26
64K,O,6FECC341F6134448
64K,O,D42A82ABE8C00558
64K,O,81927FEBF3AF1AFD
64K,O,83363B1A7C100F96
64K,O,78A272047C590D21
64K,O,FCE4B9D70351B091
64K,O,90A92A87C0491478
64K,O,BCC83D8C953DC504
64K,O,DC6749D20ED5C948
64K,O,BE5E07865E13374E
64K,O,94236C65C84D8C17
64K,O,4C82D99D0721ADE9
64K,O,399EF919E10C7F33
64K,O,56F79FB1FC157E22
64K,O,95B249916F323BD4
64K,O,45628FA7B8D7C5D2
64K,O,13E458C819D90940
64K,O,A6D60802BD8DDED0
64K,O,46604706EE6CC765
64K,O,7910B0EBDD33B71B
64K,O,5242343C03385FCC
64K,O,D56D56E9F6458361
64K,O,3889C01BE6A7BF26
64K,O,6FECC341F6134448
64K,O,D42A82ABE8C00558
64K,O,81927FEBF3AF1AFD
64K,O,83363B1A7C100F96
64K,O,78A272047C590D21
64K,O,FCE4B9D70351B091
64K,O,90A92A87C0491478
64K,O,BCC83D8C953DC504
64K,O,DC6749D20ED5C948
64K,O,BE5E07865E13374E
64K,O,94236C65C84D8C17
64K,O,4C82D99D0721ADE9
64K,O,399EF919E10C7F33
64K,I,7910B0EBDD33B71B
64K,I,56C003E99C21984A
64K,I,6219234626AC9DD5
64K,I,DA30F5393480B81D
64K,I,6716018C3EE42733
64K,I,1A0BF02F827F6A20
64K,I,CCC4773031BC0FD8
64K,I,2A86FE3FCDB9760B
64K,I,5FCD0D727920EC65
64K,I,0B786699889F0AEB
64K,I,A53F6592C4173B4E
64K,I,A61CDC435D1C6C37
64K,I,B473A39CEDD5069D
64K,I,2A092A3FB143443A
64K,I,BEEF3ECF24FF4F1A
64K,I,A26AAC44AD49B9DB
64K,I,51AFF58670A6BE9B
64K,I,C97D9654FC4427C9
64K,I,42B5697C975C3953
64K,I,B4C010DBFBD55834
64K,I,61316B564DD5D47B
64K,I,4A6A07B435D221D6
64K,I,A8E0D10D79497444
64K,I,5CB3827F92F37568
64K,I,56ECE6365B40EF35
64K,I,F24053B64CEEE7D2
64K,I,475B0D727574F7B8
64K,I,77C4E5A2A47DD342
64K,I,042C0E83759B8B21
64K,I,D65ADB261B3B4BFB
64K,I,B0562915C29036D8
64K,I,A9F94ED7238542F5
64K,I,3F2DD4E3E4A5CCBB
64K,I,AB4FF374DA182B02
64K,I,D5FB5BA7E9E89E5A
64K,I,41C32F27390D0EF4
64K,I,3D29F886079F85E9
64K,I,7CFA6F0EF3D764C7
64K,I,8447E71E45CE5452
64K,I,083D8BB713878707
64K,I,B683B48A5CCC6C2B
64K,I,B9CB8D64781C3323
64K,I,EA74F13EEC20AD91
64K,I,611596D3D8BFBA7A
64K,I,3F90F60D6947E6A0
64K,I,3210F3BCFFD74E61
64K,I,BFCFEBF6F5C35402
64K,I,F8B3A5C8D0D3CED7
64K,I,3D5F826FD00C0529
64K,I,876CF2E8C375F78B
64K,I,6386333EDAC64C96
64K,I,0FD6C16477F1F0E8
64K,I,6A4B371546D489BF
64K,I,AC935792C88AF135
64K,I,43E5D3A445382F82
64K,I,C7ACD35D5D7C153B
64P,O,7910B0EBDD33B71B
64P,O,56C003E99C21984A
64P,O,6219234626AC9DD5
64P,O,DA30F5393480B81D
64P,O,6716018C3EE42733
64P,O,1A0BF02F827F6A20
64P,O,CCC4773031BC0FD8
64P,O,2A86FE3FCDB9760B
64P,O,5FCD0D727920EC65
64P,O,0B786699889F0AEB
64P,O,A53F6592C4173B4E
64P,O,A61CDC435D1C6C37
64P,O,B473A39CEDD5069D
64P,O,2A092A3FB143443A
64P,O,BEEF3ECF24FF4F1A
64P,O,A26AAC44AD49B9DB
64P,O,51AFF58670A6BE9B
64P,O,C97D9654FC4427C9
64P,O,42B5697C975C3953
64P,O,B4C010DBFBD55834
64P,O,61316B564DD5D47B
64P,O,4A6A07B435D221D6
64S,O,5CB3827F92F37568
64S,O,56ECE6365B40EF35
64S,O,F24053B64CEEE7D2
64S,O,475B0D727574F7B8
64S,O,77C4E5A2A47DD342
64S,O,042C0E83759B8B21
64S,O,D65ADB261B3B4BFB
64S,O,B0562915C29036D8
64S,O,A9F94ED7238542F5
64S,O,3F2DD4E3E4A5CCBB
64S,O,AB4FF374DA182B02
64S,O,D5FB5BA7E9E89E5A
64S,O,41C32F27390D0EF4
64S,O,3D29F886079F85E9
64S,O,7CFA6F0EF3D764C7
64S,O,8447E71E45CE5452
64S,O,083D8BB713878707
64S,O,6D76943277DC18FF
64S,O,B9CB8D64781C3323
64X,O,595CE3974AB6F377
64X,O,EF43A73D4C0CC508
64X,O,BB4F24A4C6A9B222
64X,O,F61DB78CF72DB387
64X,O,0BFC5F7FC4A2D431
64X,O,5F616585205DDDF9
64X,O,147D513A708AA741
64X,O,B88640E0CA83F12C
64X,O,A8482B15AD6E89A3
64X,O,BCC6E5BA6810FED6
64X,O,F87A56BD0A2640ED
64X,O,D54B0CA58FE5559D
64X,O,445B2A02DB891CA9
64X,O,0C943B7308FF4DCC
64X,O,73CDC61EBA1C9431
64X,O,399EF919E10C7F33
64X,O,56F79FB1FC157E22
64X,O,6DE63371E5E799BA
64X,O,13E458C819D90940
64X,O,A6D60802BD8DDED0
64X,O,12E4BAFA2B73435B
64X,O,74648B92E0E80E2E
64X,O,F3243F2A0BC4DEAD
64X,O,3F24CFF9046300D9
64X,O,B34F59A0270AEDA4
64X,O,39E7051B17D302DA
64X,O,1C6EAAF5F48167F9
64X,O,9C6800DD6E0CD683
64X,O,6E821768CA09E8C9
65K,O,5242343C03385FCC
65K,O,D56D56E9F6458361
65K,O,3889C01BE6A7BF26
65K,O,6FECC341F6134448
65K,O,D42A82ABE8C00558
65K,O,81927FEBF3AF1AFD
65K,O,83363B1A7C100F96
65K,O,78A272047C590D21
65K,O,FCE4B9D70351B091
65K,O,90A92A87C0491478
65K,O,BCC83D8C953DC504
65K,O,DC6749D20ED5C948
65K,O,BE5E07865E13374E
65K,O,94236C65C84D8C17
65K,O,4C82D99D0721ADE9
65K,O,399EF919E10C7F33
65K,O,56F79FB1FC157E22
65K,O,95B249916F323BD4
65K,O,27222F0DE22582ED
65X,O,03FC9E0BC770B677
65X,O,73FE2D32F218DA9C
65X,O,A264255E81F51111
65X,O,4C86E1F44AE9C25B
65X,O,79C0E2525F4B50FF
65X,O,324EF7E116289941
65X,O,D2425B7147B58E1D
65X,O,A4607B71730E8F46
65X,O,021872C0E263AC46
65X,O,399EF919E10C7F33
65X,O,56F79FB1FC157E22
65X,O,6DE63371E5E799BA
65X,O,13E458C819D90940
65X,O,A6D60802BD8DDED0
65X,O,12E4BAFA2B73435B
65X,O,74648B92E0E80E2E
65X,O,F3243F2A0BC4DEAD
65X,O,3F24CFF9046300D9
65X,O,B34F59A0270AEDA4
65X,O,39E7051B17D302DA
65X,O,1C6EAAF5F48167F9
65X,O,9C6800DD6E0CD683
65X,O,6E821768CA09E8C9
66M,O,45C39BB56C6B333C
66M,O,C821EBC3DFFC50D8
66M,O,6AE148CA74FC4D53
66M,O,D09590C6061D9FE7
66M,O,1F5BF0C69F30C752
66M,O,854E787D0F56BF91
66M,O,376C4835851621D4
66M,O,2560149CE75EABA0
66M,O,D893FD9E88E2A98D
66M,O,9429666D064419BE
66M,O,4BDF62F2A7C32429
66M,O,01642BC44DCFDB3C
66M,O,0523E42BFCC14E7D
66M,I,0523E42BFCC14E7D
66M,I,A60AE774B09A5E44
66M,I,2EA8AA00E0850F35
66M,I,36C3B12BD3112CCB
66M,I,12E6D91298FABAEE
66M,I,DFE346B2C7332BC0
66M,I,88229183EDC0B6E9
66M,I,D010FF7CF77383B7
66M,I,F4D9335688592803
66M,I,1AD9C759A42F9003
66M,I,EB64718829DFC071
66M,I,45C39BB56C6B333C
66X,O,54FF927A38FDC562
66X,O,C821EBC3DFFC50D8
66X,O,6AE148CA74FC4D53
66X,O,B3CCA98CC6CE7C8C
66X,O,1F5BF0C69F30C752
66X,O,854E787D0F56BF91
66X,O,376C4835851621D4
66X,O,21FC719DAF5F9D28
66X,O,50E78EB09845863E
66X,O,09A156B1A802D093
66X,O,BD34A7B702373B12
66X,O,E30C2815DA280036
66X,O,C06334CA2AF7814B
66X,O,812E72C257C94B73
66X,O,18C138014DF5B0C8
66X,O,0FDE3A87457539BC
66X,O,1B7B9EDF492B37B6
66X,O,7ADC6D521E6BECE6
66X,O,E02E10C9135624F9
66X,O,3B8B261C1DA409BD
66X,O,FF90E7CEA20AC015
66X,I,FF90E7CEA20AC015
66X,I,E6915B4BA88D2DB5
66X,I,73129107791388E6
66X,I,E646EC930A1E8458
66X,I,11ED493F674F4888
66X,I,BA765A2BCCE21F5C
66X,I,BE510511B0A7344E
66X,I,A4D7F88689232BE9
66X,I,07F21DF049D501B1
66X,I,315B55985B328146
66X,I,325788C7375BFC0B
66X,I,B7C0A83790F94D99
66X,I,FE3B71A48A6B0C30
66X,I,950140C36BBC6369
66X,I,DFE346B2C7332BC0
66X,I,88229183EDC0B6E9
66X,I,D010FF7CF77383B7
66X,I,F4D9335688592803
66X,I,1AD9C759A42F9003
66X,I,EB64718829DFC071
66X,I,54FF927A38FDC562
67A,O,92DFA68888DB615D
67A,O,B491EC8833D9928B
67A,O,90CFA838B3C95AE0
67A,O,C2B20556AB5A2C1C
67A,O,580D52F4D93CAD9B
67A,O,F1D1F84A466543BE
67A,O,FA553D19AD960A9B
67A,O,642F7D358D36F715
67A,O,68354B780EDFC52B
67A,O,665CE110A84542E9
67A,O,376C4835851621D4
67A,O,CA6AB8446B694566
67A,O,ED364A58F885DC92
67A,O,5941DC3E9FA7BE8B
67A,O,85B0E39398B91605
67A,O,1F934873940D1F49
67A,O,AAB411C52D067AD1
67A,O,6A20A74A8B3F78A3
67A,O,0E65D3EC41A1D34B
67A,O,4E3FEA4E559A5D16
67A,O,376B94FDBA371A25
67A,I,376B94FDBA371A25
67A,I,3CB45560769AA11A
67A,I,D6A21211E4788F7B
67A,I,AB10F01039440464
67A,I,354A2C15BD189228
67A,I,C7FC5050194509AE
67A,I,0115F5FC6A7772C3
67A,I,12E6D91298FABAEE
67A,I,DFE346B2C7332BC0
67A,I,872110C8ADA14DA1
67A,I,1E15CFA82F408124
67A,I,CD4626E2F32FE372
67A,I,25E34120CA3AD554
67A,I,02824AAFC038FA20
67A,I,B954B8082D1AA9B0
67A,I,E16D49ECA536ECC6
67A,I,EDAD79A7F0FE08D8
67A,I,C054428621712B5C
67A,I,787BD27C926C60F7
67A,I,92DFA68888DB615D
67M,O,7B966B22D0464566
67M,O,3199543D3AE70527
67M,O,F1D1F84A466543BE
67M,O,AA5DA45828958EAE
67M,O,876057D899CE09C9
67M,O,FA553D19AD960A9B
67M,O,642F7D358D36F715
67M,O,F269ACD809D1B43E
67M,O,68354B780EDFC52B
67M,O,665CE110A84542E9
67M,O,376C4835851621D4
67M,O,CA6AB8446B694566
67M,O,10860B611840CF22
67M,O,D6C06E7091666AB4
67M,O,F8D8D0AED9889278
67M,O,CA8554613AAA6C49
67M,O,AAB411C52D067AD1
67M,O,6A20A74A8B3F78A3
67M,O,B09E06FF6EF5A8C4
67M,O,508B02C5E209E802
67M,O,6C11A9780213BBBB
67M,O,716A72D0EAAC8738
67M,I,716A72D0EAAC8738
67M,I,3CB45560769AA11A
67M,I,D6A21211E4788F7B
67M,I,AB10F01039440464
67M,I,354A2C15BD189228
67M,I,C7FC5050194509AE
67M,I,0115F5FC6A7772C3
67M,I,12E6D91298FABAEE
67M,I,DFE346B2C7332BC0
67M,I,872110C8ADA14DA1
67M,I,1E15CFA82F408124
67M,I,CD4626E2F32FE372
67M,I,25E34120CA3AD554
67M,I,6D9EB45795E40B40
67M,I,02824AAFC038FA20
67M,I,0FB4AEA370913FD2
67M,I,78B3C90A0D7DDDE3
67M,I,E2AE7A37634C8FE5
67M,I,B954B8082D1AA9B0
67M,I,E01BD8E1BEC29EA6
67M,I,E16D49ECA536ECC6
67M,I,7B966B22D0464566
67X,O,77FB32597CCD30F5
67X,O,3199543D3AE70527
67X,O,2B354AE312900DF1
67X,O,AA5DA45828958EAE
67X,O,876057D899CE09C9
67X,O,FA553D19AD960A9B
67X,O,642F7D358D36F715
67X,O,F269ACD809D1B43E
67X,O,68354B780EDFC52B
67X,O,665CE110A84542E9
67X,O,376C4835851621D4
67X,O,21FC719DAF5F9D28
67X,O,854BC3A8D4DE6AA9
67X,O,09A156B1A802D093
67X,O,BD34A7B702373B12
67X,O,E30C2815DA280036
67X,O,C06334CA2AF7814B
67X,O,E5EBA1D47BA06FCC
67X,O,18C138014DF5B0C8
67X,O,0FDE3A87457539BC
67X,O,4459E386C8525C34
67X,O,E19A8D46E934E346
67X,I,E19A8D46E934E346
67X,I,EF103F0ED7C9BE45
67X,I,3DE979ACCBF8988B
67X,I,E945DC2D1D5D809B
67X,I,704AF52FDCA7AE1B
67X,I,A4D7F88689232BE9
67X,I,07F21DF049D501B1
67X,I,315B55985B328146
67X,I,325788C7375BFC0B
67X,I,B7C0A83790F94D99
67X,I,FE3B71A48A6B0C30
67X,I,7DD772B7D55C54B2
67X,I,0269A1F9D98C737E
67X,I,872110C8ADA14DA1
67X,I,1E15CFA82F408124
67X,I,CD4626E2F32FE372
67X,I,25E34120CA3AD554
67X,I,6D9EB45795E40B40
67X,I,02824AAFC038FA20
67X,I,0FB4AEA370913FD2
67X,I,78B3C90A0D7DDDE3
67X,I,E2AE7A37634C8FE5
67X,I,B954B8082D1AA9B0
67X,I,E01BD8E1BEC29EA6
67X,I,E16D49ECA536ECC6
67X,I,77FB32597CCD30F5
68,O,67D38E584B919815
68,O,DB11DC6D1BA11F9A
68,O,876CF2E8C375F78B
68,O,6386333EDAC64C96
68,O,6A4B371546D489BF
68,O,0C943B7308FF4DCC
68,O,7917E395940F86AF
68,O,D9AB3B959A46E411
68,O,36DC37F6A54BA5E0
68,O,65F77C74AB618A8D
68,O,67D38E584B919815
68A,O,FB45F1DF1EDB66FB
68A,O,0D98A0E934584FD0
68A,O,A010FE2C473103A8
68A,O,70FEB409760C77EE
68A,O,A1A1B10F5CE291AC
68A,O,A2C36DF7152EE93F
68A,O,60A4F4A41CD61FAC
68A,O,8F6C8CEB9F17D97D
68A,O,B09E18636F184247
68A,O,2FA997A1BE419A52
68A,O,5FCE752FBBAB3B14
68A,O,8FA8E142E834CB7C
68A,O,92A09EC9B712A1ED
68A,O,4885700825A72F51
68A,O,A1541789F09C89BA
68A,O,D073CC71A1B4F79C
68A,O,B64EEA7F564C7853
68A,O,46D1A9FD1F84CA5C
68A,O,BDD49A91FF705B42
68A,O,8C32D9DDB85891A6
68A,O,8121695666A4D9CE
68A,O,8081C7B2F395A6D0
68A,O,376C4835851621D4
68A,O,ACB5FEA2BF9FC5AD
68A,O,ED364A58F885DC92
68A,O,D6C06E7091666AB4
68A,O,85B0E39398B91605
68A,O,2D33D39F61B74C5D
68A,O,C9E264A3F9D4CEB3
68A,O,6E22023A7DF1B381
68A,O,E45E7DB1786B6324
68A,I,A39682B5A68D668F
68A,I,AFC36FC71B4E124E
68A,I,F3432DFEDE7E7AA0
68A,I,87668BC629020844
68A,I,0115F5FC6A7772C3
68A,I,E78E2B8A6B0251F4
68A,I,DFE346B2C7332BC0
68A,I,872110C8ADA14DA1
68A,I,F26CC0CB9587F2F9
68A,I,7AC6625D894BA101
68A,I,CBE54DB551C24A02
68A,I,EC225F6F55BFA35E
68A,I,7FE552E3792C9047
68A,I,5587F6CBEF8C74F1
68A,I,468DB19F9ECA7507
68A,I,030A0F57C577B5EA
68A,I,F1A6B3410C090751
68A,I,0BFC5F7FC4A2D431
68A,I,AC1A0FA3D0743FCC
68A,I,5F616585205DDDF9
68A,I,147D513A708AA741
68A,I,B88640E0CA83F12C
68A,I,A8482B15AD6E89A3
68A,I,6A435795576D92E8
68A,I,6E85D42922E5A10C
68A,I,6723518D536070AB
68A,I,0CF8C59B80E70369
68A,I,76DD0B50D30CF140
68A,I,FB45F1DF1EDB66FB
68E,O,51B4CB169B73CAF5
68E,O,B896D9459B2C84FA
68E,O,E53367ABE6927F27
68E,O,3DE45DC85392F3E9
68E,O,6225FE329900326D
68E,O,C187E3771B7032EC
68E,O,41C9CAACDC573B48
68E,O,3B7B4F96BF52237D
68E,O,16C3FC511F2BBC5A
68E,O,5CE91F113D08B843
68E,O,445A166A348A82DB
68E,O,36DC37F6A54BA5E0
68E,O,F5FA7ED5D5A6860D
68E,O,D05C7D74301D47C5
68E,O,41C9D989B8B874FF
68E,O,3ECEF3B735084236
68E,O,D127A33746CCDB16
68E,O,8AF7B7AE967EA97D
68E,O,7E50BA0974C3B983
68E,O,6E22023A7DF1B381
68E,O,E45E7DB1786B6324
68E,I,83D9B6BE39530EEF
68E,I,AFC36FC71B4E124E
68E,I,CA1C0FB0345F9675
68E,I,A5E559178C9F5182
68E,I,E55FA660A59AB64A
68E,I,E481F7170B1F6FC3
68E,I,BFCFEBF6F5C35402
68E,I,F8B3A5C8D0D3CED7
68E,I,3D5F826FD00C0529
68E,I,876CF2E8C375F78B
68E,I,6386333EDAC64C96
68E,I,6A4B371546D489BF
68E,I,21DA1E33BF580B96
68E,I,2F8EA7F20F9EC0B2
68E,I,C8FF8B4A87A98184
68E,I,D412D24055680560
68E,I,5169CFB5102E1129
68E,I,C5890150706FE1A0
68E,I,283BB233842FCCEB
68E,I,50B398D31C6B2D28
68F,O,67D38E584B919815
68F,O,DB11DC6D1BA11F9A
68F,O,876CF2E8C375F78B
68F,O,6386333EDAC64C96
68F,O,6A4B371546D489BF
68F,O,21DA1E33BF580B96
68F,O,2F8EA7F20F9EC0B2
68F,O,C8FF8B4A87A98184
68F,O,D412D24055680560
68F,O,5169CFB5102E1129
68F,O,C5890150706FE1A0
68F,O,283BB233842FCCEB
68F,O,D0B77FEEE42DB65A
68F,O,B896D9459B2C84FA
68F,O,E53367ABE6927F27
68F,O,3DE45DC85392F3E9
68F,O,6225FE329900326D
68F,O,C187E3771B7032EC
68F,O,41C9CAACDC573B48
68F,O,3B7B4F96BF52237D
68F,O,16C3FC511F2BBC5A
68F,O,0C943B7308FF4DCC
68F,O,7917E395940F86AF
68F,O,D9AB3B959A46E411
68F,O,36DC37F6A54BA5E0
68F,O,65F77C74AB618A8D
68F,O,67D38E584B919815
68M,O,BAE59C318B0E0C63
68M,O,36C3B12BD3112CCB
68M,O,A68A34F71D94FF13
68M,O,E55FA660A59AB64A
68M,O,52241C2AEB38627B
68M,O,6A4B371546D489BF
68M,O,AC935792C88AF135
68M,O,43E5D3A445382F82
68M,O,E62FE9EC6A0D8E35
68M,I,E62FE9EC6A0D8E35
68M,I,2FB355A2C89B7922
68M,I,FEE97828AB584E76
68M,I,5CE91F113D08B843
68M,I,AB0F79ED382081D0
68M,I,3ECEF3B735084236
68M,I,7E2E1F1269E520DE
68M,I,D893FD9E88E2A98D
68M,I,81C7DC25FD107DD2
68M,I,BAE59C318B0E0C63
68R,O,65B07713A0DDFF22
68R,O,DC81D1176824125F
68R,I,DC81D1176824125F
68R,I,65B07713A0DDFF22
68X,O,6D66CBA494DECB08
68X,O,EF43A73D4C0CC508
68X,O,BB4F24A4C6A9B222
68X,O,F61DB78CF72DB387
68X,O,0BFC5F7FC4A2D431
68X,O,5F616585205DDDF9
68X,O,147D513A708AA741
68X,O,B88640E0CA83F12C
68X,O,A8482B15AD6E89A3
68X,O,6A435795576D92E8
68X,O,48FBCEF0B05599F8
68X,O,1DEFCF90AB170FD7
68X,O,FEE97828AB584E76
68X,O,723EF8D7809D3ADB
68X,O,AB0F79ED382081D0
68X,O,3ECEF3B735084236
68X,O,447C1D79A10C83E2
68X,O,F36F422FDC6B9D3F
68X,O,50E78EB09845863E
68X,O,09A156B1A802D093
68X,O,BD34A7B702373B12
68X,O,E30C2815DA280036
68X,O,C06334CA2AF7814B
68X,O,812E72C257C94B73
68X,O,18C138014DF5B0C8
68X,O,0FDE3A87457539BC
68X,O,30B08A7B2B2B623F
68X,O,7ADC6D521E6BECE6
68X,O,E02E10C9135624F9
68X,O,145515B1D2C60CAF
68X,O,EC19750840FFEDDC
68X,O,1EB0804A03908237
68X,O,48FBCEF0B05599F8
68X,O,1DEFCF90AB170FD7
68X,O,FEE97828AB584E76
68X,O,723EF8D7809D3ADB
68X,O,AB0F79ED382081D0
68X,O,3ECEF3B735084236
68X,O,447C1D79A10C83E2
68X,O,F36F422FDC6B9D3F
68X,O,50E78EB09845863E
68X,O,09A156B1A802D093
68X,O,BD34A7B702373B12
68X,O,E30C2815DA280036
68X,O,C06334CA2AF7814B
68X,O,812E72C257C94B73
68X,O,18C138014DF5B0C8
68X,O,0FDE3A87457539BC
68X,O,30B08A7B2B2B623F
68X,O,7ADC6D521E6BECE6
68X,O,E02E10C9135624F9
68X,O,145515B1D2C60CAF
68X,O,EC19750840FFEDDC
68X,O,6723518D536070AB
68X,O,FF39B95C2931B8A1
68X,O,E5CD4F98F31F239C
68X,O,BA60686E2E81F573
68X,O,93933C15FFC9F4CC
68X,O,723EF8D7809D3ADB
68X,O,AB0F79ED382081D0
68X,O,3ECEF3B735084236
68X,O,447C1D79A10C83E2
68X,O,F36F422FDC6B9D3F
68X,O,50E78EB09845863E
68X,O,09A156B1A802D093
68X,O,BD34A7B702373B12
68X,O,E30C2815DA280036
68X,O,C06334CA2AF7814B
68X,O,812E72C257C94B73
68X,O,18C138014DF5B0C8
68X,O,0FDE3A87457539BC
68X,O,30B08A7B2B2B623F
68X,O,7ADC6D521E6BECE6
68X,O,E02E10C9135624F9
68X,O,145515B1D2C60CAF
68X,O,EC19750840FFEDDC
68X,I,EC19750840FFEDDC
68X,I,B76B249D3D253008
68X,I,A7F35DC09E1A1528
68X,I,D242B538BA760551
68X,I,11ED493F674F4888
68X,I,BA765A2BCCE21F5C
68X,I,BE510511B0A7344E
68X,I,BE1A19A3705F5B70
68X,I,95731C2B3563CF5E
68X,I,4AFCFC726ADBD5F7
68X,I,DD9DF46F3BA040EE
68X,I,B7C0A83790F94D99
68X,I,06566A7FE3C6466A
68X,I,7DD772B7D55C54B2
68X,I,62742CFBA2BE9854
68X,I,E55FA660A59AB64A
68X,I,E481F7170B1F6FC3
68X,I,14157BA5C06B0B6B
68X,I,F63C4B8B958E9830
68X,I,74C51A8A3D783F40
68X,I,0E2B8E1D544C6889
68X,I,A010FE2C473103A8
68X,I,70FEB409760C77EE
68X,I,A1A1B10F5CE291AC
68X,I,A2C36DF7152EE93F
68X,I,60A4F4A41CD61FAC
68X,I,8F6C8CEB9F17D97D
68X,I,B09E18636F184247
68X,I,B113E1371D5AC497
68X,I,8FA8E142E834CB7C
68X,I,D86A74227012EAD3
68X,I,FFF1B4F48E111EAD
68X,I,87BCEC3D8C6951B2
68X,I,CDA68FDFB046D09F
69,O,1A52AD7D8F64311F
69,O,B10F5697E4DA810B
69,O,73FE2D32F218DA9C
69,O,A264255E81F51111
69,O,4C86E1F44AE9C25B
69,O,79C0E2525F4B50FF
69,O,1C0A89BD67A4CFF0
69,O,0D98A0E934584FD0
69,O,6E85D42922E5A10C
69,O,C296D9B3313C1F77
69,O,FEE97828AB584E76
69,O,21BC36A2065CB667
69,O,9023D76FFC026362
69,I,9023D76FFC026362
69,I,0D005977F208D030
69,I,93933C15FFC9F4CC
69,I,0C943B7308FF4DCC
69,I,F63C4B8B958E9830
69,I,78AD2432201EF5EE
69,I,D9CE618F99BAC2B6
69,I,D8F0A3AD8E765CE0
69,I,6723518D536070AB
69,I,919524B8F36AF7F1
69,I,0CF8C59B80E70369
69,I,F05E718C02104BAC
69,I,C480A2E59BC05FB0
69,I,71D916F7E97D18A3
69,I,42AEF6365E78DA56
69,I,8753A8442C2FFF53
69,I,8D56DB404D264D5A
69,I,63DF37D89C356A04
69,I,1A52AD7D8F64311F
69C,O,1DAF9282E63CDEC2
69C,O,63DF37D89C356A04
69C,O,FE801C732EC6EA42
69C,O,6D4E7B9D5F9584E7
69C,O,5D9E516680412A3E
69C,O,A264255E81F51111
69C,O,4C86E1F44AE9C25B
69C,O,A6C169DA579FC45B
69C,O,308112BE50081258
69C,O,537F93CCE45CB56F
69C,O,A4607B71730E8F46
69C,O,3ECEF3B735084236
69C,O,211D93217331B040
69C,O,F5A44B89EFBC0B4F
69C,O,99EF4CA10B3E1F17
69C,O,326199D24220A42B
69C,O,C847B9021C407731
69C,O,5536C9E3A0CE1228
69C,O,96A6FE5F07BDF203
69C,O,5D1E6432755E4F5F
69C,O,D80313EC29620E1D
69C,O,D9B53E4B3A192940
69C,O,BC7C325EE59235E4
69C,O,9E256D7EE9FE68BC
69C,O,DF942A6B97EABDC4
69C,O,5C6F557AA652B05C
69C,O,CF579AAA2A4E506C
69C,O,80B56E2C7719DAF4
69C,O,71E3EB7E709522C7
69C,O,6F58AF0D366EB8CA
69C,O,1DAF9282E63CDEC2
69C,O,63DF37D89C356A04
69C,O,FE801C732EC6EA42
69C,O,537F93CCE45CB56F
69C,O,A4607B71730E8F46
69C,O,3ECEF3B735084236
69C,O,211D93217331B040
69C,O,F5A44B89EFBC0B4F
69C,O,99EF4CA10B3E1F17
69C,O,326199D24220A42B
69C,O,C847B9021C407731
69C,O,5536C9E3A0CE1228
69C,O,96A6FE5F07BDF203
69C,O,5D1E6432755E4F5F
69C,O,D80313EC29620E1D
69C,O,D9B53E4B3A192940
69C,O,BC7C325EE59235E4
69C,O,9E256D7EE9FE68BC
69C,O,DF942A6B97EABDC4
69C,O,5C6F557AA652B05C
69C,O,CF579AAA2A4E506C
69C,O,80B56E2C7719DAF4
69C,O,71E3EB7E709522C7
69C,O,6F58AF0D366EB8CA
69C,I,6F58AF0D366EB8CA
69C,I,E70EDF92FE8553E2
69C,I,D52BE142BBBD69D9
69C,I,2C7BF1ADFCFB5545
69C,I,0306B53F46955E3E
69C,I,4B17C55C032D3A37
69C,I,266A4CDA19461A42
69C,I,99D25E17B32126B4
69C,I,DCC8F8655EB76754
69C,I,AA6F0A2661759A49
69C,I,8373F7DDB88D19C4
69C,I,1DF17F085C6C1B78
69C,I,7917BB962CCB11C0
69C,I,93D9D88C2D990D67
69C,I,60A445D9ACD40C12
69C,I,118450CCC68E42C6
69C,I,6AAC8E541D9BD80C
69C,I,643D73028E9E8490
69C,I,0D7A1D0AECA1D999
69C,I,D813C93D9AD1C45B
69C,I,7BB395B6FE66E102
69C,I,6D4E7B9D5F9584E7
69C,I,47AB1894215AECEE
69C,I,42AEF6365E78DA56
69C,I,8753A8442C2FFF53
69C,I,1BE574CAE40EFF17
69C,I,797CC0222B9EFBEF
69C,I,308112BE50081258
69C,I,B10F5697E4DA810B
69C,I,1DAF9282E63CDEC2
69M,O,DA4C00397F6B56EC
69M,O,2E5D7D348957F7D4
69M,O,4173C3AEE8B6F33E
69M,O,AB10F01039440464
69M,O,354A2C15BD189228
69M,O,87668BC629020844
69M,O,645D996BAD54FBBC
69M,O,A68A34F71D94FF13
69M,O,E55FA660A59AB64A
69M,O,0D7A1D0AECA1D999
69M,O,A264A7BA921EEE6E
69M,O,ABE1BADF8D43CB24
69M,O,656B4BCCDC618419
69M,O,48D55BCE2E97E1DE
69M,O,FBBF4EB577663A13
69M,O,F97A667725CDEB82
69M,O,63DF37D89C356A04
69M,O,0AE307AC4840B867
69M,I,0AE307AC4840B867
69M,I,B10F5697E4DA810B
69M,I,A00D00FC2F4F8400
69M,I,6DD025C559ABD59D
69M,I,AFB9321F7CD2C2E4
69M,I,7898B605E39613A8
69M,I,CB853E4BCBB13F30
69M,I,5DE9BD1D773946A0
69M,I,3ECEF3B735084236
69M,I,7E2E1F1269E520DE
69M,I,10860B611840CF22
69M,I,D6C06E7091666AB4
69M,I,F8D8D0AED9889278
69M,I,CA8554613AAA6C49
69M,I,AAB411C52D067AD1
69M,I,558D298696B57A4D
69M,I,B09E06FF6EF5A8C4
69M,I,508B02C5E209E802
69M,I,6C11A9780213BBBB
69M,I,DA4C00397F6B56EC
69P,O,E8B7C87A62BA0EB0
69P,O,ABE1BADF8D43CB24
69P,O,D4377A1796E80098
69P,O,6A90A40248059768
69P,O,A6F5C93F89B0969B
69P,O,021872C0E263AC46
69P,O,3ECEF3B735084236
69P,O,7E2E1F1269E520DE
69P,O,10860B611840CF22
69P,O,D6C06E7091666AB4
69P,O,F8D8D0AED9889278
69P,O,CA8554613AAA6C49
69P,O,AAB411C52D067AD1
69P,O,558D298696B57A4D
69P,O,0E65D3EC41A1D34B
69P,O,508B02C5E209E802
69P,O,6C11A9780213BBBB
69P,O,DA4C00397F6B56EC
69X,O,507A1E5DF62D2B4A
69X,O,AFB9321F7CD2C2E4
69X,O,7898B605E39613A8
69X,O,0BC0F64B076ED373
69X,O,5DE9BD1D773946A0
69X,O,3ECEF3B735084236
69X,O,447C1D79A10C83E2
69X,O,1E1F9E719E67766C
69X,O,A6013462EAC8AA50
69X,O,DAE9E14BA67CEC80
69X,O,AAB25066B96C6588
69X,O,7BA304A9D0662541
69X,O,943DA171019723CE
69X,O,495A6186451A78E3
69X,O,B71D38598F3C942D
69X,O,68D0BC0C7164F763
69X,O,102CF3166EF7ABFF
69X,O,25B94D808EC232D8
69X,O,2F165341B07CBDB9
69X,O,FD1B403FD4EC3E8D
69X,O,0C327E058835F570
69X,O,553E041377D7A0CE
69X,O,0BC0F64B076ED373
69X,O,71C5FC4FF2FDE0CA
69X,O,3ECEF3B735084236
69X,O,447C1D79A10C83E2
69X,O,1E1F9E719E67766C
69X,O,A6013462EAC8AA50
69X,O,DAE9E14BA67CEC80
69X,O,AAB25066B96C6588
69X,O,7BA304A9D0662541
69X,O,943DA171019723CE
69X,O,495A6186451A78E3
69X,O,B71D38598F3C942D
69X,O,68D0BC0C7164F763
69X,O,102CF3166EF7ABFF
69X,O,25B94D808EC232D8
69X,O,2F165341B07CBDB9
69X,O,FD1B403FD4EC3E8D
69X,O,0C327E058835F570
69X,I,0C327E058835F570
69X,I,457F82CA73DB77ED
69X,I,1032583A59C3521F
69X,I,0E9F8B5A3734D9CE
69X,I,B046BFB6CCD3E7CE
69X,I,FC46B100B69573B7
69X,I,4A1CFF0BEA83DE78
69X,I,96C9569354228E09
69X,I,704AF52FDCA7AE1B
69X,I,BE1A19A3705F5B70
69X,I,EBE72869FC78A62D
69X,I,4AFCFC726ADBD5F7
69X,I,DD9DF46F3BA040EE
69X,I,B7C0A83790F94D99
69X,I,06566A7FE3C6466A
69X,I,7DD772B7D55C54B2
69X,I,E55FA660A59AB64A
69X,I,0D7A1D0AECA1D999
69X,I,A264A7BA921EEE6E
69X,I,86C5B251AF5F68BF
69X,I,656B4BCCDC618419
69X,I,48D55BCE2E97E1DE
69X,I,507A1E5DF62D2B4A
70K,O,E541A72F4B4CF13A
70K,O,923E5B79E1B48739
70K,O,FA52803E2628A212
70K,O,0F3FA9B7D07A91F3
70K,O,C837C3C549793472
70K,O,9BE3D659E4C144D2
70K,O,B6C8902A10BA6EFC
70K,O,000CFEE2F92DC17B
70K,O,53BB93AAB2D45F3B
70K,O,E960E8842F9C633D
70K,O,1380D71251D0CBF9
70K,O,B85E71E9AFF5B087
70K,O,D78B86AB419E84B3
70K,O,EBE1766B508217AF
70K,O,11B894BF379B1BFC
70K,O,A2D9858497241575
70K,O,26AEBA11CA6347CC
70K,O,D417A444017171C6
70K,O,F19EA5A24A38C94C
70K,O,42B28B8C4C1227A3
70K,O,9CD9BFAE2BC91336
70K,O,1BA6858FEF337645
70K,O,396DD38F2E41E117
70K,O,647CBF3FE0DF2FAE
70K,O,9170FC8FFFD12204
70K,O,C3D2BF745570F4A5
70K,O,B986375ED4762DA9
70K,O,A7C1A969F48B62C0
70K,O,D3E18D04B69DF388
70K,O,C4F843F93CDCBE64
70K,O,4235BA400EB10F0E
70K,O,879A98CD29D9433F
70K,O,A22E315AD21129EB
70K,O,944EC71DD1731BE0
70K,O,EF78DD9F765C6565
70K,O,BFAE1E951D3B63EC
70K,O,C67060F448591E4F
70K,O,B8BE5BB47B33185B
70K,O,D67917549F3DC8A3
70K,O,6633B4885C8A3EE7
70K,O,3AD4DADA5B941CF2
70K,O,E541A72F4B4CF13A
70K,O,42B28B8C4C1227A3
70K,O,9CD9BFAE2BC91336
70K,O,1BA6858FEF337645
70K,O,396DD38F2E41E117
70K,O,647CBF3FE0DF2FAE
70K,O,9170FC8FFFD12204
70K,O,C3D2BF745570F4A5
70K,O,B986375ED4762DA9
70K,O,A7C1A969F48B62C0
70K,O,D3E18D04B69DF388
70K,O,C4F843F93CDCBE64
70K,O,4235BA400EB10F0E
70K,O,879A98CD29D9433F
70K,O,A22E315AD21129EB
70K,O,944EC71DD1731BE0
70K,O,EF78DD9F765C6565
70K,O,BFAE1E951D3B63EC
70K,O,C67060F448591E4F
70K,O,B8BE5BB47B33185B
70K,O,D67917549F3DC8A3
70K,O,6633B4885C8A3EE7
70K,O,3AD4DADA5B941CF2
70K,O,E541A72F4B4CF13A
70S,O,430B9D9C6AFF364D
70S,O,FE2815CBCD21C57C
70S,O,F2508598F5A43655
70S,O,3313287185163530
70S,O,940A31DA2A6051A9
70S,O,B0028A481BF4ACC7
70S,O,5419928D472EAD8D
70S,O,36DD78B37B828DD8
70S,O,4624AC39DB25D456
70S,O,088B858E4B54D8AC
70S,O,E173F2DA030C6AAB
70S,O,6E2A7A2CD29F9216
70S,O,704AF52FDCA7AE1B
70S,O,E6ED785726AED4AE
70S,O,15FCDE0753176016
70S,O,1A85B99EDE6D01D8
70S,O,04FC6E130D4953F4
70S,O,EEBBD352B7F16E3F
70S,O,01E580BD435E9301
70S,O,B4F2BAAED2470D0A
70S,O,2F202818B5A6F424
70S,O,E7A87FB9C7108D6B
70S,I,E7A87FB9C7108D6B
70S,I,99B9CAA698C36C5E
70S,I,F3433105FE5F6865
70S,I,972145F4BB2B535F
70S,I,8EAD803DDD2C3BBA
70S,I,2035C91B61C6DFC0
70S,I,3A5C336CCB38A3FA
70S,I,789384E5DC5AF7A9
70S,I,0F4D809AED62F6E9
70S,I,833DE523F16B97C3
70S,I,A70DCB46EC98F43E
70S,I,C2685779C6B11E87
70S,I,14F176D358D65A8B
70S,I,8E3A5C15E42020BB
70S,I,96442B84082D4DF5
70S,I,508D99EBC9AB3A9B
70S,I,FE56DD70DEDE0395
70S,I,D2217D7746597D10
70S,I,576538E1395C8508
70S,I,1864222D8939BD69
70S,I,430B9D9C6AFF364D
71A,O,EDDFFB9424A5582C
71A,O,81293E4174C24FD5
71A,O,ACDCC9E65172243D
71A,O,597CE200C2824BEE
71A,O,7AC279608B65128C
71A,O,46604706EE6CC765
71A,O,D2F0F58F146419A3
71A,I,D2F0F58F146419A3
71A,I,FB5500F0D32629B2
71A,I,55D37B4406A049FB
71A,I,BBFADA4889A61FCC
71A,I,EDDFFB9424A5582C
71B,O,23F71E4E8E32C520
71B,O,2CC694E5A84B05A0
71B,O,F6DF8AEF3D30CA5C
71B,O,23F71E4E8E32C520
71K,O,B78076CC8F628B2B
71K,O,56F79FB1FC157E22
71K,O,18E4449F4C5CE30B
71K,O,E796B592A3D045F0
71K,O,F1F1C3A91C6EB439
71K,O,27222F0DE22582ED
71K,O,628613296EF92C64
71K,O,0962265A8720C38C
71K,O,62266836D5ACF227
71K,O,81293E4174C24FD5
71K,O,7F712833B7A03951
71K,O,ACDCC9E65172243D
71K,O,597CE200C2824BEE
71K,O,363A9BD5A7BE81D0
71K,O,53C49B85EBFF8AAE
71K,O,D055CA5BAD9EEF5E
71K,O,403CF34C7A6517DF
71K,O,D81F71DD9C66DB40
71K,O,7734D36599C82057
71K,O,A8B4FCB26097BA18
71K,O,46604706EE6CC765
71K,O,30296D01A67C0400
71K,I,30296D01A67C0400
71K,I,E71282C11BBF9847
71K,I,10D38620E5CAEBB3
71K,I,F19B835289BCF961
71K,I,F7DD5A5E7E4D41C9
71K,I,3FD481FB9B9DC36C
71K,I,B631B9B1C61F6DAA
71K,I,1806B9A56B481DBA
71K,I,55D37B4406A049FB
71K,I,BBFADA4889A61FCC
71K,I,9316961F98692D0A
71K,I,CEB79A2C358161DF
71K,I,CF74C9051883F919
71K,I,EA01416B0BB7E485
71K,I,2CC694E5A84B05A0
71K,I,3DDE81FE5DB08180
71K,I,446E33686D9C02E0
71K,I,F9AB54847EF884BB
71K,I,B78076CC8F628B2B
71P,O,DC32010F7B9206C4
71P,O,56F79FB1FC157E22
71P,O,6DE63371E5E799BA
71P,O,13E458C819D90940
71P,O,A6D60802BD8DDED0
71P,O,46604706EE6CC765
71P,O,FB5500F0D32629B2
71P,O,BBFADA4889A61FCC
71P,O,9316961F98692D0A
71P,O,628613296EF92C64
71P,O,0962265A8720C38C
71P,O,0920C5393C3560ED
71P,O,4C1CD2009B21E9A1
71P,O,1A0BF02F827F6A20
71P,O,18E4449F4C5CE30B
71P,O,DC32010F7B9206C4
71S,O,B58772294234CF74
71S,O,ACDCC9E65172243D
71S,O,597CE200C2824BEE
71S,O,7AC279608B65128C
71S,O,46604706EE6CC765
71S,O,B4721B39CC29C634
71S,O,D7D25DCF873DAE7A
71S,O,53C49B85EBFF8AAE
71S,O,46604706EE6CC765
71S,O,375591F774538709
71S,O,FB5500F0D32629B2
71S,O,55D37B4406A049FB
71S,O,BBFADA4889A61FCC
71S,O,B58772294234CF74
72,O,4283F5F48ABBEBD2
72,O,56F79FB1FC157E22
72,O,95B249916F323BD4
72,O,4249ED0CD65130CC
72,O,42A5DBE7D21EADE3
72,O,3FD481FB9B9DC36C
72,O,062FFE8F1560E8A4
72,O,7CCEDD9E711773A8
72,O,F4CD7672F315CF03
72,O,E26D66D38774D1E0
72,O,185AB137E77AB754
72,O,5C2C6EDCA82F5AF9
72,O,0EA22901DB3BE0AB
72,O,949505115FA1B204
72,O,9DE60F8A475770F4
72,O,2D49ABDA900E9C44
72,O,531C485F76949201
72,O,BA62013252AC96B5
72,O,49E03B954D8DA204
72,O,93688D109583CE40
72,O,BE8AD62B8305201B
72,O,9D3BCB233237C32C
72,O,9E3D2E34F849E298
72,O,56B7437C9A25161E
72,O,3ABF1C6B0195D580
72,O,525A767EF45AA8E5
72,O,E8929C6CCAFE99D8
72,O,9E508D577B851B86
72,O,57A31CAAC023FB5A
72,O,74492CF16A8578B1
72,O,9D5EBAE99DDCD4C9
72,O,984F667B17D47738
72,O,937C2A421F2E7D11
72,O,2155277842FB9182
72,O,C36DDC41266AB0E6
72,O,064E5D9FE6973F23
72,O,E766002A5624AFB6
72,O,7430D83B73E26B7C
72,O,A1AA846971415968
72,O,B6ECF261EB79418C
72,O,69741C71C234C871
72,I,69741C71C234C871
72,I,9B761917E5D9A80D
72,I,26CEAEF7BD0F6F59
72,I,48E68D36FFC315F6
72,I,1F3E9C9CC6FC869A
72,I,6458484907C76A06
72,I,E697B8AFFADE6E21
72,I,4D0C5F20055CA652
72,I,BFD37036CFD5FCA1
72,I,24D77D8722934A82
72,I,A568A1F7953CDB7C
72,I,8967776AA0DF7E29
72,I,C12CB15E0CE109FF
72,I,4C0E31FF4D276D4D
72,I,5291C2473CB76D81
72,I,1E459B2BE44AF232
72,I,4E237FEC65B2FF28
72,I,E2733C6EFAF398B8
72,I,4C19E0623146E4F9
72,I,CCC5BAA6257BBDAA
72,I,D9111A160E3787AB
72,I,437D60C455A624E6
72,I,A23337DAF4A8B168
72,I,CC70125C02A60585
72,I,C06FB5A6B411531F
72,I,E83A9BC796627F57
72,I,D10D7250FE345946
72,I,A44D983C2E3C7F1D
72,I,DF3F6652DC307265
72,I,D4136D223D5EFF10
72,I,57E8535707AE3EEB
72,I,B05D756C845FA4D4
72,I,84FB4D7D386169D7
72,I,7A8EFDDC5E341FCD
72,I,193F348597404EFC
72,I,D03560F5A7014BB3
72,I,C97621D676C9EFE6
72,I,D9E7FBC3599B5EE0
72,I,CDB292D507E4302D
72,I,C55F50E43F6108EB
72,I,6716018C3EE42733
72,I,1A0BF02F827F6A20
72,I,18E4449F4C5CE30B
72,I,4283F5F48ABBEBD2
72A,O,6C9B7DDF24725CA9
72A,O,BE58B5A4B0E76EF7
72A,O,AF03F8EECD52F273
72A,O,E2733C6EFAF398B8
72A,O,4C19E0623146E4F9
72A,O,613ED01D077362A9
72A,O,8F8F2B65EFDC48FD
72A,O,9EDA1E46748CCEC1
72A,O,437D60C455A624E6
72A,O,A23337DAF4A8B168
72A,O,CC70125C02A60585
72A,O,C06FB5A6B411531F
72A,O,E83A9BC796627F57
72A,O,D10D7250FE345946
72A,O,A44D983C2E3C7F1D
72A,O,DF3F6652DC307265
72A,O,D4136D223D5EFF10
72A,O,57E8535707AE3EEB
72A,O,B05D756C845FA4D4
72A,O,84FB4D7D386169D7
72A,O,7A8EFDDC5E341FCD
72A,O,193F348597404EFC
72A,O,D03560F5A7014BB3
72A,O,C97621D676C9EFE6
72A,O,D9E7FBC3599B5EE0
72A,O,CDB292D507E4302D
72A,O,05485C36CA334A81
72A,O,446E33686D9C02E0
72A,O,F9C14690633CE7E0
72A,O,7BCFD79F22F60457
72A,O,32C1F605CAAD7861
72A,O,DAC33107054B9FED
72A,O,4705F639E370A9AD
72A,O,95CEED87CBDA3B02
72A,O,CAB927254C5D8892
72A,O,5BF688FB684B5120
72A,O,95DD618657635743
72A,O,A5BF9B3EF4CB1D6C
72A,I,A5BF9B3EF4CB1D6C
72A,I,95DD618657635743
72A,I,B1749BDBAA509A79
72A,I,D379C0446914F568
72A,I,551DEE0C7120DECD
72A,I,973F52BA986174FD
72A,I,916501787D3948F1
72A,I,4197D80D370042C2
72A,I,6E1E84A8BAF508AC
72A,I,DB241439B4E2785A
72A,I,378DA3C43904CFF9
72A,I,9FBD2D7974A0AB50
72A,I,1A0BF02F827F6A20
72A,I,6DE63371E5E799BA
72A,I,42A5DBE7D21EADE3
72A,I,3FD481FB9B9DC36C
72A,I,12E4BAFA2B73435B
72A,I,7CCEDD9E711773A8
72A,I,F4CD7672F315CF03
72A,I,E26D66D38774D1E0
72A,I,185AB137E77AB754
72A,I,5C2C6EDCA82F5AF9
72A,I,0EA22901DB3BE0AB
72A,I,949505115FA1B204
72A,I,9DE60F8A475770F4
72A,I,2D49ABDA900E9C44
72A,I,531C485F76949201
72A,I,BA62013252AC96B5
72A,I,49E03B954D8DA204
72A,I,93688D109583CE40
72A,I,BE8AD62B8305201B
72A,I,7421C8745B4EDF25
72A,I,8EFA13840D1272E8
72A,I,A80F6216A4A2F3BB
72A,I,B6B1AB47AB07887F
72A,I,61CB41A4FE2AD8E5
72A,I,1276AEF95F6564A2
72A,I,6C9B7DDF24725CA9
72C,O,DCAB4C1F147AFB1C
72C,O,49AE5D2FF5562B95
72C,O,94A08BC49C306C1C
72C,O,9AB9D810103D8382
72C,O,DF5DA8A8487E05C7
72C,O,CD442C8FBAD8FD45
72C,O,232D88071DA925C2
72C,O,C6131E2EFE859240
72C,O,5E4C8880C9A5E6E1
72C,O,3FAC7CF6EAD17A92
72C,O,CF925A6BCC55379F
72C,O,40CEC3119FC1ECCC
72C,O,3096269306B60988
72C,O,F527E9ADDEDF39B1
72C,O,298C08C4E1D1E7BF
72C,O,507DA53C608E13A0
72C,O,59F30D5D5D4E092C
72C,O,8694220A5D89285D
72C,O,9C020EDD242B6036
72C,O,4197D80D370042C2
72C,O,6E1E84A8BAF508AC
72C,O,DB241439B4E2785A
72C,O,3DDE81FE5DB08180
72C,O,ACDCC9E65172243D
72C,O,597CE200C2824BEE
72C,O,7AC279608B65128C
72C,O,46604706EE6CC765
72K,O,6E1178D0DC723069
72K,O,2D2F0A476CB1FEF5
72K,O,81293E4174C24FD5
72K,O,378DA3C43904CFF9
72K,O,9FBD2D7974A0AB50
72K,O,F9AB54847EF884BB
72K,O,DC32010F7B9206C4
72K,O,56F79FB1FC157E22
72K,O,95B249916F323BD4
72K,O,68B90B4CF89B98B9
72K,O,F9C14690633CE7E0
72K,O,7BCFD79F22F60457
72K,O,628613296EF92C64
72K,O,0962265A8720C38C
72K,O,0920C5393C3560ED
72X,O,84DDCFEAF4ECDFD2
72X,O,4C1CD2009B21E9A1
72X,O,7BCFD79F22F60457
72X,O,F67DA51F395458BE
72X,O,45628FA7B8D7C5D2
72X,O,F7DD5A5E7E4D41C9
72X,O,3FD481FB9B9DC36C
72X,O,062FFE8F1560E8A4
72X,O,E34E3D48842C9B66
72X,O,2431FF3100478DEE
72X,O,ED6FCB0422D541F5
72X,O,850F72123F644500
72X,O,98FCC750B322B706
72X,O,98735B91CBE6B102
72X,O,EEB8F0A7B9A9AA7D
72X,O,9B1BE296C2AC5F97
72X,O,7ADC6D521E6BECE6
72X,O,E02E10C9135624F9
72X,O,405DE12B9200AD9F
72X,O,145515B1D2C60CAF
72X,O,63FEDEFACDBC761E
72X,I,63FEDEFACDBC761E
72X,I,51288CE4C842111E
72X,I,E6915B4BA88D2DB5
72X,I,3F34A16B40CB1C7F
72X,I,14DDE929D10FE4B7
72X,I,DE27CD3EB0AF43D8
72X,I,D01D18C6EB79F84B
72X,I,68A3AF80BADFDE9F
72X,I,89A4D25AC31A8388
72X,I,6465986EF7824816
72X,I,C53A00F15DC2DB20
72X,I,48E5A1EED91712EE
72X,I,D099C45C9443AFC8
72X,I,45D0CFA28B3FEFE5
72X,I,CDB292D507E4302D
72X,I,4EF065C6D7FCCFE7
72X,I,2AEDE966C122B71E
72X,I,6716018C3EE42733
72X,I,8259A9EF4DB191A6
72X,I,68B90B4CF89B98B9
72X,I,F9C14690633CE7E0
72X,I,C1C555BBBEE152DD
72X,I,0920C5393C3560ED
73,O,DF246F9F07691C22
73,O,2129B2A72F881300
73,O,4CA5DEBCC576E371
73,O,F4176942E449DF32
73,O,39AE60AD7BADCDAA
73,O,A4837AB15400D744
73,O,37E653F1DC727EB2
73,O,CB295B56D3762A1F
73,O,F8B3E5A11921AD1B
73,O,C66CDE62B5AEB8DA
73,O,832EFD8F5165814E
73,O,F7670D87C1847D31
73,O,BE5E07865E13374E
73,O,94236C65C84D8C17
73,O,4C82D99D0721ADE9
73,O,8C1810DE2419A30B
73,O,56F79FB1FC157E22
73,O,6DE63371E5E799BA
73,O,3CE4F8574F4F9D72
73,O,A6D60802BD8DDED0
73,O,FB5500F0D32629B2
73,O,55D37B4406A049FB
73,O,0A8E2BA2F75E472E
73,O,95B249916F323BD4
73,O,446E33686D9C02E0
73,O,F9C14690633CE7E0
73,O,7BCFD79F22F60457
73,O,32C1F605CAAD7861
73,O,DAC33107054B9FED
73,O,51D8A415C1DDEB54
73,O,C32657EA44B5BDBD
73,O,4398437B28723B0F
73,O,D56873352ED40E14
73,O,DF246F9F07691C22
73,O,2129B2A72F881300
73,O,4CA5DEBCC576E371
73,O,F4176942E449DF32
73,O,39AE60AD7BADCDAA
73,O,A4837AB15400D744
73,O,37E653F1DC727EB2
73,O,CB295B56D3762A1F
73,O,F8B3E5A11921AD1B
73,O,C66CDE62B5AEB8DA
73,O,832EFD8F5165814E
73,O,F7670D87C1847D31
73,O,BE5E07865E13374E
73,O,94236C65C84D8C17
73,O,4C82D99D0721ADE9
73,O,8C1810DE2419A30B
73,O,56F79FB1FC157E22
73,O,6DE63371E5E799BA
73,O,3CE4F8574F4F9D72
73,O,A6D60802BD8DDED0
73,O,FB5500F0D32629B2
73,O,55D37B4406A049FB
73,O,BBFADA4889A61FCC
73,O,8259A9EF4DB191A6
73,I,D56873352ED40E14
73,I,BB33B8049C297ADD
73,I,298C08C4E1D1E7BF
73,I,507DA53C608E13A0
73,I,916501787D3948F1
73,I,4197D80D370042C2
73,I,6E1E84A8BAF508AC
73,I,DB241439B4E2785A
73,I,378DA3C43904CFF9
73,I,9FBD2D7974A0AB50
73,I,1A0BF02F827F6A20
73,I,6DE63371E5E799BA
73,I,512C07C3D131AB5A
73,I,597CE200C2824BEE
73,I,7AC279608B65128C
73,I,C55F50E43F6108EB
73,I,FDDA176977136CD9
73,I,A3A7B2B94458A263
73,I,9FDEEC09AD1B601B
73,I,2A86FE3FCDB9760B
73,I,5FCD0D727920EC65
73,I,4253205251F0AB8A
73,I,E32D979C93E923E4
73,I,53B170EAFEADDF86
73,I,42C72FE60B928D1B
73,I,1C213636264467BB
73,I,E7B5458F607C3F6A
73,I,6C5D425EDEE7498A
73,I,B97CC3668C3AD911
73,I,EEFA4F8B18DBF2A6
73,I,B8BE5BB47B33185B
73,I,3325529D981E23A1
73,I,A4455CCA999A234C
73,I,3C821C86ADED2B9D
73,I,DF246F9F07691C22
73,I,8259A9EF4DB191A6
73,I,ACDCC9E65172243D
73,I,597CE200C2824BEE
73,I,7AC279608B65128C
73,I,C55F50E43F6108EB
73,I,FDDA176977136CD9
73,I,A3A7B2B94458A263
73,I,9FDEEC09AD1B601B
73,I,2A86FE3FCDB9760B
73,I,5FCD0D727920EC65
73,I,4253205251F0AB8A
73,I,E32D979C93E923E4
73,I,53B170EAFEADDF86
73,I,42C72FE60B928D1B
73,I,1C213636264467BB
73,I,E7B5458F607C3F6A
73,I,6C5D425EDEE7498A
73,I,B97CC3668C3AD911
73,I,EEFA4F8B18DBF2A6
73,I,B8BE5BB47B33185B
73,I,3325529D981E23A1
73,I,A4455CCA999A234C
73,I,3C821C86ADED2B9D
73,I,DF246F9F07691C22
73A,O,DF246F9F07691C22
73A,O,2129B2A72F881300
73A,O,4CA5DEBCC576E371
73A,O,F4176942E449DF32
73A,O,39AE60AD7BADCDAA
73A,O,A4837AB15400D744
73A,O,37E653F1DC727EB2
73A,O,CB295B56D3762A1F
73A,O,F8B3E5A11921AD1B
73A,O,C66CDE62B5AEB8DA
73A,O,832EFD8F5165814E
73A,O,F7670D87C1847D31
73A,O,BE5E07865E13374E
73A,O,94236C65C84D8C17
73A,O,4C82D99D0721ADE9
73A,O,8C1810DE2419A30B
73A,O,56F79FB1FC157E22
73A,O,6DE63371E5E799BA
73A,O,42A5DBE7D21EADE3
73A,O,3FD481FB9B9DC36C
73A,O,12E4BAFA2B73435B
73A,O,7CCEDD9E711773A8
73A,O,F4CD7672F315CF03
73A,O,E26D66D38774D1E0
73A,O,185AB137E77AB754
73A,O,5C2C6EDCA82F5AF9
73A,O,0EA22901DB3BE0AB
73A,O,949505115FA1B204
73A,O,9DE60F8A475770F4
73A,O,2D49ABDA900E9C44
73A,O,531C485F76949201
73A,O,BA62013252AC96B5
73A,O,49E03B954D8DA204
73A,O,93688D109583CE40
73A,O,BE8AD62B8305201B
73A,O,72EE8A033E4260A3
73A,O,3AFDEDDED05FAEB3
73A,O,3C624F6CB2D5BBEA
73A,O,C1E9F8237EDBBAD2
73A,O,13BC4506ABF349C7
73A,O,62E1009AA8AED0B8
73A,I,62E1009AA8AED0B8
73A,I,1C9A67AF93C79806
73A,I,F4ABF71262D8C556
73A,I,539C1C625EA036B1
73A,I,45AB0EC4F195CA7A
73A,I,808560798B6F771E
73A,I,C458B4A40BFCC4FF
73A,I,CC70125C02A60585
73A,I,C06FB5A6B411531F
73A,I,E83A9BC796627F57
73A,I,D10D7250FE345946
73A,I,A44D983C2E3C7F1D
73A,I,DF3F6652DC307265
73A,I,D4136D223D5EFF10
73A,I,57E8535707AE3EEB
73A,I,B05D756C845FA4D4
73A,I,84FB4D7D386169D7
73A,I,7A8EFDDC5E341FCD
73A,I,193F348597404EFC
73A,I,D03560F5A7014BB3
73A,I,C97621D676C9EFE6
73A,I,D9E7FBC3599B5EE0
73A,I,11B658F68A9F577C
73A,I,C55F50E43F6108EB
73A,I,FDDA176977136CD9
73A,I,A3A7B2B94458A263
73A,I,9FDEEC09AD1B601B
73A,I,2A86FE3FCDB9760B
73A,I,5FCD0D727920EC65
73A,I,4253205251F0AB8A
73A,I,E32D979C93E923E4
73A,I,53B170EAFEADDF86
73A,I,42C72FE60B928D1B
73A,I,1C213636264467BB
73A,I,E7B5458F607C3F6A
73A,I,6C5D425EDEE7498A
73A,I,B97CC3668C3AD911
73A,I,EEFA4F8B18DBF2A6
73A,I,B8BE5BB47B33185B
73A,I,3325529D981E23A1
73A,I,A4455CCA999A234C
73A,I,3C821C86ADED2B9D
73A,I,DF246F9F07691C22
73B,O,EA01416B0BB7E485
73B,O,2CC694E5A84B05A0
73B,O,43531EDD45A4B0C1
73B,O,1A0BF02F827F6A20
73B,O,9FDEEC09AD1B601B
73B,O,2A86FE3FCDB9760B
73B,O,5FCD0D727920EC65
73B,O,4253205251F0AB8A
73B,O,E32D979C93E923E4
73B,O,53B170EAFEADDF86
73B,O,42C72FE60B928D1B
73B,O,1C213636264467BB
73B,O,E7B5458F607C3F6A
73B,O,6C5D425EDEE7498A
73B,O,B97CC3668C3AD911
73B,O,0F3FA9B7D07A91F3
73B,O,C837C3C549793472
73B,O,9BE3D659E4C144D2
73B,O,53BB93AAB2D45F3B
73B,O,1380D71251D0CBF9
73B,O,EDFAC4F35C0E51C7
73B,O,FEC59562CBC99F5E
73B,O,650809D260BC7C6E
73B,O,F81DACC5F39E6D53
73B,O,D417A444017171C6
73B,O,D876A83244ECB838
73B,O,CACE8456C1A48D50
73B,O,8C1810DE2419A30B
73B,O,6DE63371E5E799BA
73B,O,512C07C3D131AB5A
73B,O,BBFADA4889A61FCC
73B,O,628613296EF92C64
73B,O,0962265A8720C38C
73B,O,EA01416B0BB7E485
73B,O,1380D71251D0CBF9
73B,O,EDFAC4F35C0E51C7
73B,O,FEC59562CBC99F5E
73B,O,650809D260BC7C6E
73B,O,F81DACC5F39E6D53
73B,O,D417A444017171C6
73B,O,D876A83244ECB838
73B,O,CACE8456C1A48D50
73B,O,8C1810DE2419A30B
73B,O,6DE63371E5E799BA
73B,O,512C07C3D131AB5A
73B,O,BBFADA4889A61FCC
73B,O,628613296EF92C64
73B,O,0962265A8720C38C
73B,O,EA01416B0BB7E485
73B,O,EA01416B0BB7E485
73B,O,2CC694E5A84B05A0
73B,O,43531EDD45A4B0C1
73B,O,1A0BF02F827F6A20
73B,O,9FDEEC09AD1B601B
73B,O,2A86FE3FCDB9760B
73B,O,5FCD0D727920EC65
73B,O,4253205251F0AB8A
73B,O,E32D979C93E923E4
73B,O,53B170EAFEADDF86
73B,O,42C72FE60B928D1B
73B,O,1C213636264467BB
73B,O,E7B5458F607C3F6A
73B,O,6C5D425EDEE7498A
73B,O,B97CC3668C3AD911
73B,O,0F3FA9B7D07A91F3
73B,O,C837C3C549793472
73B,O,9BE3D659E4C144D2
73B,O,53BB93AAB2D45F3B
73B,O,1380D71251D0CBF9
73B,O,EDFAC4F35C0E51C7
73B,O,FEC59562CBC99F5E
73B,O,650809D260BC7C6E
73B,O,F81DACC5F39E6D53
73B,O,D417A444017171C6
73B,O,D876A83244ECB838
73D,O,E0908A8C2459FA0F
73D,O,C3D18DE248C7C435
73D,O,CA8554613AAA6C49
73D,O,AAB411C52D067AD1
73D,O,094D2EBC017EE61A
73D,O,E919C0B67C6ACF3F
73D,O,257A6E19DD7F156C
73D,O,28A57C043C111604
73D,O,F82CDE4D15A43CA3
73D,O,DEDD6247441C8C05
73D,O,81B719F7DC3F0FAD
73D,O,C8276DF869656712
73D,O,739A5DDE0CF1970C
73D,O,9E95343C77BB85E2
73D,O,2D1A8946EF054FC9
73D,O,DADEC4FDAD7C58B3
73D,O,E8F5E085BAEFE100
73D,O,79FD1B44D37205B8
73D,O,369A5601F8A63B5E
73D,O,A339426A8F633D63
73D,O,CDB292D507E4302D
73D,O,C55F50E43F6108EB
73D,O,530F970BB56D778D
73D,O,512C07C3D131AB5A
73D,O,BBFADA4889A61FCC
73D,O,1DB270D8A2092753
73D,I,5FA8B50329B85F1A
73D,I,53C49B85EBFF8AAE
73D,I,74648B92E0E80E2E
73D,I,4DD5EC5516B360D7
73D,I,33ABA49F0E91A247
73D,I,023E9E5A9E073E1A
73D,I,B464BD6334A93FA1
73D,I,5C2A974134634635
73D,I,A0D379E172F5BC93
73D,I,853CD1316EB5227B
73D,I,BE6EC9708F5FB613
73D,I,620E14F31DA31490
73D,I,09B4297CB90AF3EC
73D,I,97BB9CE7A058E809
73D,I,9FD6AAFA1318E3D9
73D,I,03A5552B84E8214B
73D,I,0B4807A5C0DAF24A
73D,I,40A8EA2850B0979B
73D,I,B943DBEE65B0B18F
73D,I,7019D5AE9C63EE72
73D,I,01642BC44DCFDB3C
73D,I,E0908A8C2459FA0F
73F,O,E0908A8C2459FA0F
73F,O,C3D18DE248C7C435
73F,O,CA8554613AAA6C49
73F,O,AAB411C52D067AD1
73F,O,094D2EBC017EE61A
73F,O,E919C0B67C6ACF3F
73F,O,257A6E19DD7F156C
73F,O,28A57C043C111604
73F,O,F82CDE4D15A43CA3
73F,O,DEDD6247441C8C05
73F,O,81B719F7DC3F0FAD
73F,O,C8276DF869656712
73F,O,75BC2D1936D0EACD
73F,O,DAC33107054B9FED
73F,O,4705F639E370A9AD
73F,O,CAB927254C5D8892
73F,O,ADF5445FF5059D45
73F,O,BB33B8049C297ADD
73F,O,5998A11C63EAB82E
73F,O,A1A1CE1BACE1973D
73F,I,A1A1CE1BACE1973D
73F,I,551DEE0C7120DECD
73F,I,916501787D3948F1
73F,I,4197D80D370042C2
73F,I,790B8E94D15A0888
73F,I,620E14F31DA31490
73F,I,09B4297CB90AF3EC
73F,I,97BB9CE7A058E809
73F,I,9FD6AAFA1318E3D9
73F,I,03A5552B84E8214B
73F,I,0B4807A5C0DAF24A
73F,I,40A8EA2850B0979B
73F,I,B943DBEE65B0B18F
73F,I,7019D5AE9C63EE72
73F,I,01642BC44DCFDB3C
73F,I,E0908A8C2459FA0F
73K,O,C799751FDFCE292E
73K,O,FC6CB9607D36FBD7
73K,O,A67D189D438E1534
73K,O,100141C63A642F1A
73K,O,5407432C01D5436D
73K,O,D1CF96D7F9E6E0D3
73K,O,03C2FCE0BF616CB6
73K,O,F772B9044DD2F773
73K,O,012BE724358D1EE1
73K,O,66011988F615D538
73K,O,155F1F0445747AE7
73K,O,E97F002DCFA395B1
73K,O,C799751FDFCE292E
73K,O,FC6CB9607D36FBD7
73K,O,A67D189D438E1534
73K,O,100141C63A642F1A
73K,O,5407432C01D5436D
73K,O,D1CF96D7F9E6E0D3
73K,O,405F3262B401825B
73K,O,ACC30E66CCF123BC
73K,O,FC119E7F0F340385
73K,O,03C2FCE0BF616CB6
73K,O,F772B9044DD2F773
73K,O,012BE724358D1EE1
73K,O,66011988F615D538
73K,O,155F1F0445747AE7
73K,O,E97F002DCFA395B1
73K,I,E97F002DCFA395B1
73K,I,3E361632FD814F53
73K,I,2327BAC99994C941
73K,I,B70A225FA9659A22
73K,I,24E3010DECCD1055
73K,I,3381D9676D0B29C8
73K,I,95DEB5378CCEB9D2
73K,I,45924F2D86BEC3B4
73K,I,89D8AA4F45165FB6
73K,I,C799751FDFCE292E
73K,I,E97F002DCFA395B1
73K,I,3E361632FD814F53
73K,I,2327BAC99994C941
73K,I,B70A225FA9659A22
73K,I,FC119E7F0F340385
73K,I,942DAC2706D66A09
73K,I,9952B8BC5B1655E7
73K,I,24E3010DECCD1055
73K,I,3381D9676D0B29C8
73K,I,95DEB5378CCEB9D2
73K,I,45924F2D86BEC3B4
73K,I,89D8AA4F45165FB6
73K,I,C799751FDFCE292E
73P,O,E0908A8C2459FA0F
73P,O,05391B53044E30A8
73P,O,7F8529494720703C
73P,O,30220834842952E1
73P,O,FFE2A036843CD6A3
73P,O,DC28E30AF099D339
73P,O,FDBDDCF779540C82
73P,O,D6A21211E4788F7B
73P,O,E919C0B67C6ACF3F
73P,O,257A6E19DD7F156C
73P,O,28A57C043C111604
73P,O,F82CDE4D15A43CA3
73P,O,DEDD6247441C8C05
73P,O,81B719F7DC3F0FAD
73P,O,C8276DF869656712
73P,O,BBFADA4889A61FCC
73P,O,32C1F605CAAD7861
73P,O,DAC33107054B9FED
73P,O,59F30D5D5D4E092C
73P,O,8694220A5D89285D
73P,O,9C020EDD242B6036
73P,O,C32657EA44B5BDBD
73P,O,4398437B28723B0F
73P,O,5998A11C63EAB82E
73P,O,C044260C4C65B4F9
73P,O,F71DE7248DAAFAF7
73P,O,1A5B7BF397988C96
73P,O,C1AE59CABFFE3F21
73P,O,9076C3C55544591A
73P,O,EE0564AA4EA08E5D
73P,O,FF435BF47EA33D74
73P,O,EEF2A14EF9A8E0C3
73P,O,1AEC1D13DFEDEEEE
73P,O,C21F7A494FFEAC2C
73P,O,70B01F3E554003C9
73P,O,45AAE55CB6B5699F
73P,O,391FD1F8D3A9167F
73P,O,5A264033612771AA
73P,O,20B7C6B56788E484
73P,I,20B7C6B56788E484
73P,I,49AE5D2FF5562B95
73P,I,94A08BC49C306C1C
73P,I,6EAC23CB146AE03C
73P,I,DF5DA8A8487E05C7
73P,I,CD442C8FBAD8FD45
73P,I,232D88071DA925C2
73P,I,C6131E2EFE859240
73P,I,5E4C8880C9A5E6E1
73P,I,3FAC7CF6EAD17A92
73P,I,CF925A6BCC55379F
73P,I,40CEC3119FC1ECCC
73P,I,3096269306B60988
73P,I,F527E9ADDEDF39B1
73P,I,298C08C4E1D1E7BF
73P,I,507DA53C608E13A0
73P,I,59F30D5D5D4E092C
73P,I,8694220A5D89285D
73P,I,9C020EDD242B6036
73P,I,4197D80D370042C2
73P,I,6E1E84A8BAF508AC
73P,I,DB241439B4E2785A
73P,I,ACDCC9E65172243D
73P,I,5FA8B50329B85F1A
73P,I,53C49B85EBFF8AAE
73P,I,620E14F31DA31490
73P,I,32F5F33FA68B77D6
73P,I,0A1DAEAFFDFF0B66
73P,I,3A2924B2461D053B
73P,I,066AA1A504714A20
73P,I,1423FCFF61709EAC
73P,I,0E65D3EC41A1D34B
73P,I,9217F5E1950F12BF
73P,I,3E8426FA1832BA50
73P,I,7420DF52F1B42C9F
73P,I,4BF5699F5C8308BC
73P,I,33F3C429C71DA237
73P,I,A7E87E8D797D1A52
73P,I,132584D5CB2235BC
73P,I,E0908A8C2459FA0F
73S,O,60952B4A38F3D82E
73S,O,2BD35970A9125DB3
73S,O,60952B4A38F3D82E
73S,O,2EAB4A9D81722720
73S,O,2BD35970A9125DB3
73S,I,2BD35970A9125DB3
73S,I,2EAB4A9D81722720
73S,I,60952B4A38F3D82E
73X,O,E0908A8C2459FA0F
73X,O,C3D18DE248C7C435
73X,O,CA8554613AAA6C49
73X,O,AAB411C52D067AD1
73X,O,094D2EBC017EE61A
73X,O,E919C0B67C6ACF3F
73X,O,257A6E19DD7F156C
73X,O,28A57C043C111604
73X,O,F82CDE4D15A43CA3
73X,O,DEDD6247441C8C05
73X,O,81B719F7DC3F0FAD
73X,O,C8276DF869656712
73X,O,CDB292D507E4302D
73X,O,C55F50E43F6108EB
73X,O,530F970BB56D778D
73X,O,512C07C3D131AB5A
73X,O,BBFADA4889A61FCC
73X,O,1DB270D8A2092753
73X,O,E0908A8C2459FA0F
73X,O,C3D18DE248C7C435
73X,O,CA8554613AAA6C49
73X,O,AAB411C52D067AD1
73X,O,094D2EBC017EE61A
73X,O,E919C0B67C6ACF3F
73X,O,257A6E19DD7F156C
73X,O,28A57C043C111604
73X,O,F82CDE4D15A43CA3
73X,O,DEDD6247441C8C05
73X,O,81B719F7DC3F0FAD
73X,O,C8276DF869656712
73X,O,CDB292D507E4302D
73X,O,C55F50E43F6108EB
73X,O,530F970BB56D778D
73X,O,9F481C8D1469C29C
73X,O,1DB270D8A2092753
73X,I,1DB270D8A2092753
73X,I,2CBA3E00C7A4477A
73X,I,4249ED0CD65130CC
73X,I,CB7FA5CF40D4413A
73X,I,3FD481FB9B9DC36C
73X,I,5FA8B50329B85F1A
73X,I,53C49B85EBFF8AAE
73X,I,620E14F31DA31490
73X,I,09B4297CB90AF3EC
73X,I,97BB9CE7A058E809
73X,I,9FD6AAFA1318E3D9
73X,I,03A5552B84E8214B
73X,I,0B4807A5C0DAF24A
73X,I,40A8EA2850B0979B
73X,I,B943DBEE65B0B18F
73X,I,7019D5AE9C63EE72
73X,I,01642BC44DCFDB3C
73X,I,E0908A8C2459FA0F
74,O,9B5260033565575F
74,O,2D2F0A476CB1FEF5
74,O,81293E4174C24FD5
74,O,378DA3C43904CFF9
74,O,9FBD2D7974A0AB50
74,O,F9AB54847EF884BB
74,O,74648B92E0E80E2E
74,O,261392BB77CC768D
74,O,07AB149DAD888683
74,O,3A7AC3A5F9530786
74,O,39E7051B17D302DA
74,O,1C6EAAF5F48167F9
74,O,1D1571E9D1588FBE
74,O,64101F297D3C1C55
74,O,5B39CC28607910E4
74,O,30D564180B68ECA8
74,O,9A0959AB68FA5E1F
74,O,5D8FCEF2915882FD
74,O,C2605DED84199B84
74,O,BF8E440F5584D39D
74,O,9C839C3824F47A6A
74,O,CB4BB0008A87E4FC
74,O,AFE8CE5FCE951B89
74,O,500EB63FD4A41F66
74,O,0D8135B0D81F29A1
74,I,0D8135B0D81F29A1
74,I,F60CC440E22B0BD9
74,I,3C6DAB7267F9E54F
74,I,73E85E88E124EF2C
74,I,6C6B36F7550907CE
74,I,FF6E49051D6D9A8C
74,I,70CD99F4D487740A
74,I,992F89F2265F8D8D
74,I,1E71CBFE8560B0EF
74,I,9274EF6791CA3ED8
74,I,739A5DDE0CF1970C
74,I,34E1E68A3C2AFE81
74,I,2D1A8946EF054FC9
74,I,DADEC4FDAD7C58B3
74,I,E8F5E085BAEFE100
74,I,79FD1B44D37205B8
74,I,369A5601F8A63B5E
74,I,A339426A8F633D63
74,I,E796B592A3D045F0
74,I,F9C14690633CE7E0
74,I,7BCFD79F22F60457
74,I,628613296EF92C64
74,I,0962265A8720C38C
74,I,0920C5393C3560ED
74A,O,FB7E3001FDAB2CB1
74A,O,56F79FB1FC157E22
74A,O,95B249916F323BD4
74A,O,5D6FB6C3F67A70DC
74A,O,42A5DBE7D21EADE3
74A,O,A8B4FCB26097BA18
74A,O,CAD1ABCBA72CF365
74A,O,340FB0AD1BF68951
74A,O,AF04BB6F5FFF4C45
74A,O,12E4BAFA2B73435B
74A,O,7CCEDD9E711773A8
74A,O,F4CD7672F315CF03
74A,O,E26D66D38774D1E0
74A,O,185AB137E77AB754
74A,O,5C2C6EDCA82F5AF9
74A,O,0EA22901DB3BE0AB
74A,O,949505115FA1B204
74A,O,9DE60F8A475770F4
74A,O,2D49ABDA900E9C44
74A,O,531C485F76949201
74A,O,BA62013252AC96B5
74A,O,49E03B954D8DA204
74A,O,93688D109583CE40
74A,O,BE8AD62B8305201B
74A,O,A401ECF82924D465
74A,O,4432C7295979305C
74A,O,A80F6216A4A2F3BB
74A,O,AF47DA55FCC27679
74A,O,A432A047D1B0DD62
74A,O,E34E3D48842C9B66
74A,O,326199D24220A42B
74A,O,C847B9021C407731
74A,O,9FD865B00B2D54A1
74A,O,96A6FE5F07BDF203
74A,O,5D1E6432755E4F5F
74A,O,279C78D8C04A83BB
74A,O,29ED2073D6C52B5A
74A,O,327E4BC13954EA86
74A,O,B0EE4F50D82034E0
74A,O,2F1F9CF16B9E65AF
74A,O,3F4B54625D1F9E48
74A,O,3ECFE1DBB01159EF
74A,I,3ECFE1DBB01159EF
74A,I,FBE38593BDEB0802
74A,I,9A0959AB68FA5E1F
74A,I,94358F5481BAE505
74A,I,A24F5416BCCE60F9
74A,I,38807E0A7C24085C
74A,I,F1ED37F1BA6D054F
74A,I,17EC583ACAB167BE
74A,I,E47CD422B33E5BE7
74A,I,99440967B8390837
74A,I,BE4DB8D578A94BEF
74A,I,EFED59E880B693F5
74A,I,45D0CFA28B3FEFE5
74A,I,B0D6494AF630229A
74A,I,8F8F2B65EFDC48FD
74A,I,9EDA1E46748CCEC1
74A,I,1AE43A670EACECB1
74A,I,C0D515CA78A56B65
74A,I,CC70125C02A60585
74A,I,C06FB5A6B411531F
74A,I,E83A9BC796627F57
74A,I,D10D7250FE345946
74A,I,A44D983C2E3C7F1D
74A,I,DF3F6652DC307265
74A,I,D4136D223D5EFF10
74A,I,57E8535707AE3EEB
74A,I,B05D756C845FA4D4
74A,I,84FB4D7D386169D7
74A,I,7A8EFDDC5E341FCD
74A,I,193F348597404EFC
74A,I,D03560F5A7014BB3
74A,I,C97621D676C9EFE6
74A,I,D9E7FBC3599B5EE0
74A,I,CDB292D507E4302D
74A,I,403CF34C7A6517DF
74A,I,E71282C11BBF9847
74A,I,10D38620E5CAEBB3
74A,I,6716018C3EE42733
74A,I,1A0BF02F827F6A20
74A,I,18E4449F4C5CE30B
74A,I,FB7E3001FDAB2CB1
74B,O,8A12C30EE2545583
74B,O,1E71CBFE8560B0EF
74B,O,F1ED37F1BA6D054F
74B,O,17EC583ACAB167BE
74B,O,E89B2315750AB2FD
74B,O,F48CA8BC4044E42A
74B,O,9274EF6791CA3ED8
74B,O,CDB292D507E4302D
74B,O,4EF065C6D7FCCFE7
74B,O,2AEDE966C122B71E
74B,O,6716018C3EE42733
74B,O,7BECB2120CD69543
74B,I,43531EDD45A4B0C1
74B,I,5D6FB6C3F67A70DC
74B,I,5734545592215022
74B,I,3FD481FB9B9DC36C
74B,I,12E4BAFA2B73435B
74B,I,30D564180B68ECA8
74B,I,9A0959AB68FA5E1F
74B,I,81C6D8E74259157E
74B,I,5D8FCEF2915882FD
74B,I,C2605DED84199B84
74B,I,BF8E440F5584D39D
74B,I,53FC6F95C61542C1
74C,O,37E653F1DC727EB2
74C,O,CB295B56D3762A1F
74C,O,F8B3E5A11921AD1B
74C,O,C66CDE62B5AEB8DA
74C,O,832EFD8F5165814E
74C,O,F7670D87C1847D31
74C,O,BE5E07865E13374E
74C,O,94236C65C84D8C17
74C,O,4C82D99D0721ADE9
74C,O,399EF919E10C7F33
74C,O,56F79FB1FC157E22
74C,O,95B249916F323BD4
74C,O,68B90B4CF89B98B9
74C,O,F9C14690633CE7E0
74C,O,7BCFD79F22F60457
74C,O,ACDCC9E65172243D
74C,O,30D564180B68ECA8
74C,O,D80313EC29620E1D
74C,O,D9B53E4B3A192940
74C,O,060699911C9E300F
74C,O,9E256D7EE9FE68BC
74C,O,DF942A6B97EABDC4
74C,O,136E2FF5A3A98495
74C,O,80B56E2C7719DAF4
74C,O,71E3EB7E709522C7
74C,O,53FC6F95C61542C1
74D,O,37E653F1DC727EB2
74D,O,CB295B56D3762A1F
74D,O,F8B3E5A11921AD1B
74D,O,C66CDE62B5AEB8DA
74D,O,832EFD8F5165814E
74D,O,F7670D87C1847D31
74D,O,BE5E07865E13374E
74D,O,94236C65C84D8C17
74D,O,4C82D99D0721ADE9
74D,O,399EF919E10C7F33
74D,O,56F79FB1FC157E22
74D,O,6DE63371E5E799BA
74D,O,5734545592215022
74D,O,3FD481FB9B9DC36C
74D,O,12E4BAFA2B73435B
74D,O,74648B92E0E80E2E
74D,O,261392BB77CC768D
74D,O,07AB149DAD888683
74D,O,3A7AC3A5F9530786
74D,O,B644204AEDE7A031
74D,O,1C6EAAF5F48167F9
74D,O,1D1571E9D1588FBE
74D,O,64101F297D3C1C55
74D,O,5B39CC28607910E4
74D,O,30D564180B68ECA8
74D,O,EDDE9311F49AC296
74D,O,D9B53E4B3A192940
74D,O,060699911C9E300F
74D,O,9E256D7EE9FE68BC
74D,O,DF942A6B97EABDC4
74D,O,136E2FF5A3A98495
74D,O,80B56E2C7719DAF4
74D,O,71E3EB7E709522C7
74D,O,C3313FB0649BBD41
74D,I,C3313FB0649BBD41
74D,I,E70EDF92FE8553E2
74D,I,FAAD25334A972923
74D,I,42AF8D1ADA2FA6C0
74D,I,C9A46DDC082BAEE0
74D,I,BBDFF2D05E37EE61
74D,I,266A4CDA19461A42
74D,I,F97399CFEEB9219B
74D,I,26A996F589C84844
74D,I,F374B56E275194D8
74D,I,F1ED37F1BA6D054F
74D,I,9274EF6791CA3ED8
74D,I,739A5DDE0CF1970C
74D,I,34E1E68A3C2AFE81
74D,I,2D1A8946EF054FC9
74D,I,DADEC4FDAD7C58B3
74D,I,E8F5E085BAEFE100
74D,I,79FD1B44D37205B8
74D,I,369A5601F8A63B5E
74D,I,A339426A8F633D63
74D,I,11B658F68A9F577C
74D,I,C55F50E43F6108EB
74D,I,FDDA176977136CD9
74D,I,A3A7B2B94458A263
74D,I,9FDEEC09AD1B601B
74D,I,2A86FE3FCDB9760B
74D,I,5FCD0D727920EC65
74D,I,4253205251F0AB8A
74D,I,E32D979C93E923E4
74D,I,53B170EAFEADDF86
74D,I,42C72FE60B928D1B
74D,I,1C213636264467BB
74D,I,E7B5458F607C3F6A
74E,O,20B7C6B56788E484
74E,O,49AE5D2FF5562B95
74E,O,94A08BC49C306C1C
74E,O,6EAC23CB146AE03C
74E,O,DF5DA8A8487E05C7
74E,O,CD442C8FBAD8FD45
74E,O,232D88071DA925C2
74E,O,C6131E2EFE859240
74E,O,5E4C8880C9A5E6E1
74E,O,3FAC7CF6EAD17A92
74E,O,CF925A6BCC55379F
74E,O,40CEC3119FC1ECCC
74E,O,3096269306B60988
74E,O,F527E9ADDEDF39B1
74E,O,298C08C4E1D1E7BF
74E,O,507DA53C608E13A0
74E,O,59F30D5D5D4E092C
74E,O,8694220A5D89285D
74E,O,9C020EDD242B6036
74E,O,4197D80D370042C2
74E,O,790B8E94D15A0888
74E,O,30D564180B68ECA8
74E,O,D80313EC29620E1D
74E,O,D9B53E4B3A192940
74E,O,060699911C9E300F
74E,O,9E256D7EE9FE68BC
74E,O,DF942A6B97EABDC4
74E,O,136E2FF5A3A98495
74E,O,80B56E2C7719DAF4
74E,O,71E3EB7E709522C7
74E,O,C3313FB0649BBD41
74E,I,C3313FB0649BBD41
74E,I,E70EDF92FE8553E2
74E,I,FAAD25334A972923
74E,I,42AF8D1ADA2FA6C0
74E,I,C9A46DDC082BAEE0
74E,I,BBDFF2D05E37EE61
74E,I,266A4CDA19461A42
74E,I,F97399CFEEB9219B
74E,I,26A996F589C84844
74E,I,F374B56E275194D8
74E,I,F1ED37F1BA6D054F
74E,I,9274EF6791CA3ED8
74E,I,BBFADA4889A61FCC
74E,I,32C1F605CAAD7861
74E,I,DAC33107054B9FED
74E,I,59F30D5D5D4E092C
74E,I,8694220A5D89285D
74E,I,9C020EDD242B6036
74E,I,C32657EA44B5BDBD
74E,I,4398437B28723B0F
74E,I,5998A11C63EAB82E
74E,I,C044260C4C65B4F9
74E,I,F71DE7248DAAFAF7
74E,I,1A5B7BF397988C96
74E,I,C1AE59CABFFE3F21
74E,I,9076C3C55544591A
74E,I,EE0564AA4EA08E5D
74E,I,FF435BF47EA33D74
74E,I,EEF2A14EF9A8E0C3
74E,I,1AEC1D13DFEDEEEE
74E,I,C21F7A494FFEAC2C
74E,I,70B01F3E554003C9
74E,I,45AAE55CB6B5699F
74E,I,391FD1F8D3A9167F
74E,I,5A264033612771AA
74E,I,20B7C6B56788E484
74F,O,1001A444985DA59D
74F,O,E70EDF92FE8553E2
74F,O,FAAD25334A972923
74F,O,42AF8D1ADA2FA6C0
74F,O,C9A46DDC082BAEE0
74F,O,BBDFF2D05E37EE61
74F,O,266A4CDA19461A42
74F,O,F97399CFEEB9219B
74F,O,26A996F589C84844
74F,O,F374B56E275194D8
74F,O,F1ED37F1BA6D054F
74F,O,9274EF6791CA3ED8
74F,O,75BC2D1936D0EACD
74F,O,DAC33107054B9FED
74F,O,4705F639E370A9AD
74F,O,CAB927254C5D8892
74F,O,ADF5445FF5059D45
74F,O,BB33B8049C297ADD
74F,O,5998A11C63EAB82E
74F,O,4167D2781EB3027C
74F,I,4167D2781EB3027C
74F,I,551DEE0C7120DECD
74F,I,916501787D3948F1
74F,I,4197D80D370042C2
74F,I,790B8E94D15A0888
74F,I,30D564180B68ECA8
74F,I,D80313EC29620E1D
74F,I,D9B53E4B3A192940
74F,I,060699911C9E300F
74F,I,9E256D7EE9FE68BC
74F,I,DF942A6B97EABDC4
74F,I,136E2FF5A3A98495
74F,I,80B56E2C7719DAF4
74F,I,71E3EB7E709522C7
74F,I,1001A444985DA59D
74K,O,94A3E9298FD887C6
74K,O,10D38620E5CAEBB3
74K,O,9DF152ED984CD4A0
74K,O,DA30F5393480B81D
74K,O,27222F0DE22582ED
74K,O,32C1F605CAAD7861
74K,O,DAC33107054B9FED
74K,O,51D8A415C1DDEB54
74K,O,C32657EA44B5BDBD
74K,O,4398437B28723B0F
74K,O,5998A11C63EAB82E
74K,O,DA9843B8F12ED700
74K,O,C044260C4C65B4F9
74K,O,F71DE7248DAAFAF7
74K,O,CBC1B13E6C660F57
74K,O,D9803113E5547E6A
74K,O,955D67F4E8E6F94D
74K,O,7F57D17DA2586C52
74K,O,BC008DCE1FFF4A6D
74K,O,DAF2564A31FDC4F0
74K,O,6EE5FF32091CF94A
74K,O,3096269306B60988
74K,O,F527E9ADDEDF39B1
74K,O,298C08C4E1D1E7BF
74K,O,507DA53C608E13A0
74K,O,916501787D3948F1
74K,O,4197D80D370042C2
74K,O,6E1E84A8BAF508AC
74K,O,DB241439B4E2785A
74K,O,3DDE81FE5DB08180
74K,O,45628FA7B8D7C5D2
74K,O,13E458C819D90940
74K,O,A8B4FCB26097BA18
74K,O,CAD1ABCBA72CF365
74K,O,46604706EE6CC765
74K,O,94A3E9298FD887C6
74K,O,94A3E9298FD887C6
74K,O,10D38620E5CAEBB3
74K,O,9DF152ED984CD4A0
74K,O,DA30F5393480B81D
74K,O,27222F0DE22582ED
74K,O,32C1F605CAAD7861
74K,O,DAC33107054B9FED
74K,O,51D8A415C1DDEB54
74K,O,C32657EA44B5BDBD
74K,O,4398437B28723B0F
74K,O,5998A11C63EAB82E
74K,O,C044260C4C65B4F9
74K,O,F71DE7248DAAFAF7
74K,O,CBC1B13E6C660F57
74K,O,D9803113E5547E6A
74K,O,955D67F4E8E6F94D
74K,O,7F57D17DA2586C52
74K,O,BC008DCE1FFF4A6D
74K,O,DAF2564A31FDC4F0
74K,O,6EE5FF32091CF94A
74K,O,3096269306B60988
74K,O,F527E9ADDEDF39B1
74K,O,DA9843B8F12ED700
74K,O,298C08C4E1D1E7BF
74K,O,507DA53C608E13A0
74K,O,916501787D3948F1
74K,O,4197D80D370042C2
74K,O,6E1E84A8BAF508AC
74K,O,DB241439B4E2785A
74K,O,3DDE81FE5DB08180
74K,O,45628FA7B8D7C5D2
74K,O,13E458C819D90940
74K,O,A8B4FCB26097BA18
74K,O,CAD1ABCBA72CF365
74K,O,46604706EE6CC765
74K,O,94A3E9298FD887C6
74P,O,1001A444985DA59D
74P,O,E70EDF92FE8553E2
74P,O,FAAD25334A972923
74P,O,42AF8D1ADA2FA6C0
74P,O,C9A46DDC082BAEE0
74P,O,BBDFF2D05E37EE61
74P,O,266A4CDA19461A42
74P,O,F97399CFEEB9219B
74P,O,26A996F589C84844
74P,O,F374B56E275194D8
74P,O,F1ED37F1BA6D054F
74P,O,9274EF6791CA3ED8
74P,O,739A5DDE0CF1970C
74P,O,34E1E68A3C2AFE81
74P,O,2D1A8946EF054FC9
74P,O,DADEC4FDAD7C58B3
74P,O,E8F5E085BAEFE100
74P,O,79FD1B44D37205B8
74P,O,369A5601F8A63B5E
74P,O,A339426A8F633D63
74P,O,CDB292D507E4302D
74P,O,FB5500F0D32629B2
74P,O,55D37B4406A049FB
74P,O,BBFADA4889A61FCC
74P,O,7BECB2120CD69543
74P,I,7BECB2120CD69543
74P,I,ACDCC9E65172243D
74P,I,597CE200C2824BEE
74P,I,7AC279608B65128C
74P,I,12E4BAFA2B73435B
74P,I,74648B92E0E80E2E
74P,I,261392BB77CC768D
74P,I,07AB149DAD888683
74P,I,3A7AC3A5F9530786
74P,I,B644204AEDE7A031
74P,I,1C6EAAF5F48167F9
74P,I,1D1571E9D1588FBE
74P,I,64101F297D3C1C55
74P,I,5B39CC28607910E4
74P,I,30D564180B68ECA8
74P,I,EDDE9311F49AC296
74P,I,D9B53E4B3A192940
74P,I,060699911C9E300F
74P,I,9E256D7EE9FE68BC
74P,I,DF942A6B97EABDC4
74P,I,136E2FF5A3A98495
74P,I,80B56E2C7719DAF4
74P,I,71E3EB7E709522C7
74P,I,1001A444985DA59D
74P,I,27F96537744C6792
74P,I,B644204AEDE7A031
74P,I,1C6EAAF5F48167F9
74P,I,1D1571E9D1588FBE
74P,I,64101F297D3C1C55
74P,I,5B39CC28607910E4
74P,I,30D564180B68ECA8
74P,I,EDDE9311F49AC296
74P,I,D9B53E4B3A192940
74P,I,060699911C9E300F
74P,I,9E256D7EE9FE68BC
74P,I,DF942A6B97EABDC4
74P,I,136E2FF5A3A98495
74P,I,80B56E2C7719DAF4
74P,I,71E3EB7E709522C7
74P,I,1001A444985DA59D
74R,O,FB7E3001FDAB2CB1
74R,O,27222F0DE22582ED
74R,O,062FFE8F1560E8A4
74R,O,3A450B5AD5AF1605
74R,O,2C5CA5F47FB6EB3F
74R,O,6B775855F6FB16D9
74R,O,40C9465E380F04C5
74R,O,C67E139743E66D71
74R,O,704C764F674E500D
74R,O,58BC7AA90028AAD9
74R,O,8249FC875132E1FA
74R,O,92680F8CE20F8FDB
74R,O,46E8837F566582D2
74R,O,94BA9F1C0A85C1B3
74R,O,16A08A7452834C0F
74R,O,888D5E0DD7261BB3
74R,O,75358B7A7E41D54F
74R,O,1AC99205549D9CA4
74R,O,ECD8A10AED25716B
74R,O,8A3D0A578A596A45
74R,O,9613EF6328D55165
74R,O,D77E7D97EC99B790
74R,O,F05A07492FBBAB3F
74R,O,669C12C26A3CFFB4
74R,O,BBD78E81CC1B113E
74R,O,03A082D6B4C517D9
74R,I,03A082D6B4C517D9
74R,I,95CD775905DD716E
74R,I,2219232721C0C943
74R,I,E76FB4990070588B
74R,I,426AA29947520120
74R,I,81C7BD9D6BD4D8DE
74R,I,5C57D7225C2FB032
74R,I,4FF96DAA5FCBE1B6
74R,I,B8D8C35525C57762
74R,I,B959226950B0DEA7
74R,I,81C38CE0FA77CBCF
74R,I,3EC8AF0246E94A09
74R,I,48CD670CA33290B3
74R,I,326A0C5D99374762
74R,I,773C9D3BB95AACC6
74R,I,6BA43C06A9AD502A
74R,I,742EB6200E03493B
74R,I,B2A9D7F90A56F6EA
74R,I,273C1BD825293576
74R,I,79B88295548184C1
74R,I,9CEC1F1000AFE806
74R,I,5D86C919F15C0611
74R,I,F63D25B428F1C1D9
74R,I,2ADCFCFCCDDF2C9B
74R,I,CDB292D507E4302D
74R,I,0A8E2BA2F75E472E
74R,I,FB7E3001FDAB2CB1
74S,O,657899B3C4E4F4A5
74S,O,9D676B8892807F9D
74S,O,6491C7B3E4DAD76D
74S,O,1107CC28F2631CCB
74S,O,3EF537320681EE89
74S,O,2EF9764BE18FC290
74S,O,5B04604E989BBDF0
74S,O,F36DEB05146E271D
74S,O,3CA81FA2944B754D
74S,O,C9A46DDC082BAEE0
74S,O,ABF9301D1E5B52ED
74S,O,266A4CDA19461A42
74S,O,8C79BE154468AE21
74S,O,26A996F589C84844
74S,O,F374B56E275194D8
74S,O,AD0B5EFA2471962C
74S,O,E47CD422B33E5BE7
74S,O,7917BB962CCB11C0
74S,O,BE4DB8D578A94BEF
74S,O,EFED59E880B693F5
74S,O,AA5CBDB0758443A9
74S,I,AA5CBDB0758443A9
74S,I,326199D24220A42B
74S,I,C847B9021C407731
74S,I,5536C9E3A0CE1228
74S,I,96A6FE5F07BDF203
74S,I,5D1E6432755E4F5F
74S,I,4A8AAC7402C3F60F
74S,I,BA03816A38B9DA7F
74S,I,4BD5CE5106BB0697
74S,I,6465DE9EE57F6C94
74S,I,3E73B73B12E25DCF
74S,I,CF579AAA2A4E506C
74S,I,0B8C52E4C34E3B64
74S,I,144E9479168069DD
74S,I,7459D3AB11AFD6B5
74S,I,3CB982FBC9E50AAA
74S,I,F49FA120DE5E6582
74S,I,23727783D2D3E994
74S,I,EF17FDCDDF170D38
74S,I,657899B3C4E4F4A5
74X,O,7BECB2120CD69543
74X,O,5D6FB6C3F67A70DC
74X,O,5734545592215022
74X,O,3FD481FB9B9DC36C
74X,O,12E4BAFA2B73435B
74X,O,30D564180B68ECA8
74X,O,EDDE9311F49AC296
74X,O,A7274154A935CF21
74X,O,D9B53E4B3A192940
74X,O,060699911C9E300F
74X,O,9E256D7EE9FE68BC
74X,O,DF942A6B97EABDC4
74X,O,136E2FF5A3A98495
74X,O,80B56E2C7719DAF4
74X,O,71E3EB7E709522C7
74X,O,53FC6F95C61542C1
74X,O,340FB0AD1BF68951
74X,O,12E4BAFA2B73435B
74X,O,30D564180B68ECA8
74X,O,EDDE9311F49AC296
74X,O,A7274154A935CF21
74X,O,D9B53E4B3A192940
74X,O,060699911C9E300F
74X,O,9E256D7EE9FE68BC
74X,O,DF942A6B97EABDC4
74X,O,136E2FF5A3A98495
74X,O,80B56E2C7719DAF4
74X,O,71E3EB7E709522C7
74X,O,53FC6F95C61542C1
74X,O,12E4BAFA2B73435B
74X,O,30D564180B68ECA8
74X,O,EDDE9311F49AC296
74X,O,A7274154A935CF21
74X,O,D9B53E4B3A192940
74X,O,060699911C9E300F
74X,O,9E256D7EE9FE68BC
74X,O,DF942A6B97EABDC4
74X,O,136E2FF5A3A98495
74X,O,80B56E2C7719DAF4
74X,O,71E3EB7E709522C7
74X,O,53FC6F95C61542C1
74X,I,53FC6F95C61542C1
74X,I,E70EDF92FE8553E2
74X,I,FAAD25334A972923
74X,I,42AF8D1ADA2FA6C0
74X,I,C9A46DDC082BAEE0
74X,I,BBDFF2D05E37EE61
74X,I,266A4CDA19461A42
74X,I,F97399CFEEB9219B
74X,I,26A996F589C84844
74X,I,F374B56E275194D8
74X,I,F1ED37F1BA6D054F
74X,I,17EC583ACAB167BE
74X,I,E89B2315750AB2FD
74X,I,F48CA8BC4044E42A
74X,I,9274EF6791CA3ED8
74X,I,CDB292D507E4302D
74X,I,4EF065C6D7FCCFE7
74X,I,2AEDE966C122B71E
74X,I,6716018C3EE42733
74X,I,7BECB2120CD69543
75K,O,DCAB4C1F147AFB1C
75K,O,49AE5D2FF5562B95
75K,O,94A08BC49C306C1C
75K,O,9AB9D810103D8382
75K,O,DF5DA8A8487E05C7
75K,O,CD442C8FBAD8FD45
75K,O,232D88071DA925C2
75K,O,C6131E2EFE859240
75K,O,5E4C8880C9A5E6E1
75K,O,3FAC7CF6EAD17A92
75K,O,CF925A6BCC55379F
75K,O,40CEC3119FC1ECCC
75K,O,3096269306B60988
75K,O,F527E9ADDEDF39B1
75K,O,9C017F48CAD40F0B
75K,O,8E86CA255AAAEDE2
75K,O,973F52BA986174FD
75K,O,916501787D3948F1
75K,O,4197D80D370042C2
75K,O,6E1E84A8BAF508AC
75K,O,DB241439B4E2785A
75K,O,378DA3C43904CFF9
75K,O,9FBD2D7974A0AB50
75K,O,1A0BF02F827F6A20
75K,O,6DE63371E5E799BA
75K,O,13E458C819D90940
75K,O,A6D60802BD8DDED0
75K,O,46604706EE6CC765
75K,O,0BB3ECAB031F27CD
75K,I,0BB3ECAB031F27CD
75K,I,10D38620E5CAEBB3
75K,I,6219234626AC9DD5
75K,I,FDDA176977136CD9
75K,I,446E33686D9C02E0
75K,I,F9C14690633CE7E0
75K,I,7BCFD79F22F60457
75K,I,32C1F605CAAD7861
75K,I,DAC33107054B9FED
75K,I,4705F639E370A9AD
75K,I,95CEED87CBDA3B02
75K,I,C4A9CDF5F3CD6C30
75K,I,CE1380BFFD6A8A9B
75K,I,5998A11C63EAB82E
75K,I,C044260C4C65B4F9
75K,I,F71DE7248DAAFAF7
75K,I,1A5B7BF397988C96
75K,I,C1AE59CABFFE3F21
75K,I,9076C3C55544591A
75K,I,EE0564AA4EA08E5D
75K,I,FF435BF47EA33D74
75K,I,EEF2A14EF9A8E0C3
75K,I,1AEC1D13DFEDEEEE
75K,I,C21F7A494FFEAC2C
75K,I,70B01F3E554003C9
75K,I,45AAE55CB6B5699F
75K,I,391FD1F8D3A9167F
75K,I,5A264033612771AA
75K,I,DCAB4C1F147AFB1C
75P,O,20B7C6B56788E484
75P,O,49AE5D2FF5562B95
75P,O,94A08BC49C306C1C
75P,O,9AB9D810103D8382
75P,O,DF5DA8A8487E05C7
75P,O,CD442C8FBAD8FD45
75P,O,232D88071DA925C2
75P,O,C6131E2EFE859240
75P,O,5E4C8880C9A5E6E1
75P,O,3FAC7CF6EAD17A92
75P,O,CF925A6BCC55379F
75P,O,40CEC3119FC1ECCC
75P,O,12E4BAFA2B73435B
75P,O,46604706EE6CC765
75P,O,94A3E9298FD887C6
75X,O,C67CDF76A28A4E0E
75X,O,8C21D2D96DA6D045
75X,O,5D6FB6C3F67A70DC
75X,O,A47A663F7AF92B77
75X,O,D7D25DCF873DAE7A
75X,O,53C49B85EBFF8AAE
75X,O,3114213F8975F536
75X,O,90B75A8D2983AC20
75X,O,AA2D8DCDD78651B0
75X,O,93D9D88C2D990D67
75X,O,74C71F2AE4947E5D
75X,O,968575D69434DBB8
75X,O,67C00FA00C878C1A
75X,O,9A83CAB8FB930EEE
75X,O,69B1F1ED4F1EC09D
75X,O,B2B63870BF0309F5
75X,O,4BB3E2907D3ED1CB
75X,O,5D01986FB5E538CC
75X,O,AE4D7869B643DAA2
75X,O,AE2A53D953B640BE
75X,O,F5795A904B483F33
75X,O,2C7AEE8C6B2BC06A
75X,O,0B8D095A45B05587
75X,O,C3427DE8E291FFA6
75X,O,C72D7C053FC3AEBB
75X,I,C72D7C053FC3AEBB
75X,I,AD78D43BCE88067A
75X,I,967B80D5CA41A8A8
75X,I,4B03758AF99951A6
75X,I,4850531F57582BD9
75X,I,D28AA79AF38D1601
75X,I,C5BDCDF9B4D7C514
75X,I,A90CDCBFC07EDF86
75X,I,84ECCB274C4677E8
75X,I,7310528ACFCE20DF
75X,I,EAAAF871D43F7B6F
75X,I,692CEF512B0D029B
75X,I,AEBDE6434969EED9
75X,I,B1293E41AE9CB55F
75X,I,F893C6ABC2743F64
75X,I,B27236FC63F891D9
75X,I,96A6FE5F07BDF203
75X,I,A0FDF34B2D278750
75X,I,F48CA8BC4044E42A
75X,I,9274EF6791CA3ED8
75X,I,CDB292D507E4302D
75X,I,C55F50E43F6108EB
75X,I,530F970BB56D778D
75X,I,512C07C3D131AB5A
75X,I,BBFADA4889A61FCC
75X,I,C67CDF76A28A4E0E
75X,I,C72D7C053FC3AEBB
75X,I,AD78D43BCE88067A
75X,I,967B80D5CA41A8A8
75X,I,4B03758AF99951A6
75X,I,4850531F57582BD9
75X,I,D28AA79AF38D1601
75X,I,C5BDCDF9B4D7C514
75X,I,A90CDCBFC07EDF86
75X,I,84ECCB274C4677E8
75X,I,7310528ACFCE20DF
75X,I,EAAAF871D43F7B6F
75X,I,692CEF512B0D029B
75X,I,AEBDE6434969EED9
75X,I,B1293E41AE9CB55F
75X,I,F893C6ABC2743F64
75X,I,B27236FC63F891D9
75X,I,96A6FE5F07BDF203
75X,I,A0FDF34B2D278750
75X,I,F48CA8BC4044E42A
75X,I,9274EF6791CA3ED8
75X,I,CDB292D507E4302D
75X,I,C55F50E43F6108EB
75X,I,530F970BB56D778D
75X,I,9F481C8D1469C29C
75X,I,C67CDF76A28A4E0E
76,O,924FE4A6F2501116
76,O,AAC74D0FACCF8639
76,O,843A6966DEAB2C1E
76,O,3106E04BB81D74A8
76,O,8717C0140C940AE3
76,O,093289C2E4F6F408
76,O,3FAC6C2592812331
76,O,4E655B25ABAE103A
76,O,AD4E0E8DC8ACEFB6
76,O,DF8F6AA868615D47
76,O,FFFB0F940CA7BEA7
76,O,ED758B6955F44E30
76,O,4D258A35FECA3A0C
76,O,A068B6BB68299035
76,O,924FE4A6F2501116
76K,O,B32FA6CD250F0F6B
76K,O,FF50570BA54BCA0B
76K,O,4E655B25ABAE103A
76K,O,AD4E0E8DC8ACEFB6
76K,O,DF8F6AA868615D47
76K,O,BCD8ECF368228B0B
76K,O,FB073A84B18E9339
76K,O,7B0FD0608D0C1A49
76K,O,86916B1ED459ED05
76K,O,2504CBB82DE653FB
76K,O,7C6DEBE9645872B0
76K,O,948262F591F8E064
76K,O,80F4C3404A0DE1BF
76K,O,8F7FBDE15F40FA1F
76K,O,4DF38C902BCB29BB
76K,O,68C988CE5394BAE7
76K,O,3106E04BB81D74A8
76K,O,D2E1E2F33F06AF9F
76K,O,B0F633D0FAFF5C83
76K,O,0666986BDDA0F66A
76K,O,96B631E491E868BF
76K,O,1D4801CD2E547FF3
76K,O,62A946B36A5A5395
76K,O,18B7CC82C10AFF50
76K,O,AB7AB391AA272954
76K,O,5DCEA4F4F314C99D
76K,O,773A107C2AE6DEC3
76K,O,C6D0AD0AA59CB197
76K,O,75BCC884A3620498
76K,O,D2FCC678B1D160E1
76K,O,217E82F6FF3F89E3
76K,O,BF598D4B90407BB9
76K,O,DB11DC6D1BA11F9A
76K,O,876CF2E8C375F78B
76K,O,6386333EDAC64C96
76K,O,0FD6C16477F1F0E8
76K,O,6A4B371546D489BF
76K,O,CCBBE2779B1765C4
76K,O,74C51A8A3D783F40
76K,O,D8F0A3AD8E765CE0
76K,O,6723518D536070AB
76K,O,0CF8C59B80E70369
76K,O,76DD0B50D30CF140
76K,O,72B24F5DD57E3AE3
76K,O,CA9E9870D7B2FF36
76K,O,FA7A3D77713061E9
76K,O,C7120BD9A94B4F6A
76K,O,825199DC3BC0C5A3
76K,O,A8F178C255CF9783
76K,O,ADB9356BBF06F7C7
76K,O,8E3F5AE0A97053F9
76K,O,B32FA6CD250F0F6B
76K,O,FF50570BA54BCA0B
76K,O,4E655B25ABAE103A
76K,O,AD4E0E8DC8ACEFB6
76K,O,DF8F6AA868615D47
76K,O,BCD8ECF368228B0B
76K,O,FB073A84B18E9339
76K,O,7B0FD0608D0C1A49
76K,O,86916B1ED459ED05
76K,O,2504CBB82DE653FB
76K,O,7C6DEBE9645872B0
76K,O,948262F591F8E064
76K,O,80F4C3404A0DE1BF
76K,O,8F7FBDE15F40FA1F
76K,O,4DF38C902BCB29BB
76K,O,68C988CE5394BAE7
76K,O,3106E04BB81D74A8
76K,O,D2E1E2F33F06AF9F
76K,O,B0F633D0FAFF5C83
76K,O,0666986BDDA0F66A
76K,O,96B631E491E868BF
76K,O,1D4801CD2E547FF3
76K,O,62A946B36A5A5395
76K,O,18B7CC82C10AFF50
76K,O,AB7AB391AA272954
76K,O,5DCEA4F4F314C99D
76K,O,773A107C2AE6DEC3
76K,O,C6D0AD0AA59CB197
76K,O,75BCC884A3620498
76K,O,D2FCC678B1D160E1
76K,O,217E82F6FF3F89E3
76K,O,BF598D4B90407BB9
76K,O,DB11DC6D1BA11F9A
76K,O,876CF2E8C375F78B
76K,O,6386333EDAC64C96
76K,O,0FD6C16477F1F0E8
76K,O,6A4B371546D489BF
76K,O,CCBBE2779B1765C4
76K,O,74C51A8A3D783F40
76K,O,D8F0A3AD8E765CE0
76K,O,6723518D536070AB
76K,O,0CF8C59B80E70369
76K,O,76DD0B50D30CF140
76K,O,72B24F5DD57E3AE3
76K,I,72B24F5DD57E3AE3
76K,I,0D98A0E934584FD0
76K,I,4EE417C5EF5FEF4E
76K,I,445B2A02DB891CA9
76K,I,4E2EC89B41600D7E
76K,I,73CDC61EBA1C9431
76K,I,D9AB3B959A46E411
76K,I,36DC37F6A54BA5E0
76K,I,65F77C74AB618A8D
76K,I,0492DA388B6FDA92
76K,I,1F5D9F81AB034CAE
76K,I,E329DEA067F8BF02
76K,I,14FDBB259636B76C
76K,I,B13D9345C84F088E
76K,I,ED758B6955F44E30
76K,I,4D258A35FECA3A0C
76K,I,89B3AC12AE89FA58
76K,I,95D8C212AC184184
76K,I,10FEC152B1CD2194
76K,I,A33FBDE702CC3CEE
76K,I,75CC4D05BE8B68E7
76K,I,8CBD3CC8254E5BCA
76K,I,B0D79D5CE512B9EC
76K,I,103661C9BABD79FD
76K,I,11D6E70354E28F88
76K,I,BD1949B34937A7C6
76K,I,99F59D7A7A5260CB
76K,I,77164E6DC3A2EBE1
76K,I,F2F54463FF00568C
76K,I,C86D1451F0C108D7
76K,I,BA7CB63D61CF127B
76K,I,92E4DADD37500B0F
76K,I,4AF915B7D3A005F8
76K,I,F7A51A70730660CB
76K,I,8717C0140C940AE3
76K,I,093289C2E4F6F408
76K,I,3FAC6C2592812331
76K,I,396DD38F2E41E117
76K,I,B32FA6CD250F0F6B
76S,O,60952B4A38F3D82E
76S,O,2EAB4A9D81722720
76S,I,2EAB4A9D81722720
76S,I,60952B4A38F3D82E
77K,O,293A78248611EF42
77K,O,FC6CB9607D36FBD7
77K,O,DF8F6AA868615D47
77K,O,807FF45E7E451237
77K,O,1A0C476BD432E0FB
77K,O,0B5E21C03B8B3FEF
77K,O,703C9055CEBF534C
77K,O,341C682AEFD4F676
77K,O,94EFE46EB0C81130
77K,O,C2A924BD041BD901
77K,O,BF9CD8F3D1FB7066
77K,O,7F3A8DEBB43372A9
77K,O,4F593414D37CAE92
77K,O,B55B2A016DD04490
77K,O,22C53EDBADCC95DD
77K,O,EAFE42A7BC8FD2B3
77K,O,131148372E2D2D19
77K,O,7D91D5A0183FF3C4
77K,O,36344A885EA03837
77K,O,31F83DAA95A4B53A
77K,O,6B35AF30748EDA1B
77K,O,2D10E16919B5A96E
77K,O,F0D6CB5F04988EA4
77K,O,09601DB251157030
77K,O,B683B48A5CCC6C2B
77K,O,B9CB8D64781C3323
77K,O,EA74F13EEC20AD91
77K,O,9229BF150F3C53BC
77K,O,3291342581C48037
77K,O,D1C1E33BB9350C65
77K,O,F6FDEAF741BFBD2E
77K,O,1345D70225C59BD3
77K,O,3210F3BCFFD74E61
77K,O,BFCFEBF6F5C35402
77K,O,F8B3A5C8D0D3CED7
77K,O,3D5F826FD00C0529
77K,O,876CF2E8C375F78B
77K,O,6386333EDAC64C96
77K,O,0FD6C16477F1F0E8
77K,O,6A4B371546D489BF
77K,O,E81DF9AB738F076E
77K,O,293A78248611EF42
77K,O,FC6CB9607D36FBD7
77K,O,DF8F6AA868615D47
77K,O,807FF45E7E451237
77K,O,1A0C476BD432E0FB
77K,O,0B5E21C03B8B3FEF
77K,O,703C9055CEBF534C
77K,O,341C682AEFD4F676
77K,O,94EFE46EB0C81130
77K,O,C2A924BD041BD901
77K,O,BF9CD8F3D1FB7066
77K,O,7F3A8DEBB43372A9
77K,O,4F593414D37CAE92
77K,O,B55B2A016DD04490
77K,O,22C53EDBADCC95DD
77K,O,EAFE42A7BC8FD2B3
77K,O,131148372E2D2D19
77K,O,7D91D5A0183FF3C4
77K,O,36344A885EA03837
77K,O,31F83DAA95A4B53A
77K,O,6B35AF30748EDA1B
77K,O,2D10E16919B5A96E
77K,O,F0D6CB5F04988EA4
77K,O,09601DB251157030
77K,O,B683B48A5CCC6C2B
77K,O,B9CB8D64781C3323
77K,O,EA74F13EEC20AD91
77K,O,9229BF150F3C53BC
77K,O,3291342581C48037
77K,O,D1C1E33BB9350C65
77K,O,F6FDEAF741BFBD2E
77K,O,1345D70225C59BD3
77K,O,3210F3BCFFD74E61
77K,O,BFCFEBF6F5C35402
77K,O,F8B3A5C8D0D3CED7
77K,O,3D5F826FD00C0529
77K,O,876CF2E8C375F78B
77K,O,6386333EDAC64C96
77K,O,6A4B371546D489BF
77K,O,AC935792C88AF135
77K,O,43E5D3A445382F82
77K,O,822B02BAED2961FC
77K,O,293A78248611EF42
77K,O,FC6CB9607D36FBD7
77K,O,DF8F6AA868615D47
77K,O,807FF45E7E451237
77K,O,1A0C476BD432E0FB
77K,O,0B5E21C03B8B3FEF
77K,O,703C9055CEBF534C
77K,O,341C682AEFD4F676
77K,O,94EFE46EB0C81130
77K,O,C2A924BD041BD901
77K,O,BF9CD8F3D1FB7066
77K,O,7F3A8DEBB43372A9
77K,O,4F593414D37CAE92
77K,O,B55B2A016DD04490
77K,O,22C53EDBADCC95DD
77K,O,EAFE42A7BC8FD2B3
77K,O,131148372E2D2D19
77K,O,7D91D5A0183FF3C4
77K,O,36344A885EA03837
77K,O,31F83DAA95A4B53A
77K,O,6B35AF30748EDA1B
77K,O,2D10E16919B5A96E
77K,O,F0D6CB5F04988EA4
77K,O,09601DB251157030
77K,O,B683B48A5CCC6C2B
77K,O,B9CB8D64781C3323
77K,O,E1C5246F946E2D86
77K,O,5CB4727570240308
77K,I,E81DF9AB738F076E
77K,I,0C943B7308FF4DCC
77K,I,73CDC61EBA1C9431
77K,I,D9AB3B959A46E411
77K,I,36DC37F6A54BA5E0
77K,I,F5FA7ED5D5A6860D
77K,I,D05C7D74301D47C5
77K,I,41C9D989B8B874FF
77K,I,E67CDE5E499A9529
77K,I,DA9E78C0D00A5C00
77K,I,754018D85575639C
77K,I,EFF76047DAB0578D
77K,I,847F5319F0265428
77K,I,6D76943277DC18FF
77K,I,13C46D68CA99BF05
77K,I,13211112A23954EC
77K,I,3A317C6B1C25E38B
77K,I,D718ABC314AD4B3C
77K,I,B930AD84BC1A8655
77K,I,F3BA995562185F8D
77K,I,D790D851F74E29ED
77K,I,1914B0BA828D5BAC
77K,I,10369E9320526B16
77K,I,75C9A50F069B1A52
77K,I,4261DB55A1002495
77K,I,90225D3200337B75
77K,I,0334AD7DCE4019D4
77K,I,310EC10B2C6D15AF
77K,I,A06C4A6122AAB40B
77K,I,41F54895BBB74FEF
77K,I,B727F484632AF5C3
77K,I,A5305A8DCE303E3D
77K,I,D6EC1EBF11F6F8B0
77K,I,F43157F1307FC4A0
77K,I,74C0E91D535648A2
77K,I,D871ECD186F4E0F4
77K,I,FF115E5D48CCEDD3
77K,I,2D02F33C17E779B9
77K,I,8717C0140C940AE3
77K,I,D5CD3F80BD65B1A9
77K,I,89D8AA4F45165FB6
77K,I,293A78248611EF42
78,O,AC1FD9BDD09D1DD6
78,O,6E31EAD2D04F8310
78,O,F8E6D797A84D5328
78,O,11DB53AE44D5FB17
78,O,D5FDE0F2F444CE0E
78,O,40B96472183BDCC5
78,O,085E45F8000A7EFE
78,O,D3EE57AA0CC7FF15
78,O,CFE2F36860FB2F12
78,O,03E55F77FB01CF5E
78,O,FA44FBDA21BE2E05
78,O,0DC81A7980B2F1F7
78,O,A0CA9CC1118DE65E
78,O,14BDB94A8F3ED3EC
78,O,FA7A3D77713061E9
78,O,9D388587636920DA
78,O,825199DC3BC0C5A3
78,O,ADB9356BBF06F7C7
78,O,8E3F5AE0A97053F9
78,O,68C7CBB4CAB9FE69
78,O,9CD9BFAE2BC91336
78,O,E86A26B1A389C290
78A,O,886559B17A8D61EC
78A,O,BFEDCC774FD671CB
78A,O,A088D19226D59E98
78A,O,6573811D015A0818
78A,O,A22E315AD21129EB
78A,O,C837C3C549793472
78A,O,3DEE05203A52B235
78A,O,000CFEE2F92DC17B
78A,O,53BB93AAB2D45F3B
78A,O,6C2DBC45160AA4BF
78A,O,E5F082F4C7300273
78A,O,C6DEF1AF70EC3375
78A,O,91E946260F8BCBE8
78A,O,9381998EA6DC33CA
78A,O,91E946260F8BCBE8
78A,O,886559B17A8D61EC
78A,O,A088D19226D59E98
78A,O,6573811D015A0818
78A,O,A22E315AD21129EB
78A,O,C837C3C549793472
78A,O,3DEE05203A52B235
78A,O,000CFEE2F92DC17B
78A,O,53BB93AAB2D45F3B
78A,O,6C2DBC45160AA4BF
78A,O,E5F082F4C7300273
78A,O,C6DEF1AF70EC3375
78A,O,91E946260F8BCBE8
78A,O,9381998EA6DC33CA
78A,O,91E946260F8BCBE8
78A,O,886559B17A8D61EC
78A,O,A088D19226D59E98
78A,O,6573811D015A0818
78A,O,A22E315AD21129EB
78A,O,C837C3C549793472
78A,O,3DEE05203A52B235
78A,O,BFEDCC774FD671CB
78A,O,A088D19226D59E98
78A,O,6573811D015A0818
78A,O,A22E315AD21129EB
78A,O,C837C3C549793472
78A,O,3DEE05203A52B235
78A,O,C837C3C549793472
78A,O,3DEE05203A52B235
78A,O,000CFEE2F92DC17B
78A,O,53BB93AAB2D45F3B
78A,O,6C2DBC45160AA4BF
78A,O,E5F082F4C7300273
78A,O,C6DEF1AF70EC3375
78A,O,91E946260F8BCBE8
78A,O,9381998EA6DC33CA
78A,O,91E946260F8BCBE8
78B,O,E284CEE504CCDFB1
78B,O,743B5D03681D9220
78B,O,A088D19226D59E98
78B,O,C67060F448591E4F
78B,O,14BDB94A8F3ED3EC
78B,O,FA7A3D77713061E9
78B,O,C7120BD9A94B4F6A
78B,O,825199DC3BC0C5A3
78B,O,ADB9356BBF06F7C7
78B,O,8E3F5AE0A97053F9
78B,O,68C7CBB4CAB9FE69
78B,O,9CD9BFAE2BC91336
78B,O,1BA6858FEF337645
78B,O,4E655B25ABAE103A
78B,O,945AC1C1E50B7EEA
78B,O,E284CEE504CCDFB1
78B,O,743B5D03681D9220
78B,O,A088D19226D59E98
78B,O,FEC59562CBC99F5E
78B,O,650809D260BC7C6E
78B,O,68C7CBB4CAB9FE69
78B,O,9CD9BFAE2BC91336
78B,O,1BA6858FEF337645
78B,O,4E655B25ABAE103A
78B,O,945AC1C1E50B7EEA
78B,I,945AC1C1E50B7EEA
78B,I,F8C20FE9111D486A
78B,I,CF94083CB24CF4E5
78B,I,4A76CDB32FA69BC6
78B,I,6F11F73C749338DB
78B,I,98EBAB9468C80DD2
78B,I,CA1317F5A0B8A8B2
78B,I,AFD29CB1A4F71AB9
78B,I,65ECD19EFD09FB74
78B,I,D67917549F3DC8A3
78B,I,6633B4885C8A3EE7
78B,I,0F3FA9B7D07A91F3
78B,I,53BB93AAB2D45F3B
78B,I,6C2DBC45160AA4BF
78B,I,E5F082F4C7300273
78B,I,C6DEF1AF70EC3375
78B,I,91E946260F8BCBE8
78B,I,9381998EA6DC33CA
78B,I,91E946260F8BCBE8
78K,O,3C450B715D06675A
78K,O,396DD38F2E41E117
78K,O,C4DBA77DDE73976A
78K,O,F19EA5A24A38C94C
78K,O,FC63E0A36323E494
78K,O,EFEE1D1E1BF3140C
78K,O,25721F85DC026ACA
78K,O,07EEE519D04FFE28
78K,O,BA995ECF3EFCA99E
78K,O,879A98CD29D9433F
78K,O,6C2DBC45160AA4BF
78K,O,E5F082F4C7300273
78K,O,18FB32A8BE19CB57
78K,O,753E63DCB2FFD3B2
78K,O,0BB054192087F527
78K,O,EAEA62781C49856C
78K,O,D395E730FC3A3473
78K,O,EA6152DD7165E9DC
78K,O,9B07890D73E13AE4
78K,O,1927F52F4ED872E5
78K,O,F8619A3F780D4072
78K,O,3A3B108F799F3326
78K,O,7F8CEE1F02103A4A
78K,O,74A2E12A2DC55FE0
78K,O,5CEC0EA1BB2D6D11
78K,O,D3EBFAC0D6EE8DD5
78K,O,84891259878A06F5
78K,O,C7C774CD6AE937B1
78K,O,24FEF0BD13752095
78K,O,552DA8FCE732ABF0
78K,O,ADB789C140CFBE00
78K,O,37AEC610CEBCEA48
78K,O,8EA1F6CDA69E539C
78K,O,AC1FD9BDD09D1DD6
78K,I,AC1FD9BDD09D1DD6
78K,I,6E31EAD2D04F8310
78K,I,F8E6D797A84D5328
78K,I,11DB53AE44D5FB17
78K,I,D5FDE0F2F444CE0E
78K,I,40B96472183BDCC5
78K,I,085E45F8000A7EFE
78K,I,D3EE57AA0CC7FF15
78K,I,CFE2F36860FB2F12
78K,I,03E55F77FB01CF5E
78K,I,FA44FBDA21BE2E05
78K,I,0DC81A7980B2F1F7
78K,I,A0CA9CC1118DE65E
78K,I,DBF94AD23D94F6E1
78K,I,C418F6AA9E688BDB
78K,I,54B6C89217D49521
78K,I,B97F79046BC9F6C3
78K,I,13F0ABE0E45457F0
78K,I,236DC08C08327ADB
78K,I,D5918A3A6192208D
78K,I,E173CF981835B7A1
78K,I,A088D19226D59E98
78K,I,6573811D015A0818
78K,I,E960E8842F9C633D
78K,I,1380D71251D0CBF9
78K,I,EDFAC4F35C0E51C7
78K,I,25721F85DC026ACA
78K,I,D4A97E2A758EDC64
78K,I,61A59EA108B158F6
78K,I,940F276037968281
78K,I,FF50570BA54BCA0B
78K,I,3C450B715D06675A
78K,I,AC1FD9BDD09D1DD6
78K,I,6E31EAD2D04F8310
78K,I,F8E6D797A84D5328
78K,I,11DB53AE44D5FB17
78K,I,D5FDE0F2F444CE0E
78K,I,40B96472183BDCC5
78K,I,085E45F8000A7EFE
78K,I,D3EE57AA0CC7FF15
78K,I,CFE2F36860FB2F12
78K,I,03E55F77FB01CF5E
78K,I,FA44FBDA21BE2E05
78K,I,0DC81A7980B2F1F7
78K,I,A0CA9CC1118DE65E
78K,I,DBF94AD23D94F6E1
78K,I,C418F6AA9E688BDB
78K,I,54B6C89217D49521
78K,I,B97F79046BC9F6C3
78K,I,13F0ABE0E45457F0
78K,I,236DC08C08327ADB
78K,I,D5918A3A6192208D
78K,I,E173CF981835B7A1
78K,I,A088D19226D59E98
78K,I,6573811D015A0818
78K,I,A22E315AD21129EB
78K,I,25721F85DC026ACA
78K,I,D4A97E2A758EDC64
78K,I,F7D40D08CB05EA87
78S,O,C4DBA77DDE73976A
78S,O,07EEE519D04FFE28
78S,O,E6022594DB48E35B
78S,O,F8619A3F780D4072
78S,O,3A3B108F799F3326
78S,O,7F8CEE1F02103A4A
78S,O,74A2E12A2DC55FE0
78S,O,5CEC0EA1BB2D6D11
78S,O,D3EBFAC0D6EE8DD5
78S,O,84891259878A06F5
78S,O,C7C774CD6AE937B1
78S,O,24FEF0BD13752095
78S,O,552DA8FCE732ABF0
78S,O,ADB789C140CFBE00
78S,O,37AEC610CEBCEA48
78S,O,8EA1F6CDA69E539C
78S,O,8EC63D8C071F72C4
78S,I,8EC63D8C071F72C4
78S,I,6E31EAD2D04F8310
78S,I,F8E6D797A84D5328
78S,I,11DB53AE44D5FB17
78S,I,D5FDE0F2F444CE0E
78S,I,40B96472183BDCC5
78S,I,085E45F8000A7EFE
78S,I,D3EE57AA0CC7FF15
78S,I,CFE2F36860FB2F12
78S,I,03E55F77FB01CF5E
78S,I,FA44FBDA21BE2E05
78S,I,0DC81A7980B2F1F7
78S,I,A0CA9CC1118DE65E
78S,I,D0FB28B8EED62431
78S,I,9D388587636920DA
78S,I,940F276037968281
79K,O,80C387D87AFBCE3E
79K,O,89D8AA4F45165FB6
79K,O,60AEF6D3AA7AAC41
79K,O,FC6CB9607D36FBD7
79K,O,A67D189D438E1534
79K,O,26AEBA11CA6347CC
79K,O,A7C1A969F48B62C0
79K,O,D3E18D04B69DF388
79K,O,515ECE2791A22276
79K,O,6B885F5529A285BB
79K,O,25721F85DC026ACA
79K,O,C89B16214AA7E56C
79K,O,53BB93AAB2D45F3B
79K,O,12DC09C113E1C873
79K,O,6C2DBC45160AA4BF
79K,O,E5F082F4C7300273
79K,O,18FB32A8BE19CB57
79K,O,753E63DCB2FFD3B2
79K,O,0BB054192087F527
79K,O,EAEA62781C49856C
79K,O,4A85D10FF93639B1
79K,O,1A83561C79EB6EA8
79K,O,A95FE3B4AB5DFF0A
79K,O,104F23B3D3BF195E
79K,O,2B6CFA0DA5F33352
79K,O,497D02F258D3A30E
79K,O,B4D5698BCDA72702
79K,O,56C8651A8E4D8B9C
79K,O,7E5AE4AB3F36BAEF
79K,O,2FB6E9437CDF3716
79K,O,6499E8B0408B298E
79K,O,1FDFAA33708D4FF2
79K,O,63244A72D111510F
79K,O,F47BC8784680F884
79K,O,515928380B2DB2A3
79K,O,588FC84C44F8634E
79K,O,C89B16214AA7E56C
79K,O,53BB93AAB2D45F3B
79K,O,6C2DBC45160AA4BF
79K,O,E5F082F4C7300273
79K,O,18FB32A8BE19CB57
79K,O,753E63DCB2FFD3B2
79K,O,0BB054192087F527
79K,O,EAEA62781C49856C
79K,O,4A85D10FF93639B1
79K,O,1A83561C79EB6EA8
79K,O,A95FE3B4AB5DFF0A
79K,O,104F23B3D3BF195E
79K,O,2B6CFA0DA5F33352
79K,O,497D02F258D3A30E
79K,O,B4D5698BCDA72702
79K,O,56C8651A8E4D8B9C
79K,O,7E5AE4AB3F36BAEF
79K,O,2FB6E9437CDF3716
79K,O,6499E8B0408B298E
79K,O,1FDFAA33708D4FF2
79K,O,63244A72D111510F
79K,O,F47BC8784680F884
79K,O,515928380B2DB2A3
79K,O,588FC84C44F8634E
79K,I,588FC84C44F8634E
79K,I,F6E8C31978660583
79K,I,847C4E80D7B7626C
79K,I,39869847FC2F32FD
79K,I,F0B64A8CE14CB134
79K,I,34D946B93F15A107
79K,I,81C22E9A11BF812A
79K,I,EA0FE520B3A369D5
79K,I,4B9EF47430525B8D
79K,I,FAEFD32F26E272A9
79K,I,28C5D7C867E7366D
79K,I,27E3CED51F22B6D4
79K,I,82ECAD2CBD691FCF
79K,I,42ED36AA029A4A02
79K,I,9B34AB32A84DDC7C
79K,I,4839FC604C173D01
79K,I,13F0ABE0E45457F0
79K,I,236DC08C08327ADB
79K,I,D5918A3A6192208D
79K,I,E173CF981835B7A1
79K,I,A088D19226D59E98
79K,I,6573811D015A0818
79K,I,E960E8842F9C633D
79K,I,A22E315AD21129EB
79K,I,25721F85DC026ACA
79K,I,D4A97E2A758EDC64
79K,I,FEC59562CBC99F5E
79K,I,650809D260BC7C6E
79K,I,F81DACC5F39E6D53
79K,I,C3D2BF745570F4A5
79K,I,45924F2D86BEC3B4
79K,I,89D8AA4F45165FB6
79K,I,647CBF3FE0DF2FAE
79K,I,FC6CB9607D36FBD7
79K,I,A4AA1D2CA4E92950
79K,I,588FC84C44F8634E
79K,I,F6E8C31978660583
79K,I,847C4E80D7B7626C
79K,I,39869847FC2F32FD
79K,I,F0B64A8CE14CB134
79K,I,34D946B93F15A107
79K,I,81C22E9A11BF812A
79K,I,EA0FE520B3A369D5
79K,I,4B9EF47430525B8D
79K,I,FAEFD32F26E272A9
79K,I,28C5D7C867E7366D
79K,I,27E3CED51F22B6D4
79K,I,82ECAD2CBD691FCF
79K,I,42ED36AA029A4A02
79K,I,9B34AB32A84DDC7C
79K,I,4839FC604C173D01
79K,I,13F0ABE0E45457F0
79K,I,236DC08C08327ADB
79K,I,D5918A3A6192208D
79K,I,E173CF981835B7A1
79K,I,A088D19226D59E98
79K,I,6573811D015A0818
79K,I,A22E315AD21129EB
79K,I,25721F85DC026ACA
79K,I,D4A97E2A758EDC64
80,O,17F010FBF594E572
80,O,363957ECE0924AC4
80,O,E1F73A6B69F39365
80,O,02D4D2C0C430EAD0
80,O,60F6F482EFA8FE18
80,O,2A72F4041A7E6783
80,O,9C117FB6B6590825
80,O,5FB8DC89C84A7F2B
80,O,04C4E5AE4F8F21E1
80,O,1D13B640481F4CD1
80,O,AC2A4AB84E52364C
80,O,F3D3D5E7F698B748
80,O,C7C1C12D89968698
80,O,326199D24220A42B
80,O,C847B9021C407731
80,O,38330C642568FE3F
80,O,96A6FE5F07BDF203
80,O,9DE875FD17C67097
80,O,68B207DDC9A182AB
80,O,060699911C9E300F
80,O,9E256D7EE9FE68BC
80,O,DF942A6B97EABDC4
80,O,2DDD1CB69E981669
80,O,80B56E2C7719DAF4
80,O,71E3EB7E709522C7
80,O,0D9932C476D51576
80,O,17F010FBF594E572
80,O,363957ECE0924AC4
80,O,E1F73A6B69F39365
80,O,02D4D2C0C430EAD0
80,O,60F6F482EFA8FE18
80,O,C6A76DB999AF1213
80,O,C7C1C12D89968698
80,O,326199D24220A42B
80,O,C847B9021C407731
80,O,38330C642568FE3F
80,O,96A6FE5F07BDF203
80,O,9DE875FD17C67097
80,O,68B207DDC9A182AB
80,O,060699911C9E300F
80,O,9E256D7EE9FE68BC
80,O,DF942A6B97EABDC4
80,O,2DDD1CB69E981669
80,O,80B56E2C7719DAF4
80,O,71E3EB7E709522C7
80,O,0D9932C476D51576
80,I,0D9932C476D51576
80,I,21AFFFF707224831
80,I,31BFA986DE84EDE1
80,I,177E7222D0968DE5
80,I,20B34B5CA0E66973
80,I,E21A497AF62AF38F
80,I,CEA9610F9443BD8D
80,I,50C432C497A20C1C
80,I,26A996F589C84844
80,I,31B93EAF018D6956
80,I,AB194503D9CC9465
80,I,E47CD422B33E5BE7
80,I,99440967B8390837
80,I,BE4DB8D578A94BEF
80,I,33D8E30DCBD27040
80,I,B8E2647E9C5019C9
80,I,5EAE23D8DC3A7121
80,I,A28C2F29B58A2E9A
80,I,BA9F2C58E03A38F0
80,I,CA5AEC11C96BA678
80,I,BE4CE56A7102816E
80,I,BE58B5A4B0E76EF7
80,I,45D9CC8527BC3261
80,I,363957ECE0924AC4
80,I,6DE243D2C36B9C6A
80,I,6D76E141FB820044
80,I,17F010FBF594E572
80A,O,460D29054B1D54B1
80A,O,E1F73A6B69F39365
80A,O,02D4D2C0C430EAD0
80A,O,60F6F482EFA8FE18
80A,O,2A72F4041A7E6783
80A,O,9C117FB6B6590825
80A,O,5FB8DC89C84A7F2B
80A,O,04C4E5AE4F8F21E1
80A,O,1D13B640481F4CD1
80A,O,AC2A4AB84E52364C
80A,O,F3D3D5E7F698B748
80A,O,C7C1C12D89968698
80A,O,96A6FE5F07BDF203
80A,O,9A0959AB68FA5E1F
80A,O,81C6D8E74259157E
80A,O,5D8FCEF2915882FD
80A,O,C2605DED84199B84
80A,O,BF8E440F5584D39D
80A,O,0D9932C476D51576
80K,O,DD696D5A43B30E93
80K,O,DFD604BDABB47600
80K,O,14C3BF43DC0878D1
80K,O,A3647D99DA65BA96
80K,O,AF03F8EECD52F273
80K,O,AF61AE97990B5C08
80K,O,4C19E0623146E4F9
80K,O,3523AA15D7F22A3F
80K,O,5E63913862E61D96
80K,O,D137ADD65D333E0B
80K,O,142BE7225B0BB745
80K,O,AFC5E64568DBB2D5
80K,O,A295FD27A4E5A7C5
80K,O,3C624F6CB2D5BBEA
80K,O,C1E9F8237EDBBAD2
80K,O,13BC4506ABF349C7
80K,O,8F6FD66CC20690DC
80K,I,8F6FD66CC20690DC
80K,I,4D99E0E24AF289E9
80K,I,913C39C617BFCECA
80K,I,E202C2F74E3A033B
80K,I,6AE1163C3BD93D0E
80K,I,7421C8745B4EDF25
80K,I,8EFA13840D1272E8
80K,I,05EE261A65F9B7ED
80K,I,F608A74B860B3C47
80K,I,9E28FDE5126284C1
80K,I,1276AEF95F6564A2
80K,I,9D42555312E18AE9
80K,I,E791811B54447855
80K,I,778E0D742788DEC5
80K,I,DD696D5A43B30E93
80P,O,09AC1B6D147CA643
80P,O,1D13B640481F4CD1
80P,O,AC2A4AB84E52364C
80P,O,F3D3D5E7F698B748
80P,O,C7C1C12D89968698
80P,O,326199D24220A42B
80P,O,C847B9021C407731
80P,O,5536C9E3A0CE1228
80P,O,96A6FE5F07BDF203
80P,O,9DE875FD17C67097
80P,O,68B207DDC9A182AB
80P,O,060699911C9E300F
80P,O,9E256D7EE9FE68BC
80P,O,DF942A6B97EABDC4
80P,O,2DDD1CB69E981669
80P,O,80B56E2C7719DAF4
80P,O,71E3EB7E709522C7
80P,O,0D9932C476D51576
80X,O,B11CEE32F54245CE
80X,O,F139E189918C1F86
80X,O,52B02EAC7AAB23C1
80X,O,B9EE83CA8ABB578B
80X,O,6CDAC4513AD44DB7
80X,O,72936E1AD7A19462
80X,O,30D564180B68ECA8
80X,O,EDDE9311F49AC296
80X,O,D9B53E4B3A192940
80X,O,BC7C325EE59235E4
80X,O,9E256D7EE9FE68BC
80X,O,DF942A6B97EABDC4
80X,O,2DDD1CB69E981669
80X,O,80B56E2C7719DAF4
80X,O,71E3EB7E709522C7
80X,O,7188D2451C5AF461
80X,O,B9EE83CA8ABB578B
80X,O,6CDAC4513AD44DB7
80X,O,72936E1AD7A19462
80X,O,30D564180B68ECA8
80X,O,BC7C325EE59235E4
80X,O,9E256D7EE9FE68BC
80X,O,DF942A6B97EABDC4
80X,O,2DDD1CB69E981669
80X,O,80B56E2C7719DAF4
80X,O,71E3EB7E709522C7
80X,O,7188D2451C5AF461
80X,O,7E77D3AF01660426
80X,O,29A3E07CD93FD350
80X,O,B11CEE32F54245CE
80X,O,F139E189918C1F86
80X,O,52B02EAC7AAB23C1
80X,O,B9EE83CA8ABB578B
80X,O,6CDAC4513AD44DB7
80X,O,72936E1AD7A19462
80X,O,30D564180B68ECA8
80X,O,EDDE9311F49AC296
80X,O,D9B53E4B3A192940
80X,O,BC7C325EE59235E4
80X,O,9E256D7EE9FE68BC
80X,O,DF942A6B97EABDC4
80X,O,2DDD1CB69E981669
80X,O,80B56E2C7719DAF4
80X,O,71E3EB7E709522C7
80X,O,7188D2451C5AF461
80X,I,7188D2451C5AF461
80X,I,99A3962003285776
80X,I,31BFA986DE84EDE1
80X,I,3221A3FF8CA898FF
80X,I,20B34B5CA0E66973
80X,I,9D0545E5BBF8027A
80X,I,CEA9610F9443BD8D
80X,I,50C432C497A20C1C
80X,I,91AED9CBCE81500D
80X,I,31B93EAF018D6956
80X,I,18F3C20116BFE83D
80X,I,9961C7ED914E87DD
80X,I,2E6DB54618C13048
80X,I,9456587A2D10A6CA
80X,I,5C043109616B6292
80X,I,45001DA558E03CF0
80X,I,B818259F753A3BE2
80X,I,B11CEE32F54245CE
81,O,9096776C02070F8E
81,O,838E1F95E4AE1657
81,O,9E3D2E34F849E298
81,O,56B7437C9A25161E
81,O,3ABF1C6B0195D580
81,O,7748DCD4522FB72F
81,O,AF03F8EECD52F273
81,O,363957ECE0924AC4
81,O,D8D895494ECD7DDC
81,O,317D787EB897C4E8
81,O,525A767EF45AA8E5
81,O,E8929C6CCAFE99D8
81,O,9E508D577B851B86
81,O,57A31CAAC023FB5A
81,O,74492CF16A8578B1
81,O,9D5EBAE99DDCD4C9
81,O,984F667B17D47738
81,O,937C2A421F2E7D11
81,O,2155277842FB9182
81,O,C36DDC41266AB0E6
81,O,5CCCA68A757E79D4
81,O,C5AA13924C99532A
81,O,B71D38598F3C942D
81,O,68D0BC0C7164F763
81,O,102CF3166EF7ABFF
81,O,25B94D808EC232D8
81,O,2F165341B07CBDB9
81,O,FD1B403FD4EC3E8D
81,O,C35DF653E02636CD
81,I,C35DF653E02636CD
81,I,98F2067168C267FE
81,I,C91C122CFC3FF66B
81,I,DF10BE627F25E7DD
81,I,D7C7D86E923EEAE1
81,I,A76BB6FCB881AF5C
81,I,3B7368AAB82CC612
81,I,D7C46496C9C7B7BA
81,I,D0A763AFCDE36124
81,I,B63533CEFAA3269F
81,I,2D1C6EC793734CBA
81,I,4D0C5F20055CA652
81,I,BFD37036CFD5FCA1
81,I,24D77D8722934A82
81,I,A568A1F7953CDB7C
81,I,8967776AA0DF7E29
81,I,C12CB15E0CE109FF
81,I,4C0E31FF4D276D4D
81,I,5291C2473CB76D81
81,I,1E459B2BE44AF232
81,I,4E237FEC65B2FF28
81,I,E2733C6EFAF398B8
81,I,4C19E0623146E4F9
81,I,CCC5BAA6257BBDAA
81,I,D9111A160E3787AB
81,I,EEDFC5EC1DD36179
81,I,458D2C951A759CAD
81,I,9096776C02070F8E
81C,O,96B1EEEF3B7B29A0
81C,O,496BF5ECB5F376CB
81C,O,A07D2012213FC19D
81C,O,9E87D9D0191DACE9
81C,O,8019E4CBB686CD25
81C,O,ECE98AAA81373891
81C,O,BF4622C022F17E9D
81C,O,F508350699744D24
81C,O,34740DD5ABC36F12
81C,O,25E1BAE2C272ED4C
81C,O,823E3EE2413E40E2
81C,O,E7133179F5800E85
81C,O,A401ECF82924D465
81C,O,3D5F8A471AE2AE99
81C,O,AB021611E13B83E5
81C,O,BF24F3D6A39D8D99
81C,O,4E366AF78461E12D
81C,O,F91B28AE855628AF
81C,O,674BF383CB19E1A3
81C,O,E34E3D48842C9B66
81C,O,DF9E89A391CAC245
81C,O,657E5836BC932790
81C,O,7A1C43F91CF8A6FC
81C,O,98FCC750B322B706
81C,O,BC294083A50B89DB
81C,O,38CBB6C76211934F
81C,O,F63C76EC97E38A91
81C,O,777ED0B1F3CF10DD
81C,O,96442B84082D4DF5
81C,O,508D99EBC9AB3A9B
81C,O,FE56DD70DEDE0395
81C,O,D2217D7746597D10
81C,O,576538E1395C8508
81C,O,68DF2B78CD2B9C76
81C,I,B545DBB9B5AA7A78
81C,I,9CAF2FDA35EEF9E2
81C,I,4A38244491180BF7
81C,I,5419928D472EAD8D
81C,I,357B7D41501CDACA
81C,I,D7C7D86E923EEAE1
81C,I,F56B1C6169FFC940
81C,I,4A2B9089021412CD
81C,I,F5ACAE2B0ACBC9AE
81C,I,141A31AE3569958B
81C,I,89A4D25AC31A8388
81C,I,6465986EF7824816
81C,I,C53A00F15DC2DB20
81C,I,48E5A1EED91712EE
81C,I,D099C45C9443AFC8
81C,I,45D0CFA28B3FEFE5
81C,I,B8E2647E9C5019C9
81C,I,A58C8BBBEC70CEC0
81C,I,A66159E033DDEA04
81C,I,C92E80A5D7E0E8EC
81C,I,07ADFF84F3502690
81C,I,8F8F2B65EFDC48FD
81C,I,023C6F2CCE65A42E
81C,I,EB0D8F8D1AF9DDDE
81C,I,A67E402790581309
81C,I,91481C9100917BA7
81C,I,8ECFB7DFFC0023DA
81C,I,33A4BFE372C06BA8
81C,I,B8BBCCA288E1F862
81C,I,9EAC85DD5495DB6F
81C,I,11A1533C3B63F3E4
81C,I,1BD5318E1C647F83
81C,I,651489E8C0A626A1
81C,I,6B46C7E695EF21CF
81C,I,F489213E82621D3F
81C,I,31DA09E74ABD87CD
81C,I,842DC076B16BE3A2
81C,I,96B1EEEF3B7B29A0
81K,O,6EA80E205DBCBFB5
81K,O,88AE674DD492F5CF
81K,O,F139E189918C1F86
81K,O,52B02EAC7AAB23C1
81K,O,3F6F5DC1DDA5F68E
81K,O,45809C20B6578E53
81K,O,6953AEF8B3921959
81K,O,61BA8F7170CDFFD5
81K,O,D137ADD65D333E0B
81K,O,437D60C455A624E6
81K,O,A23337DAF4A8B168
81K,O,72EE8A033E4260A3
81K,O,61A21B70C10E9722
81K,O,DEAC83FBE72FE09C
81K,O,C121CC674A19BE66
81K,I,C121CC674A19BE66
81K,I,A0BB7387E8F22C49
81K,I,25E0F5A0B2C4A77A
81K,I,C458B4A40BFCC4FF
81K,I,7421C8745B4EDF25
81K,I,8EFA13840D1272E8
81K,I,1C23A54B97165DAB
81K,I,9179E2F718D0F436
81K,I,19521C0A1CA93C52
81K,I,AA7CF12747D8E60A
81K,I,A7AFBCA40D458E0D
81K,I,45001DA558E03CF0
81K,I,B818259F753A3BE2
81K,I,6EA80E205DBCBFB5
81K,I,C121CC674A19BE66
81K,I,A0BB7387E8F22C49
81K,I,1772336D72B10178
81K,I,A5A562A569DAF738
81K,I,C458B4A40BFCC4FF
81K,I,7421C8745B4EDF25
81K,I,8EFA13840D1272E8
81K,I,19521C0A1CA93C52
81K,I,AA7CF12747D8E60A
81K,I,A7AFBCA40D458E0D
81K,I,45001DA558E03CF0
81K,I,B818259F753A3BE2
81K,I,6EA80E205DBCBFB5
81K,I,C121CC674A19BE66
81K,I,A0BB7387E8F22C49
81K,I,25E0F5A0B2C4A77A
81K,I,C458B4A40BFCC4FF
81K,I,7421C8745B4EDF25
81K,I,8EFA13840D1272E8
81K,I,1C23A54B97165DAB
81K,I,9179E2F718D0F436
81K,I,19521C0A1CA93C52
81K,I,AA7CF12747D8E60A
81K,I,A7AFBCA40D458E0D
81K,I,45001DA558E03CF0
81K,I,4E366AF78461E12D
81K,I,A004B076CFBD733C
81K,I,CEE44B3D4CC3E847
81K,I,453ABA7E5B17D60A
81K,I,B818259F753A3BE2
81K,I,6EA80E205DBCBFB5
81X,O,90BC9EB37B24B778
81X,O,C8A9DAB5E9051324
81X,O,924D67DD8AB7683D
81X,O,E7BFF1027930CCCD
81X,O,4654E57A8E9D32EB
81X,O,1276AEF95F6564A2
81X,O,9C117FB6B6590825
81X,O,5FB8DC89C84A7F2B
81X,O,04C4E5AE4F8F21E1
81X,O,1D13B640481F4CD1
81X,O,AC2A4AB84E52364C
81X,O,99D2D097C44A98D0
81X,O,AAECA769A84E2372
81X,O,2A72F4041A7E6783
81X,O,480DB16994F8FFEE
81X,O,F3433105FE5F6865
81X,O,C91C122CFC3FF66B
81X,O,DF10BE627F25E7DD
81X,O,D7C7D86E923EEAE1
81X,O,A76BB6FCB881AF5C
81X,O,3B7368AAB82CC612
81X,O,D7C46496C9C7B7BA
82B,O,90BC9EB37B24B778
82B,O,1276AEF95F6564A2
82B,O,9D42555312E18AE9
82C,O,C31623CD04CA37F0
82C,O,7E3C2CA5ABEC8416
82C,O,D54A59914E577E3F
82C,O,3F01C915E856B018
82C,O,6282A73360ACEBEA
82C,O,02CF8D1FE31E9A09
82C,O,FF98F738E3D0FE6B
82C,O,24E16716BBB7F2D0
82C,O,CF75BC81CDF3D411
82C,O,C6F406D78E5C515A
82C,O,8ECFB7DFFC0023DA
82C,O,548DB838B4673D93
82C,O,739A5DDE0CF1970C
82C,O,34E1E68A3C2AFE81
82C,O,F808AF482CCA028E
82C,O,9C6800DD6E0CD683
82C,O,6E821768CA09E8C9
82C,I,27F96537744C6792
82C,I,1C6EAAF5F48167F9
82C,I,A0D379E172F5BC93
82C,I,64101F297D3C1C55
82C,I,5B39CC28607910E4
82C,I,548DB838B4673D93
82C,I,0D56ED01EED431BC
82C,I,ABFB3F43ECB908B2
82C,I,C1E9F8237EDBBAD2
82C,I,7F068ADB0659F04E
82C,I,779954C17EAF3B95
82C,I,F8BB84BC801E4C85
82C,I,BC39BFC3C7BC3009
82C,I,2FABE52A66DF7482
82C,I,C1E1199805BCC92D
82C,I,C31623CD04CA37F0
82D,O,2260C9C02C307D45
82D,O,5747450359C7907C
82D,O,3F24CFF9046300D9
82D,O,B34F59A0270AEDA4
82D,O,39E7051B17D302DA
82D,O,1C6EAAF5F48167F9
82D,O,A0D379E172F5BC93
82D,O,64101F297D3C1C55
82D,O,5B39CC28607910E4
82D,O,6C9B7DDF24725CA9
82D,I,6C9B7DDF24725CA9
82D,I,739A5DDE0CF1970C
82D,I,34E1E68A3C2AFE81
82D,I,F808AF482CCA028E
82D,I,BE940A2F1B154D6E
82D,I,E8F5E085BAEFE100
82D,I,3313B37BF82AFF18
82D,I,5747450359C7907C
82D,I,2260C9C02C307D45
82K,O,737E4D696E371271
82K,O,4654E57A8E9D32EB
82K,O,1276AEF95F6564A2
82K,O,2E299F1E89BC57CE
82K,O,4E90B7D1DC654B0A
82K,O,8775AFC1C836C39F
82K,O,AAECA769A84E2372
82K,O,A66159E033DDEA04
82K,O,C92E80A5D7E0E8EC
82K,O,B818259F753A3BE2
82K,O,37081D4663FE178E
82K,O,88AE674DD492F5CF
82K,O,F139E189918C1F86
82K,O,07ADFF84F3502690
82K,O,B9EE83CA8ABB578B
82K,O,50F2B96452F78F19
82K,O,72936E1AD7A19462
82K,O,48AEC9FC61C77E03
82K,O,860026BE357B5462
82K,O,13BC4506ABF349C7
82K,O,4BFB5F2D496CDA56
82K,O,2456F9606327EADB
82K,I,2456F9606327EADB
82K,I,4D99E0E24AF289E9
82K,I,0333C7A4008A8DE3
82K,I,20B9196322225611
82K,I,2E6DB54618C13048
82K,I,AA7CF12747D8E60A
82K,I,5C043109616B6292
82K,I,45001DA558E03CF0
82K,I,B818259F753A3BE2
82K,I,37081D4663FE178E
82K,I,29A3E07CD93FD350
82K,I,719A125609437E11
82K,I,4E366AF78461E12D
82K,I,A004B076CFBD733C
82K,I,5EAE23D8DC3A7121
82K,I,C328F7ABDCD152DB
82K,I,BE4CE56A7102816E
82K,I,BE58B5A4B0E76EF7
82K,I,363957ECE0924AC4
82K,I,6DE243D2C36B9C6A
82K,I,737E4D696E371271
82X,O,4E7624E310A2FF44
82X,O,1BA4DE8405BB97BB
82X,O,0D56ED01EED431BC
82X,O,ABFB3F43ECB908B2
82X,O,C1E9F8237EDBBAD2
82X,O,7F068ADB0659F04E
82X,O,779954C17EAF3B95
82X,O,CB0585244877B9B9
82X,O,C7C74EE6E201E5A9
82X,O,260B43921BAFD8CB
82X,O,75D57F5A5891A1C2
82X,O,3114213F8975F536
82X,O,10A25AF26C9972AC
82X,O,7BDF3895E0BCE33B
82X,O,6C15579CA43DF72E
82X,O,EB3A1D751C96E053
82X,O,DE9BE04046C197C4
82X,O,48D7576D3F243169
82X,O,7BE7C25016F9651E
82X,O,9961C7ED914E87DD
82X,O,69E4C417312C10C0
82X,O,C1E1199805BCC92D
82X,O,D18861DD66E59F95
82X,O,03A546A0953794FA
82X,O,52C1ADA57FFA7DD4
82X,O,F4ABF71262D8C556
82X,O,C6F406D78E5C515A
82X,O,4E7624E310A2FF44
83A,O,3229F37E6637B0ED
83A,O,808CA5FECCC6646D
83A,O,30D564180B68ECA8
83A,O,D80313EC29620E1D
83A,O,D9B53E4B3A192940
83A,O,BC7C325EE59235E4
83A,O,9E256D7EE9FE68BC
83A,O,DF942A6B97EABDC4
83A,O,2DDD1CB69E981669
83A,O,80B56E2C7719DAF4
83A,O,71E3EB7E709522C7
83A,O,7188D2451C5AF461
83K,O,2CEEB19BC6404A39
83K,O,7E3C2CA5ABEC8416
83K,O,BCEEE192EF01C361
83K,O,3F01C915E856B018
83K,O,6282A73360ACEBEA
83K,O,8F78659628BA6795
83K,O,D55177A9D510B2E2
83K,O,B8E228521E55C7C5
83K,O,6AE1163C3BD93D0E
83K,O,548DAB3A4F71EB68
83K,O,D242CDB564D5CCA2
83K,O,582E6E50ED66EB11
83K,O,D137ADD65D333E0B
83K,O,142BE7225B0BB745
83K,O,AFC5E64568DBB2D5
83K,O,A295FD27A4E5A7C5
83K,O,82F22BA7623AA4CB
83K,O,A9FFF4974D4AC160
83K,O,51FCE282462E418B
83K,O,F8BB84BC801E4C85
83K,O,BC39BFC3C7BC3009
83K,O,2FABE52A66DF7482
83K,O,C1E1199805BCC92D
83K,O,2CEEB19BC6404A39
83K,O,0035CDF15614428C
83K,O,B8E228521E55C7C5
83K,O,6AE1163C3BD93D0E
83K,O,7421C8745B4EDF25
83K,O,8EFA13840D1272E8
83K,O,582E6E50ED66EB11
83P,O,2CEEB19BC6404A39
83P,O,7E3C2CA5ABEC8416
83P,O,D54A59914E577E3F
83P,O,3F01C915E856B018
83P,O,6282A73360ACEBEA
83P,O,20B9196322225611
83P,O,2E6DB54618C13048
83P,O,6953AEF8B3921959
83P,O,437D60C455A624E6
83P,O,EEDFC5EC1DD36179
83P,O,458D2C951A759CAD
83P,O,9096776C02070F8E
83S,O,2CEEB19BC6404A39
83S,O,7E3C2CA5ABEC8416
83S,O,D54A59914E577E3F
83S,O,3F01C915E856B018
83S,O,6282A73360ACEBEA
83S,O,20B9196322225611
83S,O,2E6DB54618C13048
83S,O,6953AEF8B3921959
83S,O,582E6E50ED66EB11
83S,I,582E6E50ED66EB11
83S,I,D137ADD65D333E0B
83S,I,962383EF0EA020F7
83S,I,72936E1AD7A19462
83S,I,48AEC9FC61C77E03
83S,I,F8BB84BC801E4C85
83S,I,BC39BFC3C7BC3009
83S,I,2FABE52A66DF7482
83S,I,C1E1199805BCC92D
83S,I,2CEEB19BC6404A39
83X,O,3229F37E6637B0ED
83X,O,808CA5FECCC6646D
83X,O,F8BB84BC801E4C85
83X,O,BC39BFC3C7BC3009
83X,O,2FABE52A66DF7482
83X,O,F0852C7827CC97EB
83X,O,7E3C2CA5ABEC8416
83X,O,51D13DDB8EBA98AF
83X,O,30D564180B68ECA8
83X,O,EDDE9311F49AC296
83X,O,D9B53E4B3A192940
83X,O,BC7C325EE59235E4
83X,O,9E256D7EE9FE68BC
83X,O,DF942A6B97EABDC4
83X,O,2DDD1CB69E981669
83X,O,80B56E2C7719DAF4
83X,O,71E3EB7E709522C7
83X,O,7188D2451C5AF461
83X,O,F0852C7827CC97EB
83X,O,7E3C2CA5ABEC8416
83X,O,51D13DDB8EBA98AF
83X,O,30D564180B68ECA8
83X,O,EDDE9311F49AC296
83X,O,D9B53E4B3A192940
83X,O,BC7C325EE59235E4
83X,O,9E256D7EE9FE68BC
83X,O,DF942A6B97EABDC4
83X,O,2DDD1CB69E981669
83X,O,80B56E2C7719DAF4
83X,O,71E3EB7E709522C7
83X,O,7188D2451C5AF461
83X,I,7188D2451C5AF461
83X,I,21AFFFF707224831
83X,I,31BFA986DE84EDE1
83X,I,3221A3FF8CA898FF
83X,I,0ACB63B00DEE1B37
83X,I,E21A497AF62AF38F
83X,I,CEA9610F9443BD8D
83X,I,50C432C497A20C1C
83X,I,91AED9CBCE81500D
83X,I,31B93EAF018D6956
83X,I,E7A8D18CC7046843
83X,I,9961C7ED914E87DD
83X,I,69E4C417312C10C0
83X,I,C1E1199805BCC92D
83X,I,A0496DDDC41213FA
83X,I,BCEEE192EF01C361
83X,I,3F01C915E856B018
83X,I,6282A73360ACEBEA
83X,I,ECB8FB3328B3E1F5
83X,I,3229F37E6637B0ED
83X,I,7188D2451C5AF461
83X,I,21AFFFF707224831
83X,I,31BFA986DE84EDE1
83X,I,3221A3FF8CA898FF
83X,I,0ACB63B00DEE1B37
83X,I,E21A497AF62AF38F
83X,I,CEA9610F9443BD8D
83X,I,50C432C497A20C1C
83X,I,91AED9CBCE81500D
83X,I,31B93EAF018D6956
83X,I,E7A8D18CC7046843
83X,I,9961C7ED914E87DD
83X,I,69E4C417312C10C0
83X,I,C1E1199805BCC92D
83X,I,A0496DDDC41213FA
84M,O,36D7B643B6B5680A
84M,O,4A3D71FFAB41B756
84M,O,A78292AA77A277A7
84M,O,9E03B65B407F925A
84M,O,ABFB3F43ECB908B2
84M,O,C1E9F8237EDBBAD2
84M,O,61C66474FE527946
84M,O,7F068ADB0659F04E
84M,O,779954C17EAF3B95
84M,O,CB0585244877B9B9
84M,O,3114213F8975F536
84M,O,1DF17F085C6C1B78
84M,O,AA2D8DCDD78651B0
84M,O,93D9D88C2D990D67
84M,O,FBAA9F0F9B1893F7
84M,O,36D7B643B6B5680A
84M,O,4A3D71FFAB41B756
84M,O,A78292AA77A277A7
84M,O,9E03B65B407F925A
84M,O,ABFB3F43ECB908B2
84M,O,C1E9F8237EDBBAD2
84M,O,61C66474FE527946
84M,O,7F068ADB0659F04E
84M,O,779954C17EAF3B95
84M,O,CB0585244877B9B9
84M,O,C7C74EE6E201E5A9
84M,O,260B43921BAFD8CB
84M,O,75D57F5A5891A1C2
84M,O,3114213F8975F536
84M,O,10A25AF26C9972AC
84M,O,AA2D8DCDD78651B0
84M,O,93D9D88C2D990D67
84M,O,7BD4817D61C47157
84M,O,8569ED53DDB3A570
84M,O,D360B3EBF155C15A
84M,O,713BF17AF24FE4DA
84M,O,A811A4AAF18AFAFF
84M,O,20915DF05723C615
84M,O,EB3A1D751C96E053
84M,O,DE9BE04046C197C4
84M,O,48D7576D3F243169
84M,O,7BE7C25016F9651E
84M,O,9961C7ED914E87DD
84M,O,69E4C417312C10C0
84M,O,C1E1199805BCC92D
84M,O,D18861DD66E59F95
84M,O,03A546A0953794FA
84M,O,52C1ADA57FFA7DD4
84M,O,24E16716BBB7F2D0
84M,O,F4ABF71262D8C556
84M,O,896D3C4F7F91E9C9
84M,O,C6F406D78E5C515A
84M,O,8ECFB7DFFC0023DA
84M,O,33A4BFE372C06BA8
84M,O,B8BBCCA288E1F862
84M,O,A930EDA042B0F47A
84M,O,36D7B643B6B5680A
84M,O,8569ED53DDB3A570
84M,O,F893C6ABC2743F64
84M,O,B27236FC63F891D9
84M,O,96A6FE5F07BDF203
84M,O,48D7576D3F243169
84M,O,7BE7C25016F9651E
84M,O,9961C7ED914E87DD
84M,O,03A546A0953794FA
84M,O,52C1ADA57FFA7DD4
84M,O,24E16716BBB7F2D0
84M,O,F4ABF71262D8C556
84M,O,896D3C4F7F91E9C9
84M,O,C6F406D78E5C515A
84M,O,8ECFB7DFFC0023DA
84M,O,33A4BFE372C06BA8
84M,O,B8BBCCA288E1F862
84M,O,A930EDA042B0F47A
84M,O,36D7B643B6B5680A
85,O,B730549EB3703C74
85,O,A5A562A569DAF738
85,O,C458B4A40BFCC4FF
85,O,9D3BCB233237C32C
85,O,4E56DD827C1F571A
85,O,8F28FEF1946A7FE3
85,O,F608A74B860B3C47
85,O,61CB41A4FE2AD8E5
85,O,60F6F482EFA8FE18
85,O,C6A76DB999AF1213
85,O,C7C1C12D89968698
85,O,E34E3D48842C9B66
85,O,4E037679702BBCBC
85,O,67C00FA00C878C1A
85,O,9A83CAB8FB930EEE
85,O,69B1F1ED4F1EC09D
85,O,B2B63870BF0309F5
85,O,4BB3E2907D3ED1CB
85,O,5D01986FB5E538CC
85,O,AE4D7869B643DAA2
85,O,AE2A53D953B640BE
85,O,F5795A904B483F33
85,O,2C7AEE8C6B2BC06A
85,O,0B8D095A45B05587
85,O,C3427DE8E291FFA6
85,O,1D0E096C4E9766C6
85,I,1D0E096C4E9766C6
85,I,F8D1049558163BE6
85,I,AD78D43BCE88067A
85,I,967B80D5CA41A8A8
85,I,4B03758AF99951A6
85,I,4850531F57582BD9
85,I,D28AA79AF38D1601
85,I,14CF7824C407AB74
85,I,2F7C67769B9FB896
85,I,A90CDCBFC07EDF86
85,I,95A03A5E58916EA3
85,I,7310528ACFCE20DF
85,I,EAAAF871D43F7B6F
85,I,692CEF512B0D029B
85,I,210CF8389F782535
85,I,8FE9357F36300CD7
85,I,45D0CFA28B3FEFE5
85,I,B8E2647E9C5019C9
85,I,AAECA769A84E2372
85,I,A3647D99DA65BA96
85,I,AF61AE97990B5C08
85,I,4C19E0623146E4F9
85,I,302D398FDBA075F4
85,I,61BA8F7170CDFFD5
85,I,437D60C455A624E6
85,I,A23337DAF4A8B168
85,I,72EE8A033E4260A3
85,I,61A21B70C10E9722
85,I,B730549EB3703C74
85A,O,C31623CD04CA37F0
85A,O,260B43921BAFD8CB
85A,O,D54A59914E577E3F
85A,O,3F01C915E856B018
85A,O,6282A73360ACEBEA
85A,O,FF98F738E3D0FE6B
85A,O,DC6C23E16605C5EF
85A,O,F4ABF71262D8C556
85A,O,C6F406D78E5C515A
85A,O,45AB0EC4F195CA7A
85A,O,66BF94751BD28BAD
85A,O,4EB3971409B80E61
85A,O,2AB0EEF90EDC0378
85A,O,EDAB79ED9FA32D91
85A,O,AF47DA55FCC27679
85A,O,A432A047D1B0DD62
85A,O,E34E3D48842C9B66
85A,O,4E037679702BBCBC
85A,O,67C00FA00C878C1A
85A,O,9A83CAB8FB930EEE
85A,O,69B1F1ED4F1EC09D
85A,O,B2B63870BF0309F5
85A,O,4BB3E2907D3ED1CB
85A,O,5D01986FB5E538CC
85A,O,AE4D7869B643DAA2
85A,O,69B5D7E02401C25B
85A,O,4EEABE3D756581FB
85A,O,FCAA34C69CFEF26C
85A,O,C3427DE8E291FFA6
85A,O,A678D9D2809B3BE4
85A,I,A678D9D2809B3BE4
85A,I,489A72B19BE37AE1
85A,I,A91745D47D69FF05
85A,I,14CF7824C407AB74
85A,I,2F7C67769B9FB896
85A,I,A90CDCBFC07EDF86
85A,I,95A03A5E58916EA3
85A,I,7310528ACFCE20DF
85A,I,EAAAF871D43F7B6F
85A,I,692CEF512B0D029B
85A,I,210CF8389F782535
85A,I,8FE9357F36300CD7
85A,I,45D0CFA28B3FEFE5
85A,I,B0D6494AF630229A
85A,I,B9EE83CA8ABB578B
85A,I,50F2B96452F78F19
85A,I,1AE43A670EACECB1
85A,I,C0D515CA78A56B65
85A,I,3C624F6CB2D5BBEA
85A,I,C1E9F8237EDBBAD2
85A,I,24E16716BBB7F2D0
85A,I,7F068ADB0659F04E
85A,I,51FCE282462E418B
85A,I,F8BB84BC801E4C85
85A,I,BC39BFC3C7BC3009
85A,I,2FABE52A66DF7482
85A,I,C1E1199805BCC92D
85A,I,C31623CD04CA37F0
85B,O,300E167052866624
85B,O,719A125609437E11
85B,O,4F25915A4BF459F9
85B,O,9ADE07CC443E4ACE
85B,O,2E299F1E89BC57CE
85B,O,4E90B7D1DC654B0A
85B,O,5FB8DC89C84A7F2B
85B,O,04C4E5AE4F8F21E1
85B,O,1D13B640481F4CD1
85B,O,AC2A4AB84E52364C
85B,O,8775AFC1C836C39F
85B,O,C7C1C12D89968698
85B,O,4E037679702BBCBC
85B,O,67C00FA00C878C1A
85B,O,9A83CAB8FB930EEE
85B,O,69B1F1ED4F1EC09D
85B,O,B2B63870BF0309F5
85B,O,4BB3E2907D3ED1CB
85B,O,5D01986FB5E538CC
85B,O,AE4D7869B643DAA2
85B,O,AE2A53D953B640BE
85B,O,F5795A904B483F33
85B,O,2C7AEE8C6B2BC06A
85B,O,0B8D095A45B05587
85B,O,C3427DE8E291FFA6
85K,O,541D314F751526A3
85K,O,6F5592E4FF8A35E8
85K,O,03354DBC3AD86BAC
85K,O,A07D2012213FC19D
85K,O,9E87D9D0191DACE9
85K,O,96012665619E0B98
85K,O,C234CA2FB1299922
85K,O,BDC2B3601964F0DD
85K,O,C81CBD93FB2B5C60
85K,O,34740DD5ABC36F12
85K,O,25E1BAE2C272ED4C
85K,O,0D56ED01EED431BC
85K,O,6AE1163C3BD93D0E
85K,O,7421C8745B4EDF25
85K,O,8EFA13840D1272E8
85K,O,99B9CAA698C36C5E
85K,O,F5EE93BA36E1CEEC
85K,I,F5EE93BA36E1CEEC
85K,I,537168ECCA2CE578
85K,I,D85AF13DC2FB0118
85K,I,91481C9100917BA7
85K,I,8ECFB7DFFC0023DA
85K,I,33A4BFE372C06BA8
85K,I,B8BBCCA288E1F862
85K,I,9EAC85DD5495DB6F
85K,I,11A1533C3B63F3E4
85K,I,1BD5318E1C647F83
85K,I,651489E8C0A626A1
85K,I,6B46C7E695EF21CF
85K,I,F489213E82621D3F
85K,I,31DA09E74ABD87CD
85K,I,53451B51DC815C50
85K,I,7A550F91E3171941
85K,I,541D314F751526A3
85M,O,4D8E5172E1C1EAF5
85M,O,D156C558FF163BE3
85M,O,B311A7AB3140FBC9
85M,O,761CDB62DC025007
85M,O,CA7CE166F4E6677F
85M,O,1D6A8B8C58C268FF
85M,O,95C538941C437656
85M,O,2021D186A889FA2E
85M,O,5A77AE8E12B13718
85M,O,4A3D71FFAB41B756
85M,O,A78292AA77A277A7
85M,O,3114213F8975F536
85M,O,10A25AF26C9972AC
85M,O,7BDF3895E0BCE33B
85M,O,6C15579CA43DF72E
85M,O,EB3A1D751C96E053
85M,O,DE9BE04046C197C4
85M,O,48D7576D3F243169
85M,O,0A22872F65392B48
85M,O,C57C924EEB5463E5
85M,O,16A7F2C343AA6DE6
85M,O,4B0E21EDF07F9C83
85M,O,1CF4AE2F7045B848
85M,O,E27820FF0AF73D52
85M,O,CB667DC000F66D40
85M,O,5E073AD8BC9F2AC8
85M,O,3A450B5AD5AF1605
85M,O,0E2175C0750054FE
85M,O,6BD93B827893E41E
85M,O,4D8E5172E1C1EAF5
85P,O,B493CF03406C0B5E
85P,O,F63D25B428F1C1D9
85P,O,1E471172708B5C5D
85P,O,2479788748627B65
85P,O,0CB1F7979192FBB2
85P,O,8337F935242C5CC3
85P,O,0D4E07F475845DB3
85P,O,B071B60F5566934B
85P,O,E2602DD1C8EA1AC8
85P,O,3114213F8975F536
85P,O,D1AAD1771F3FA9A0
85P,O,C80FB453C9F53569
85P,O,2A01E3163DF9A954
85P,O,F6E296480D3481A2
85P,O,25455FDE268CF605
85P,O,C1AFF00AC64F457A
85P,O,5396072459507B7F
85P,O,C048D4CF6ED36C7A
85P,O,68A8F08ABC5C90F0
85P,O,91929D42214F3D7F
85P,O,97B7EC0354E020B7
85P,O,ED03E689B88CE0E8
85P,O,B122FA4A77BABF24
85P,O,B452F1514B4FEE40
85P,I,B452F1514B4FEE40
85P,I,EF5A5CD9C3A038C9
85P,I,A5E27C280260D008
85P,I,009760575EA9F85D
85P,I,21581A1F9544F6E4
85P,I,E80A3E968CCEEFF7
85P,I,4960882151DB05E0
85P,I,411A32C9BBF53857
85P,I,489A72B19BE37AE1
85P,I,A91745D47D69FF05
85P,I,813962A51DF6DACE
85P,I,2F7C67769B9FB896
85P,I,A46B6AC99CE8722E
85P,I,D7A05B5BAF07A89B
85P,I,7BFC2AE979358DA7
85P,I,0209A3C455B1DBE9
85P,I,4B5F39DBC6671C81
85P,I,4CC126E0B1E42F14
85P,I,A90443FD0C19C4B1
85P,I,9AD30F8EDBC3F139
85P,I,1E471172708B5C5D
85P,I,2479788748627B65
85P,I,2C5CA5F47FB6EB3F
85P,I,B493CF03406C0B5E
85S,O,F1F906098E7C35E9
85S,O,5E073AD8BC9F2AC8
85S,O,496BF5ECB5F376CB
85S,O,8C52C44C69CEEA51
85S,O,6B46C7E695EF21CF
85S,O,8019E4CBB686CD25
85S,O,6E89147F6697E490
85S,O,2CC81AE9D0A0E668
85S,O,4A3D71FFAB41B756
85S,O,A78292AA77A277A7
85S,O,3114213F8975F536
85S,O,D1AAD1771F3FA9A0
85S,O,C80FB453C9F53569
85S,O,F6E296480D3481A2
85S,O,25455FDE268CF605
85S,O,C1AFF00AC64F457A
85S,O,5396072459507B7F
85S,O,C048D4CF6ED36C7A
85S,O,68A8F08ABC5C90F0
85S,O,91929D42214F3D7F
85S,O,97B7EC0354E020B7
85S,O,ED03E689B88CE0E8
85S,O,B122FA4A77BABF24
85S,O,0389A57B9FCD3AB5
85X,O,1D99BD02B9B45429
85X,O,1D6A8B8C58C268FF
85X,O,95C538941C437656
85X,O,2021D186A889FA2E
85X,O,5A77AE8E12B13718
85X,O,4A3D71FFAB41B756
85X,O,A78292AA77A277A7
85X,O,9E03B65B407F925A
85X,O,A295FD27A4E5A7C5
85X,O,C43782B93826F4CD
85X,O,2223D64E9ED2E1A7
85X,O,3114213F8975F536
85X,O,D1AAD1771F3FA9A0
85X,O,C80FB453C9F53569
85X,O,2A01E3163DF9A954
85X,O,F6E296480D3481A2
85X,O,25455FDE268CF605
85X,O,C1AFF00AC64F457A
85X,O,5396072459507B7F
85X,O,C048D4CF6ED36C7A
85X,O,68A8F08ABC5C90F0
85X,O,91929D42214F3D7F
85X,O,97B7EC0354E020B7
85X,O,ED03E689B88CE0E8
85X,O,B122FA4A77BABF24
85X,O,B452F1514B4FEE40
85X,I,B452F1514B4FEE40
85X,I,EF5A5CD9C3A038C9
85X,I,A5E27C280260D008
85X,I,009760575EA9F85D
85X,I,21581A1F9544F6E4
85X,I,E80A3E968CCEEFF7
85X,I,4960882151DB05E0
85X,I,411A32C9BBF53857
85X,I,489A72B19BE37AE1
85X,I,A91745D47D69FF05
85X,I,813962A51DF6DACE
85X,I,2F7C67769B9FB896
85X,I,A46B6AC99CE8722E
85X,I,D7A05B5BAF07A89B
85X,I,7BFC2AE979358DA7
85X,I,02CF8D1FE31E9A09
85X,I,B8E228521E55C7C5
85X,I,40829C12642639D4
85X,I,16A7F2C343AA6DE6
85X,I,4B0E21EDF07F9C83
85X,I,1CF4AE2F7045B848
85X,I,E27820FF0AF73D52
85X,I,A384FBA637A1EBC5
85X,I,5E073AD8BC9F2AC8
85X,I,B31E6B9D8E5B4493
85X,I,0D0D7E774E1C1575
85X,I,7005EE5654387B8A
86,O,D75CEF6318A515DE
86,O,260B43921BAFD8CB
86,O,D54A59914E577E3F
86,O,3F01C915E856B018
86,O,6282A73360ACEBEA
86,O,8F78659628BA6795
86,O,DC6C23E16605C5EF
86,O,CF75BC81CDF3D411
86,O,E202C2F74E3A033B
86,O,0ABE48106C953AC9
86,O,9D3BCB233237C32C
86,O,9E3D2E34F849E298
86,O,56B7437C9A25161E
86,O,3ABF1C6B0195D580
86,O,613ED01D077362A9
86,O,2880D4E073BF7A9A
86,O,29A62A8FE112766B
86,O,9751EE79B103C9B8
86,O,B123EFA9F9DDD6AB
86,O,E275C17540BCEF37
86,O,6D1087ACF14C15A9
86,O,46ABE64DB9C82DDF
86,O,5974E3D924697E4C
86,O,CCAC1239A80FFE6B
86,O,317CDFC0C1DB2ADF
86,O,9508A6CF0AF1E1B2
86,O,B8B71BC8E2DDCA8D
86,O,62AB7611613EF561
86,O,EEBBD352B7F16E3F
86,O,6188A6666E298598
86,O,D32CCF88E6FD8621
86,I,D32CCF88E6FD8621
86,I,CDB60E6F75A1D7EA
86,I,9B761917E5D9A80D
86,I,26CEAEF7BD0F6F59
86,I,48E68D36FFC315F6
86,I,1F3E9C9CC6FC869A
86,I,6458484907C76A06
86,I,E697B8AFFADE6E21
86,I,229C618DE131245A
86,I,C49D1FFAEBDFE617
86,I,BBC5D60D2FB827D2
86,I,36EE1028F547488D
86,I,094457650286AA67
86,I,9CB216DC49F84CFA
86,I,D198122830A4FDE3
86,I,99EF4CA10B3E1F17
86,I,B0D6494AF630229A
86,I,B6B1AB47AB07887F
86,I,3523AA15D7F22A3F
86,I,5E63913862E61D96
86,I,142BE7225B0BB745
86,I,AFC5E64568DBB2D5
86,I,ABFB3F43ECB908B2
86,I,C1E9F8237EDBBAD2
86,I,24E16716BBB7F2D0
86,I,4BFB5F2D496CDA56
86,I,51FCE282462E418B
86,I,F8BB84BC801E4C85
86,I,BC39BFC3C7BC3009
86,I,2FABE52A66DF7482
86,I,C1E1199805BCC92D
86,I,D75CEF6318A515DE
86A,O,196CE583CC4F8127
86A,O,2AB0EEF90EDC0378
86A,O,5C043109616B6292
86A,O,AF47DA55FCC27679
86A,O,48BA70BC6F7488CF
86A,O,4F25915A4BF459F9
86A,O,A004B076CFBD733C
86A,O,674BF383CB19E1A3
86A,O,29A62A8FE112766B
86A,O,9751EE79B103C9B8
86A,O,B123EFA9F9DDD6AB
86A,O,E275C17540BCEF37
86A,O,6D1087ACF14C15A9
86A,O,46ABE64DB9C82DDF
86A,O,5974E3D924697E4C
86A,O,9215DDE04780BDC3
86A,O,064E5D9FE6973F23
86A,O,E766002A5624AFB6
86A,O,7430D83B73E26B7C
86A,O,0CE37125BC509E5D
86A,O,B6ECF261EB79418C
86A,O,4D3DD33FCD9A49F9
86A,I,4D3DD33FCD9A49F9
86A,I,D40C730A1930BABB
86A,I,26CEAEF7BD0F6F59
86A,I,242816965CAB8FE2
86A,I,E09CA927E9BF25C5
86A,I,524F66D9EBDACACD
86A,I,FE824F449F3D217F
86A,I,229C618DE131245A
86A,I,C49D1FFAEBDFE617
86A,I,BBC5D60D2FB827D2
86A,I,36EE1028F547488D
86A,I,094457650286AA67
86A,I,9CB216DC49F84CFA
86A,I,D198122830A4FDE3
86A,I,99EF4CA10B3E1F17
86A,I,B11E10F012C57433
86A,I,A66159E033DDEA04
86A,I,C92E80A5D7E0E8EC
86A,I,52B02EAC7AAB23C1
86A,I,3F6F5DC1DDA5F68E
86A,I,6CDAC4513AD44DB7
86A,I,196CE583CC4F8127
86C,O,59D327FA9F8EDD40
86C,O,042BAE34F58C8D01
86C,O,7333653B0F4B71BD
86C,O,CA7CE166F4E6677F
86C,O,842DC076B16BE3A2
86C,O,1F1A440137854ABF
86C,O,2021D186A889FA2E
86C,O,5A77AE8E12B13718
86C,O,34740DD5ABC36F12
86C,O,25E1BAE2C272ED4C
86C,O,578C11F0F4197509
86C,O,0ABE48106C953AC9
86C,O,548DAB3A4F71EB68
86C,O,4432C7295979305C
86C,O,149ADEC589550041
86C,O,AF47DA55FCC27679
86C,O,2880D4E073BF7A9A
86C,O,6652A2FE695AD8C2
86C,O,9B3566445BDAD548
86C,O,A8E94E7F793372BD
86C,O,E275C17540BCEF37
86C,O,6D1087ACF14C15A9
86C,O,46ABE64DB9C82DDF
86C,O,9F914539576C53A5
86C,O,259DBCF52320E083
86C,O,A8C595F1E33B5DEF
86C,O,1A85B99EDE6D01D8
86C,O,55973ABF49182097
86C,O,D355B700FF30B3D7
86C,O,B6ECF261EB79418C
86C,O,C11E1332DE4D4C5E
86C,I,C11E1332DE4D4C5E
86C,I,D40C730A1930BABB
86C,I,26CEAEF7BD0F6F59
86C,I,242816965CAB8FE2
86C,I,E09CA927E9BF25C5
86C,I,524F66D9EBDACACD
86C,I,FE824F449F3D217F
86C,I,82867084F4E7B92E
86C,I,812E72C257C94B73
86C,I,710390556FA80CAD
86C,I,35330105A8CCC2AD
86C,I,BBC5D60D2FB827D2
86C,I,36EE1028F547488D
86C,I,094457650286AA67
86C,I,9E16397100F502B9
86C,I,121D3CCF6A82532F
86C,I,90DC2AE9EBAF2658
86C,I,D099C45C9443AFC8
86C,I,B0D6494AF630229A
86C,I,8F8F2B65EFDC48FD
86C,I,023C6F2CCE65A42E
86C,I,EB0D8F8D1AF9DDDE
86C,I,A67E402790581309
86C,I,91481C9100917BA7
86C,I,40829C12642639D4
86C,I,16A7F2C343AA6DE6
86C,I,4B0E21EDF07F9C83
86C,I,1CF4AE2F7045B848
86C,I,E27820FF0AF73D52
86C,I,1B4B4E62514B9043
86C,I,857F6F958A96DCDB
86C,I,46D02E1C1CD82C9A
86C,I,1E04D9D97DE148C2
86C,I,4B5F39DBC6671C81
86C,I,59D327FA9F8EDD40
86K,O,29E6A8ED7109BE28
86K,O,4CC126E0B1E42F14
86K,O,013F884CBCB1CBE4
86K,O,7E2611CD03F9450A
86K,O,D96A94B0ED4E873A
86K,O,F4BBC1AF35CA2765
86K,O,664BAA2EA12B80B1
86K,O,30553FA19D045D25
86K,O,34740DD5ABC36F12
86K,O,25E1BAE2C272ED4C
86K,O,0D56ED01EED431BC
86K,O,6AE1163C3BD93D0E
86K,O,548DAB3A4F71EB68
86K,O,D242CDB564D5CCA2
86K,O,99B9CAA698C36C5E
86K,O,5127D55F08E1E6F7
86K,I,5127D55F08E1E6F7
86K,I,EB0D8F8D1AF9DDDE
86K,I,A67E402790581309
86K,I,91481C9100917BA7
86K,I,40829C12642639D4
86K,I,16A7F2C343AA6DE6
86K,I,4B0E21EDF07F9C83
86K,I,1CF4AE2F7045B848
86K,I,E27820FF0AF73D52
86K,I,880BE8598CB0CCE7
86K,I,5E073AD8BC9F2AC8
86K,I,B31E6B9D8E5B4493
86K,I,3A450B5AD5AF1605
86K,I,0E2175C0750054FE
86K,I,0D4E07F475845DB3
86K,I,29E6A8ED7109BE28
86S,O,29E6A8ED7109BE28
86S,O,4CC126E0B1E42F14
86S,O,013F884CBCB1CBE4
86S,O,7E2611CD03F9450A
86S,O,D96A94B0ED4E873A
86S,O,F4BBC1AF35CA2765
86S,O,30553FA19D045D25
86S,O,34740DD5ABC36F12
86S,O,25E1BAE2C272ED4C
86S,O,0D56ED01EED431BC
86S,O,6AE1163C3BD93D0E
86S,O,7421C8745B4EDF25
86S,O,8EFA13840D1272E8
86S,O,11E5EB00D58B8B4C
86S,O,7E2611CD03F9450A
86S,O,D96A94B0ED4E873A
86S,O,F4BBC1AF35CA2765
86S,O,30553FA19D045D25
86S,O,34740DD5ABC36F12
86S,O,25E1BAE2C272ED4C
86S,O,0D56ED01EED431BC
86S,O,6AE1163C3BD93D0E
86S,O,7421C8745B4EDF25
86S,O,8EFA13840D1272E8
86S,O,11E5EB00D58B8B4C
86S,I,11E5EB00D58B8B4C
86S,I,537168ECCA2CE578
86S,I,D85AF13DC2FB0118
86S,I,91481C9100917BA7
86S,I,40829C12642639D4
86S,I,16A7F2C343AA6DE6
86S,I,4B0E21EDF07F9C83
86S,I,1CF4AE2F7045B848
86S,I,880BE8598CB0CCE7
86S,I,5E073AD8BC9F2AC8
86S,I,B31E6B9D8E5B4493
86S,I,3A450B5AD5AF1605
86S,I,0E2175C0750054FE
86S,I,0D4E07F475845DB3
86S,I,29E6A8ED7109BE28
87B,O,E43D7EE404F2F7AC
87B,O,29A3E07CD93FD350
87B,O,719A125609437E11
87B,O,4E366AF78461E12D
87B,O,A004B076CFBD733C
87B,O,2A72F4041A7E6783
87B,O,9C117FB6B6590825
87B,O,5FB8DC89C84A7F2B
87B,O,04C4E5AE4F8F21E1
87B,O,1D13B640481F4CD1
87B,O,AC2A4AB84E52364C
87B,O,99D2D097C44A98D0
87B,O,F91B28AE855628AF
87B,O,674BF383CB19E1A3
87B,O,E34E3D48842C9B66
87B,O,29A62A8FE112766B
87B,O,9751EE79B103C9B8
87B,O,B123EFA9F9DDD6AB
87B,O,E275C17540BCEF37
87B,O,6D1087ACF14C15A9
87B,O,46ABE64DB9C82DDF
87B,O,9F914539576C53A5
87B,O,259DBCF52320E083
87B,O,BDA357B832C55019
87B,O,C4B0E899FAE72350
87B,O,8C7C1212A1196A1A
87B,O,996EC6B4E40A2E4A
87B,O,7ADC6D521E6BECE6
87B,O,E02E10C9135624F9
87B,O,7FC13D26792F63F9
87B,O,33A62380EFEDAA3A
87B,I,33A62380EFEDAA3A
87B,I,5A0D9C9441ED6AC5
87B,I,9BF9C994F2DAE15D
87B,I,E6915B4BA88D2DB5
87B,I,3F34A16B40CB1C7F
87B,I,4EB50AEDC57BF889
87B,I,7C6C443BF06FD704
87B,I,4AF3A5BD16E5BA3F
87B,I,B2BD2794088927BE
87B,I,AFE0100DABA53C21
87B,I,BBC5D60D2FB827D2
87B,I,36EE1028F547488D
87B,I,094457650286AA67
87B,I,9CB216DC49F84CFA
87B,I,D198122830A4FDE3
87B,I,99EF4CA10B3E1F17
87B,I,45D0CFA28B3FEFE5
87B,I,B8E2647E9C5019C9
87B,I,5EAE23D8DC3A7121
87B,I,A28C2F29B58A2E9A
87B,I,BA9F2C58E03A38F0
87B,I,CA5AEC11C96BA678
87B,I,BE4CE56A7102816E
87B,I,CEE44B3D4CC3E847
87B,I,453ABA7E5B17D60A
87B,I,B818259F753A3BE2
87B,I,E43D7EE404F2F7AC
87C,O,8CFD0DAAA2D9B47E
87C,O,D156C558FF163BE3
87C,O,013F884CBCB1CBE4
87C,O,41E806B7927291BE
87C,O,028E0B68D3166C00
87C,O,BC45FA032C515D44
87C,O,664BAA2EA12B80B1
87C,O,E34E3D48842C9B66
87C,O,DF9E89A391CAC245
87C,O,657E5836BC932790
87C,O,7A1C43F91CF8A6FC
87C,O,60F1DDDCB555E319
87C,O,F7CAA2D4FF9D61F7
87C,O,14F176D358D65A8B
87C,O,8E3A5C15E42020BB
87C,O,96442B84082D4DF5
87C,O,508D99EBC9AB3A9B
87C,O,FE56DD70DEDE0395
87C,O,D2217D7746597D10
87C,O,576538E1395C8508
87C,O,1864222D8939BD69
87C,O,2802E2DEE1D48B51
87C,I,2802E2DEE1D48B51
87C,I,FE2815CBCD21C57C
87C,I,F2508598F5A43655
87C,I,3313287185163530
87C,I,8E8DB91C885F1230
87C,I,4A38244491180BF7
87C,I,5419928D472EAD8D
87C,I,357B7D41501CDACA
87C,I,D7C7D86E923EEAE1
87C,I,A76BB6FCB881AF5C
87C,I,0F4F935A9F14F111
87C,I,136480342AAF0BD2
87C,I,32CCEDBCC9EAAA9E
87C,I,2751781A6F757C5D
87C,I,6045969736940272
87C,I,38A53BACD13CD0C8
87C,I,E27820FF0AF73D52
87C,I,CB667DC000F66D40
87C,I,5E073AD8BC9F2AC8
87C,I,B31E6B9D8E5B4493
87C,I,3A450B5AD5AF1605
87C,I,0E2175C0750054FE
87C,I,0D4E07F475845DB3
87C,I,8CFD0DAAA2D9B47E
87D,O,8CFD0DAAA2D9B47E
87D,O,D156C558FF163BE3
87D,O,013F884CBCB1CBE4
87D,O,41E806B7927291BE
87D,O,028E0B68D3166C00
87D,O,BC45FA032C515D44
87D,O,664BAA2EA12B80B1
87D,O,30553FA19D045D25
87D,O,34740DD5ABC36F12
87D,O,25E1BAE2C272ED4C
87D,O,823E3EE2413E40E2
87D,O,E7133179F5800E85
87D,O,E34E3D48842C9B66
87D,O,DF9E89A391CAC245
87D,O,657E5836BC932790
87D,O,7A1C43F91CF8A6FC
87D,O,60F1DDDCB555E319
87D,O,F7CAA2D4FF9D61F7
87D,O,14F176D358D65A8B
87D,O,8E3A5C15E42020BB
87D,O,96442B84082D4DF5
87D,O,508D99EBC9AB3A9B
87D,O,FE56DD70DEDE0395
87D,O,D2217D7746597D10
87D,O,576538E1395C8508
87D,O,1864222D8939BD69
87D,O,2802E2DEE1D48B51
87D,O,41E806B7927291BE
87D,O,028E0B68D3166C00
87D,O,BC45FA032C515D44
87D,O,664BAA2EA12B80B1
87D,O,823E3EE2413E40E2
87D,O,E7133179F5800E85
87D,O,E34E3D48842C9B66
87D,O,DF9E89A391CAC245
87D,O,657E5836BC932790
87D,O,7A1C43F91CF8A6FC
87D,O,60F1DDDCB555E319
87D,O,F7CAA2D4FF9D61F7
87D,O,14F176D358D65A8B
87D,O,8E3A5C15E42020BB
87D,O,96442B84082D4DF5
87D,O,508D99EBC9AB3A9B
87D,O,FE56DD70DEDE0395
87D,O,D2217D7746597D10
87D,O,576538E1395C8508
87D,O,1864222D8939BD69
87D,O,2802E2DEE1D48B51
87D,O,8CFD0DAAA2D9B47E
87D,O,D156C558FF163BE3
87D,O,013F884CBCB1CBE4
87D,O,5E082FCF5C58328C
87D,O,E2602DD1C8EA1AC8
87D,O,664BAA2EA12B80B1
87D,O,30553FA19D045D25
87D,O,34740DD5ABC36F12
87D,O,25E1BAE2C272ED4C
87D,O,823E3EE2413E40E2
87D,O,E7133179F5800E85
87D,O,E34E3D48842C9B66
87D,O,DF9E89A391CAC245
87D,O,657E5836BC932790
87D,O,7A1C43F91CF8A6FC
87D,O,60F1DDDCB555E319
87D,O,F7CAA2D4FF9D61F7
87D,O,14F176D358D65A8B
87D,O,8E3A5C15E42020BB
87D,O,96442B84082D4DF5
87D,O,508D99EBC9AB3A9B
87D,O,FE56DD70DEDE0395
87D,O,D2217D7746597D10
87D,O,576538E1395C8508
87D,O,1864222D8939BD69
87D,O,2802E2DEE1D48B51
87D,I,2802E2DEE1D48B51
87D,I,FE2815CBCD21C57C
87D,I,F2508598F5A43655
87D,I,3313287185163530
87D,I,8E8DB91C885F1230
87D,I,4A38244491180BF7
87D,I,5419928D472EAD8D
87D,I,357B7D41501CDACA
87D,I,D7C7D86E923EEAE1
87D,I,A76BB6FCB881AF5C
87D,I,0F4F935A9F14F111
87D,I,136480342AAF0BD2
87D,I,32CCEDBCC9EAAA9E
87D,I,2751781A6F757C5D
87D,I,6045969736940272
87D,I,38A53BACD13CD0C8
87D,I,A8C8FB27A0399D63
87D,I,C53A00F15DC2DB20
87D,I,48E5A1EED91712EE
87D,I,D099C45C9443AFC8
87D,I,45D0CFA28B3FEFE5
87D,I,91481C9100917BA7
87D,I,40829C12642639D4
87D,I,16A7F2C343AA6DE6
87D,I,4B0E21EDF07F9C83
87D,I,1CF4AE2F7045B848
87D,I,E27820FF0AF73D52
87D,I,CB667DC000F66D40
87D,I,5E073AD8BC9F2AC8
87D,I,B31E6B9D8E5B4493
87D,I,3A450B5AD5AF1605
87D,I,0E2175C0750054FE
87D,I,0D4E07F475845DB3
87D,I,8CFD0DAAA2D9B47E
87E,O,10E07C1870465E91
87E,O,F63D25B428F1C1D9
87E,O,1E471172708B5C5D
87E,O,2479788748627B65
87E,O,0CB1F7979192FBB2
87E,O,DF9E89A391CAC245
87E,O,657E5836BC932790
87E,O,7A1C43F91CF8A6FC
87E,O,60F1DDDCB555E319
87E,O,F7CAA2D4FF9D61F7
87E,O,14F176D358D65A8B
87E,O,8E3A5C15E42020BB
87E,O,96442B84082D4DF5
87E,O,508D99EBC9AB3A9B
87E,O,FE56DD70DEDE0395
87E,O,D2217D7746597D10
87E,I,B545DBB9B5AA7A78
87E,I,9CAF2FDA35EEF9E2
87E,I,4A38244491180BF7
87E,I,5419928D472EAD8D
87E,I,357B7D41501CDACA
87E,I,D7C7D86E923EEAE1
87E,I,A76BB6FCB881AF5C
87E,I,0F4F935A9F14F111
87E,I,136480342AAF0BD2
87E,I,32CCEDBCC9EAAA9E
87E,I,2751781A6F757C5D
87E,I,6045969736940272
87E,I,38A53BACD13CD0C8
87E,I,0209A3C455B1DBE9
87E,I,4B5F39DBC6671C81
87E,I,4CC126E0B1E42F14
87E,I,A90443FD0C19C4B1
87E,I,0CB1F7979192FBB2
87E,I,2C5CA5F47FB6EB3F
87E,I,10E07C1870465E91
87K,O,D4D322BE3E5B2A4B
87K,O,E27820FF0AF73D52
87K,O,A384FBA637A1EBC5
87K,O,857F6F958A96DCDB
87K,O,B31E6B9D8E5B4493
87K,O,180DC2E520E7A4D0
87K,O,1E04D9D97DE148C2
87K,O,507E8F5167002BC5
87K,O,A235DF28053F60FE
87K,O,761CDB62DC025007
87K,O,41E806B7927291BE
87K,O,2B7E8054D4A2CBA7
87K,O,D96A94B0ED4E873A
87K,O,66E32661C4298EEF
87K,O,664BAA2EA12B80B1
87K,O,EC5018363D5C45EB
87K,O,D4D322BE3E5B2A4B
87K,O,E27820FF0AF73D52
87K,O,A384FBA637A1EBC5
87K,O,857F6F958A96DCDB
87K,O,B31E6B9D8E5B4493
87K,O,180DC2E520E7A4D0
87K,O,1E04D9D97DE148C2
87K,O,507E8F5167002BC5
87K,O,A235DF28053F60FE
87K,O,761CDB62DC025007
87K,O,41E806B7927291BE
87K,O,D96A94B0ED4E873A
87K,O,66E32661C4298EEF
87K,O,664BAA2EA12B80B1
87K,O,EC5018363D5C45EB
87K,O,507E8F5167002BC5
87K,O,A235DF28053F60FE
87K,O,761CDB62DC025007
87K,O,41E806B7927291BE
87K,O,2B7E8054D4A2CBA7
87K,O,D96A94B0ED4E873A
87K,O,66E32661C4298EEF
87K,O,664BAA2EA12B80B1
87K,O,EC5018363D5C45EB
87K,O,41E806B7927291BE
87K,O,2B7E8054D4A2CBA7
87K,O,D96A94B0ED4E873A
87K,O,66E32661C4298EEF
87K,O,664BAA2EA12B80B1
87K,O,EC5018363D5C45EB
87K,O,D4D322BE3E5B2A4B
87K,O,E27820FF0AF73D52
87K,O,A384FBA637A1EBC5
87K,O,857F6F958A96DCDB
87K,O,B31E6B9D8E5B4493
87K,O,180DC2E520E7A4D0
87K,O,1E04D9D97DE148C2
87K,O,507E8F5167002BC5
87K,O,0C81107C4ABFCD56
87P,O,E8D23F35593FD471
87P,O,3C61E9226688CA79
87P,O,7A550F91E3171941
87P,O,2B7E8054D4A2CBA7
87R,O,0A3466DCC6F4196C
87R,O,91481C9100917BA7
87R,O,40829C12642639D4
87R,O,16A7F2C343AA6DE6
87R,O,4B0E21EDF07F9C83
87R,O,1CF4AE2F7045B848
87R,O,CB667DC000F66D40
87R,O,5E073AD8BC9F2AC8
87R,O,B31E6B9D8E5B4493
87R,O,3A450B5AD5AF1605
87R,O,5E082FCF5C58328C
87R,O,4B5F39DBC6671C81
87R,O,4CC126E0B1E42F14
87R,O,A90443FD0C19C4B1
87R,O,9AD30F8EDBC3F139
87S,O,548DB838B4673D93
87S,O,0209A3C455B1DBE9
87S,O,507E8F5167002BC5
87S,O,A235DF28053F60FE
87S,O,761CDB62DC025007
87S,O,5E082FCF5C58328C
87S,O,E2602DD1C8EA1AC8
87S,O,EC5018363D5C45EB
87S,I,507E8F5167002BC5
87S,I,A235DF28053F60FE
87S,I,761CDB62DC025007
87S,I,5E082FCF5C58328C
87S,I,E2602DD1C8EA1AC8
87S,I,548DB838B4673D93
87S,I,0209A3C455B1DBE9
87S,I,507E8F5167002BC5
88,O,6BBF595BBAD1DB2E
88,O,6F106FD26B684372
88,O,D83C4CC1305E35E9
88,O,1FBAAE29AF1CA50E
88,O,466BC4C1908A1A06
88,O,81783E042C83CEC3
88,O,D9563FD5B8CB0CEF
88,O,6410DDEFBBD17426
88,O,A6A1C99BF11EE56C
88,O,DA64153E866AEEE4
88,O,58611212645F0AB1
88,O,F6703708A375C67E
88,O,AB194503D9CC9465
88,O,7BFC2AE979358DA7
88,O,2E6DB54618C13048
88,O,6953AEF8B3921959
88,O,13811ABFB6AF170A
88,O,F608A74B860B3C47
88,O,9E28FDE5126284C1
88,O,1276AEF95F6564A2
88,O,62E74F8E7357BC2D
88,I,62E74F8E7357BC2D
88,I,A3647D99DA65BA96
88,I,D8D895494ECD7DDC
88,I,4C19E0623146E4F9
88,I,3523AA15D7F22A3F
88,I,B9270C10E51D95F4
88,I,19521C0A1CA93C52
88,I,72936E1AD7A19462
88,I,30D564180B68ECA8
88,I,2EFDB1EADF5955E6
88,I,E7116B44D9E9393A
88,I,29740CCBBD82FC33
88,I,7AEA492D148C9ECD
88,I,7349A9FC61580972
88,I,EC1E1868D370F3D9
88,I,51657C54B75A5304
88,I,4A91A327C9FC745E
88,I,39AB774DC35311C0
88,I,93084A14AE624C6F
88,I,D17050E8964504BB
88,I,04DDF4F7F1C74876
88,I,6BBF595BBAD1DB2E
88K,O,BC139F292AC087EA
88K,O,715C285A167B88DD
88K,O,FF9F7715ECEDAC41
88K,O,8775AFC1C836C39F
88K,O,AAECA769A84E2372
88K,O,A88D8F59960E3B4C
88K,O,A3647D99DA65BA96
88K,O,AF61AE97990B5C08
88K,O,4C19E0623146E4F9
88K,O,3523AA15D7F22A3F
88K,O,5B83FA1E5DE547E6
88K,O,D137ADD65D333E0B
88K,O,142BE7225B0BB745
88K,O,AFC5E64568DBB2D5
88K,O,7E6C7136D5C27AD1
88K,O,54EE9702C289DDAC
88K,O,464CFC70CF3895AD
88K,O,16B97B5AA485EE6A
88K,I,16B97B5AA485EE6A
88K,I,85B5527608A0F8A0
88K,I,12DE49878E7A4ED1
88K,I,7421C8745B4EDF25
88K,I,8EFA13840D1272E8
88K,I,05EE261A65F9B7ED
88K,I,F608A74B860B3C47
88K,I,9E28FDE5126284C1
88K,I,1276AEF95F6564A2
88K,I,14C3BF43DC0878D1
88K,I,BAE4DA32E5043726
88K,I,95C43FF4684FCADA
88K,I,A28C2F29B58A2E9A
88K,I,BA9F2C58E03A38F0
88K,I,1090DE5141A16845
88K,I,BC139F292AC087EA
88X,O,E9B13F8E482054DC
88X,O,A0BB7387E8F22C49
88X,O,1772336D72B10178
88X,O,A5A562A569DAF738
88X,O,C458B4A40BFCC4FF
88X,O,D92BEED0C736EF59
88X,O,9E3D2E34F849E298
88X,O,FCFE5157EBD8042B
88X,O,19521C0A1CA93C52
88X,O,72936E1AD7A19462
88X,O,30D564180B68ECA8
88X,O,C84DC1927320A4AD
88X,O,CB4BB0008A87E4FC
88X,O,40FF132FB8E77051
88X,O,B08CA4B3CDCF142A
88X,O,CF18D17DE7B40350
88X,O,736E84A8060D2AB9
88X,O,CB4B52222877C32F
88X,O,6B9496267BEFF02A
88X,O,B9D7AE7CB0C56556
88X,O,DA29C9192B8D12DC
88X,O,23727783D2D3E994
88X,O,EF17FDCDDF170D38
88X,O,FDB7C76323B22686
88X,O,E9B13F8E482054DC
88X,O,A0BB7387E8F22C49
88X,O,1772336D72B10178
88X,O,A5A562A569DAF738
88X,O,C458B4A40BFCC4FF
88X,O,D92BEED0C736EF59
88X,O,9E3D2E34F849E298
88X,O,FCFE5157EBD8042B
88X,O,19521C0A1CA93C52
88X,O,72936E1AD7A19462
88X,O,30D564180B68ECA8
88X,O,4BD5CE5106BB0697
88X,O,598F766175BE3EF3
88X,O,0644E10571B8CA12
88X,O,144E9479168069DD
88X,O,C84DC1927320A4AD
88X,O,CB4BB0008A87E4FC
88X,O,40FF132FB8E77051
88X,O,B08CA4B3CDCF142A
88X,O,CF18D17DE7B40350
88X,O,736E84A8060D2AB9
88X,O,CB4B52222877C32F
88X,O,6B9496267BEFF02A
88X,O,B9D7AE7CB0C56556
88X,O,DA29C9192B8D12DC
88X,O,23727783D2D3E994
88X,O,EF17FDCDDF170D38
88X,O,FDB7C76323B22686
88X,I,FDB7C76323B22686
88X,I,80C801672D7D560D
88X,I,1472CA699A47EE46
88X,I,3144CE950CE29C80
88X,I,543FD8B6C65D1C4C
88X,I,316BB2C947568585
88X,I,3E862B92873F5811
88X,I,57A0D4D6D4D57497
88X,I,0F9D050D4229C0F7
88X,I,19171A194D7507D5
88X,I,F60CC440E22B0BD9
88X,I,3C6DAB7267F9E54F
88X,I,73E85E88E124EF2C
88X,I,3221A3FF8CA898FF
88X,I,0ACB63B00DEE1B37
88X,I,CEA9610F9443BD8D
88X,I,50C432C497A20C1C
88X,I,91AED9CBCE81500D
88X,I,7BFC2AE979358DA7
88X,I,2E6DB54618C13048
88X,I,6953AEF8B3921959
88X,I,99B9CAA698C36C5E
88X,I,437D60C455A624E6
88X,I,A23337DAF4A8B168
88X,I,72EE8A033E4260A3
88X,I,61A21B70C10E9722
88X,I,9056734C713A7A14
88X,I,DEAC83FBE72FE09C
88X,I,E9B13F8E482054DC
88X,I,FDB7C76323B22686
88X,I,80C801672D7D560D
88X,I,1472CA699A47EE46
88X,I,3144CE950CE29C80
88X,I,543FD8B6C65D1C4C
88X,I,316BB2C947568585
88X,I,3E862B92873F5811
88X,I,57A0D4D6D4D57497
88X,I,0F9D050D4229C0F7
88X,I,19171A194D7507D5
88X,I,F60CC440E22B0BD9
88X,I,3C6DAB7267F9E54F
88X,I,73E85E88E124EF2C
88X,I,FF6E49051D6D9A8C
88X,I,7BFC2AE979358DA7
88X,I,2E6DB54618C13048
88X,I,6953AEF8B3921959
88X,I,99B9CAA698C36C5E
88X,I,437D60C455A624E6
88X,I,A23337DAF4A8B168
88X,I,72EE8A033E4260A3
88X,I,61A21B70C10E9722
88X,I,9056734C713A7A14
88X,I,DEAC83FBE72FE09C
88X,I,E9B13F8E482054DC
89,O,588AC7E77A3E3DB6
89,O,9E3D2E34F849E298
89,O,EDE0D474E9C40EC2
89,O,024D478CE8AC52F3
89,O,613ED01D077362A9
89,O,A432A047D1B0DD62
89,O,E34E3D48842C9B66
89,O,326199D24220A42B
89,O,C847B9021C407731
89,O,38330C642568FE3F
89,O,A15FFC3149FB92A0
89,O,9DE875FD17C67097
89,O,68B207DDC9A182AB
89,O,830588EB9A8D26EC
89,O,5358062C769CEC05
89,O,3CE7B5D1EBF9C5F7
89,O,750ADEB14D018CF7
89,O,49229D04FCA51B61
89,O,CED060CB0E89E2B3
89,O,71B7CB659DF54E28
89,I,71B7CB659DF54E28
89,I,DE925628D8747F6D
89,I,073C44CE5FF431BC
89,I,8E9B6657E38443D6
89,I,5A95921B376A97CB
89,I,84BACA14B0C50790
89,I,7FF51CFDFA30964A
89,I,34DCAF51F6056BB6
89,I,9C884013EBA1D548
89,I,AB194503D9CC9465
89,I,E47CD422B33E5BE7
89,I,99440967B8390837
89,I,BE4DB8D578A94BEF
89,I,33D8E30DCBD27040
89,I,EFED59E880B693F5
89,I,45D0CFA28B3FEFE5
89,I,B0D6494AF630229A
89,I,B6B1AB47AB07887F
89,I,CCC5BAA6257BBDAA
89,I,B9270C10E51D95F4
89,I,D507B4722D750F5A
89,I,588AC7E77A3E3DB6
89B,O,C1A67D37CF256C9E
89B,O,5E75DC46C55ED246
89B,O,EDAB79ED9FA32D91
89B,O,45001DA558E03CF0
89B,O,4F25915A4BF459F9
89B,O,FDA52ED538BDD5E4
89B,O,C7C1C12D89968698
89B,O,326199D24220A42B
89B,O,C847B9021C407731
89B,O,38330C642568FE3F
89B,O,A15FFC3149FB92A0
89B,O,5D1E6432755E4F5F
89B,O,3BB1407BA61E0A9B
89B,O,23AF5995FEBCA8E6
89B,O,830588EB9A8D26EC
89B,O,099263A4B4AAEDFB
89B,I,099263A4B4AAEDFB
89B,I,34DCAF51F6056BB6
89B,I,9C884013EBA1D548
89B,I,18F3C20116BFE83D
89B,I,17EC583ACAB167BE
89B,I,E47CD422B33E5BE7
89B,I,99440967B8390837
89B,I,BE4DB8D578A94BEF
89B,I,33D8E30DCBD27040
89B,I,B8E2647E9C5019C9
89B,I,B11E10F012C57433
89B,I,A66159E033DDEA04
89B,I,C92E80A5D7E0E8EC
89B,I,52B02EAC7AAB23C1
89B,I,3F6F5DC1DDA5F68E
89B,I,6CDAC4513AD44DB7
89B,I,C1A67D37CF256C9E
89C,O,FA01BA1CA14120E3
89C,O,6F5592E4FF8A35E8
89C,O,76A5F0AF87C0AA2C
89C,O,8C52C44C69CEEA51
89C,O,9E87D9D0191DACE9
89C,O,96012665619E0B98
89C,O,C234CA2FB1299922
89C,O,F456DF523BCC5C21
89C,O,F508350699744D24
89C,O,4A3D71FFAB41B756
89C,O,A78292AA77A277A7
89C,O,9E03B65B407F925A
89C,O,A295FD27A4E5A7C5
89C,O,C43782B93826F4CD
89C,O,2223D64E9ED2E1A7
89C,O,30D564180B68ECA8
89C,O,3BB1407BA61E0A9B
89C,O,23AF5995FEBCA8E6
89C,O,66B78B49B8E626C9
89C,O,D530D698BC181839
89C,O,4D3C6D74F6AE8C7D
89C,O,FCA3906F0282A3CE
89C,O,9627881F2180C5AB
89C,O,CED060CB0E89E2B3
89C,O,F9210821429F55B6
89C,O,12AF5B1935BB9735
89C,O,FA01BA1CA14120E3
89C,O,6F5592E4FF8A35E8
89C,O,76A5F0AF87C0AA2C
89C,O,8C52C44C69CEEA51
89C,O,9E87D9D0191DACE9
89C,O,96012665619E0B98
89C,O,C234CA2FB1299922
89C,O,F456DF523BCC5C21
89C,O,F508350699744D24
89C,O,4A3D71FFAB41B756
89C,O,A78292AA77A277A7
89C,O,30D564180B68ECA8
89C,O,66B78B49B8E626C9
89C,O,D530D698BC181839
89C,O,4D3C6D74F6AE8C7D
89C,O,FCA3906F0282A3CE
89C,O,9627881F2180C5AB
89C,O,CED060CB0E89E2B3
89C,O,F9210821429F55B6
89C,O,12AF5B1935BB9735
89C,I,12AF5B1935BB9735
89C,I,3673A01280621EC2
89C,I,3558FA1D8DCF1F12
89C,I,FAAD25334A972923
89C,I,3221A3FF8CA898FF
89C,I,0ACB63B00DEE1B37
89C,I,E21A497AF62AF38F
89C,I,CEA9610F9443BD8D
89C,I,50C432C497A20C1C
89C,I,91AED9CBCE81500D
89C,I,31B93EAF018D6956
89C,I,E7A8D18CC7046843
89C,I,7BFC2AE979358DA7
89C,I,02CF8D1FE31E9A09
89C,I,B8E228521E55C7C5
89C,I,8ECFB7DFFC0023DA
89C,I,33A4BFE372C06BA8
89C,I,B8BBCCA288E1F862
89C,I,9EAC85DD5495DB6F
89C,I,11A1533C3B63F3E4
89C,I,1BD5318E1C647F83
89C,I,651489E8C0A626A1
89C,I,6B46C7E695EF21CF
89C,I,F489213E82621D3F
89C,I,31DA09E74ABD87CD
89C,I,53451B51DC815C50
89C,I,7A550F91E3171941
89C,I,FA01BA1CA14120E3
89D,O,541FF05FA053F2B5
89D,O,8337F935242C5CC3
89D,O,6BD93B827893E41E
89D,O,3C61E9226688CA79
89D,O,7333653B0F4B71BD
89D,O,76E8D8C73E0B8096
89D,O,2F163186FB995E0B
89D,O,714F28F2DEB4EB4F
89D,O,2021D186A889FA2E
89D,O,763D73BAB7E2A1AE
89D,O,4A3D71FFAB41B756
89D,O,A78292AA77A277A7
89D,O,30D564180B68ECA8
89D,O,279C78D8C04A83BB
89D,O,BA03816A38B9DA7F
89D,O,D0F8772D043C207E
89D,O,BE36EF30B86ADD1D
89D,O,598F766175BE3EF3
89D,O,38B86AC474D1060D
89D,O,EB177E95B39626AE
89D,O,5AAC6A858427D04E
89D,O,F36C1B3AC57D96FA
89D,O,81969BBB9A9F321A
89D,I,81969BBB9A9F321A
89D,I,5B04604E989BBDF0
89D,I,8C67C373BC19EDF5
89D,I,0ACB63B00DEE1B37
89D,I,E21A497AF62AF38F
89D,I,CEA9610F9443BD8D
89D,I,50C432C497A20C1C
89D,I,91AED9CBCE81500D
89D,I,31B93EAF018D6956
89D,I,E7A8D18CC7046843
89D,I,C57C924EEB5463E5
89D,I,16A7F2C343AA6DE6
89D,I,4B0E21EDF07F9C83
89D,I,1CF4AE2F7045B848
89D,I,E27820FF0AF73D52
89D,I,CB667DC000F66D40
89D,I,857F6F958A96DCDB
89D,I,180DC2E520E7A4D0
89D,I,1E04D9D97DE148C2
89D,I,4B5F39DBC6671C81
89D,I,4CC126E0B1E42F14
89D,I,A90443FD0C19C4B1
89D,I,541FF05FA053F2B5
89D,I,81969BBB9A9F321A
89D,I,5B04604E989BBDF0
89D,I,8C67C373BC19EDF5
89D,I,0ACB63B00DEE1B37
89D,I,E21A497AF62AF38F
89D,I,CEA9610F9443BD8D
89D,I,50C432C497A20C1C
89D,I,91AED9CBCE81500D
89D,I,31B93EAF018D6956
89D,I,C57C924EEB5463E5
89D,I,16A7F2C343AA6DE6
89D,I,4B0E21EDF07F9C83
89D,I,1CF4AE2F7045B848
89D,I,E27820FF0AF73D52
89D,I,CB667DC000F66D40
89D,I,857F6F958A96DCDB
89D,I,180DC2E520E7A4D0
89D,I,1E04D9D97DE148C2
89D,I,4B5F39DBC6671C81
89D,I,4CC126E0B1E42F14
89D,I,A90443FD0C19C4B1
89D,I,541FF05FA053F2B5
89P,O,76E8D8C73E0B8096
89P,O,2F163186FB995E0B
89P,O,714F28F2DEB4EB4F
89P,O,763D73BAB7E2A1AE
89P,O,4A3D71FFAB41B756
89P,O,A78292AA77A277A7
89P,O,D0F8772D043C207E
89P,O,BE36EF30B86ADD1D
89P,O,598F766175BE3EF3
89P,O,38B86AC474D1060D
89P,O,EB177E95B39626AE
89P,O,5AAC6A858427D04E
89P,O,DA0947682FC19B0B
89P,O,714F28F2DEB4EB4F
89P,O,763D73BAB7E2A1AE
89P,O,4A3D71FFAB41B756
89P,O,A78292AA77A277A7
89P,O,D0F8772D043C207E
89P,O,BE36EF30B86ADD1D
89P,O,598F766175BE3EF3
89P,O,38B86AC474D1060D
89P,O,EB177E95B39626AE
89P,O,5AAC6A858427D04E
89P,O,DA0947682FC19B0B
89P,O,76E8D8C73E0B8096
89P,O,2F163186FB995E0B
89P,O,714F28F2DEB4EB4F
89P,O,D0F8772D043C207E
89P,O,BE36EF30B86ADD1D
89P,O,598F766175BE3EF3
89P,O,38B86AC474D1060D
89P,O,EB177E95B39626AE
89P,O,5AAC6A858427D04E
89P,O,DA0947682FC19B0B
89S,O,3229F37E6637B0ED
89S,O,808CA5FECCC6646D
89S,O,860026BE357B5462
89S,O,24E16716BBB7F2D0
89S,O,779954C17EAF3B95
89S,O,F8BB84BC801E4C85
89S,O,BC39BFC3C7BC3009
89S,O,2FABE52A66DF7482
89S,O,F0852C7827CC97EB
89S,O,7E3C2CA5ABEC8416
89S,O,51D13DDB8EBA98AF
89S,O,16A7F2C343AA6DE6
89S,O,4B0E21EDF07F9C83
89S,O,1CF4AE2F7045B848
89S,O,E27820FF0AF73D52
89S,O,880BE8598CB0CCE7
89S,O,CB667DC000F66D40
89S,O,857F6F958A96DCDB
89S,O,180DC2E520E7A4D0
89S,O,1E04D9D97DE148C2
89S,O,4B5F39DBC6671C81
89S,O,4CC126E0B1E42F14
89S,O,A90443FD0C19C4B1
89S,O,1E471172708B5C5D
89S,O,2479788748627B65
89S,O,7D54FE486D057070
89S,O,3229F37E6637B0ED
89S,O,808CA5FECCC6646D
89S,O,F8BB84BC801E4C85
89S,O,BC39BFC3C7BC3009
89S,O,2FABE52A66DF7482
89S,O,F0852C7827CC97EB
89S,O,7E3C2CA5ABEC8416
89S,O,51D13DDB8EBA98AF
89S,O,16A7F2C343AA6DE6
89S,O,4B0E21EDF07F9C83
89S,O,1CF4AE2F7045B848
89S,O,E27820FF0AF73D52
89S,O,880BE8598CB0CCE7
89S,O,CB667DC000F66D40
89S,O,857F6F958A96DCDB
89S,O,180DC2E520E7A4D0
89S,O,1E04D9D97DE148C2
89S,O,4B5F39DBC6671C81
89S,O,4CC126E0B1E42F14
89S,O,A90443FD0C19C4B1
89S,O,7D54FE486D057070
89S,I,7D54FE486D057070
89S,I,1E471172708B5C5D
89S,I,2479788748627B65
89S,I,8337F935242C5CC3
89S,I,0D4E07F475845DB3
89S,I,B071B60F5566934B
89S,I,7333653B0F4B71BD
89S,I,7E2611CD03F9450A
89S,I,2F163186FB995E0B
89S,I,7FD05121B0A4A750
89S,I,664BAA2EA12B80B1
89S,I,763D73BAB7E2A1AE
89S,I,4A3D71FFAB41B756
89S,I,A78292AA77A277A7
89S,I,69E4C417312C10C0
89S,I,C1E1199805BCC92D
89S,I,A0496DDDC41213FA
89S,I,260B43921BAFD8CB
89S,I,BCEEE192EF01C361
89S,I,3F01C915E856B018
89S,I,6282A73360ACEBEA
89S,I,8F78659628BA6795
89S,I,13BC4506ABF349C7
89S,I,0333C7A4008A8DE3
89S,I,ECB8FB3328B3E1F5
89S,I,3229F37E6637B0ED
89X,O,F3333DDE2FFE3AB4
89X,O,1AE43A670EACECB1
89X,O,C0D515CA78A56B65
89X,O,C305A8135A09C094
89X,O,C1E9F8237EDBBAD2
89X,O,61C66474FE527946
89X,O,4BFB5F2D496CDA56
89X,O,18B68D9237896791
89X,O,CB0585244877B9B9
89X,O,30D564180B68ECA8
89X,O,3BB1407BA61E0A9B
89X,O,23AF5995FEBCA8E6
89X,O,66B78B49B8E626C9
89X,O,6216EE509BD55B09
89X,O,4D3C6D74F6AE8C7D
89X,O,FCA3906F0282A3CE
89X,O,49229D04FCA51B61
89X,O,CED060CB0E89E2B3
89X,O,1AEB39A1738104D3
89X,I,1AEB39A1738104D3
89X,I,F9210821429F55B6
89X,I,DE925628D8747F6D
89X,I,073C44CE5FF431BC
89X,I,3221A3FF8CA898FF
89X,I,0ACB63B00DEE1B37
89X,I,9D0545E5BBF8027A
89X,I,CEA9610F9443BD8D
89X,I,50C432C497A20C1C
89X,I,91AED9CBCE81500D
89X,I,9C884013EBA1D548
89X,I,AB194503D9CC9465
89X,I,7BFC2AE979358DA7
89X,I,03A546A0953794FA
89X,I,8F78659628BA6795
89X,I,4D99E0E24AF289E9
89X,I,913C39C617BFCECA
89X,I,897A9E7D8CD62D44
89X,I,6AE1163C3BD93D0E
89X,I,548DAB3A4F71EB68
89X,I,D242CDB564D5CCA2
89X,I,99B9CAA698C36C5E
89X,I,F3333DDE2FFE3AB4
90,O,0035CDF15614428C
90,O,B8E228521E55C7C5
90,O,C305A8135A09C094
90,O,C1E9F8237EDBBAD2
90,O,7F068ADB0659F04E
90,O,779954C17EAF3B95
90,O,F8BB84BC801E4C85
90,O,BC39BFC3C7BC3009
90,O,2FABE52A66DF7482
90,O,A0496DDDC41213FA
90,O,7E3C2CA5ABEC8416
90,O,51D13DDB8EBA98AF
90,O,FFBEBD7068E01EA4
90,O,9ACC26CD04287102
90,O,711927A9FAEF1158
90,O,F09FF6C6349030C6
90,O,D13C7436B13B4A4B
90,O,EC9467FAB4EC7203
90,O,938667F4F953DFCA
90,I,938667F4F953DFCA
90,I,1EF9F54185151A2F
90,I,DF54B41AF7CE380C
90,I,094EACC936039B3F
90,I,20FDDA894D722F88
90,I,9762FC524B26C4A7
90,I,9961C7ED914E87DD
90,I,69E4C417312C10C0
90,I,C1E1199805BCC92D
90,I,A0496DDDC41213FA
90,I,BCEEE192EF01C361
90,I,3F01C915E856B018
90,I,6282A73360ACEBEA
90,I,52C1ADA57FFA7DD4
90,I,F4ABF71262D8C556
90,I,896D3C4F7F91E9C9
90,I,C6F406D78E5C515A
90,I,82F22BA7623AA4CB
90,I,0035CDF15614428C
91,O,8DDA1226E5C7F144
91,O,55950D2113A80E72
91,O,31C7E8E4A4626178
91,O,F7EE3594526686DB
91,O,80D6E715DA51CA02
91,O,225FBE9D52AD0ED2
91,O,2A62A6244F598604
91,O,0CF0429A4BEE8F4C
91,O,F937BECF8C53EEF3
91,O,EA5AF653CB5975F8
91,O,7BFE214AF3036D86
91,O,5B4EE863B18FED7D
91,O,8353D95EF9733231
91,O,1D7BC9F560C3B0CC
91,O,FDA55F46899FC5D0
91,O,B002CEF0DBC568F5
91,O,A79D111EB948F013
91,O,298847E9FCC94FD9
91,O,86DF43320DF0F596
91,O,36F2D783428B6307
91,O,EBA1C02EA9906C96
91,O,47B8E78BAB4FEB5D
91,O,0BE9DE9BA299E126
91,O,4D55F6240E2AAFB8
91,O,C58FCEE9339E5319
91,O,1EF5FAB9266BD6C8
91,O,5D77A5CBE41F2984
91,O,18F3C20116BFE83D
91,O,332F374B6CB17C57
91,O,AFB03B10416E2199
91,O,0B41334D66E94275
91,I,0B41334D66E94275
91,I,951CE3B3EB98BA3A
91,I,5169C5ACEA8B1746
91,I,2EFDB1EADF5955E6
91,I,29740CCBBD82FC33
91,I,7AEA492D148C9ECD
91,I,927CE95D5C98C195
91,I,7349A9FC61580972
91,I,B9F5BB33A96E53FF
91,I,ECD1295E23CF491B
91,I,8761A61C8F422D4D
91,I,6D582F3C571E5E9C
91,I,427116D2E76AFFFD
91,I,4568080E28FB1E56
91,I,DDC689F8C5161065
91,I,3592A0182BF020C7
91,I,D49A27F89957E305
91,I,FC2B17D98106B7DE
91,I,6F443E11ECDD00FC
91,I,676FE42A6114CBD0
91,I,8D916C77F69EAEB6
91,I,025FCDDC7D93897D
91,I,3F2DBF48C61352D1
91,I,252D756034B08C92
91,I,27A4114521E9F5DB
91,I,F6D514B8DB0C0393
91,I,D181B1FCDB28A3CF
91,I,F4A524D2DE46533E
91,I,15DFA51C845276FA
91,I,F75DD3F83B6CFF3F
91,I,FEA41B63452C8EED
91,I,5BB9967CA326670E
91,I,94F7FD9BB4292832
91,I,8DDA1226E5C7F144
91,I,5169C5ACEA8B1746
91,I,2EFDB1EADF5955E6
91,I,29740CCBBD82FC33
91,I,7AEA492D148C9ECD
91,I,927CE95D5C98C195
91,I,7349A9FC61580972
91,I,B9F5BB33A96E53FF
91,I,ECD1295E23CF491B
91,I,8761A61C8F422D4D
91,I,6D582F3C571E5E9C
91,I,427116D2E76AFFFD
91,I,4568080E28FB1E56
91,I,DDC689F8C5161065
91,I,3592A0182BF020C7
91,I,D49A27F89957E305
91,I,FC2B17D98106B7DE
91,I,6F443E11ECDD00FC
91,I,676FE42A6114CBD0
91,I,8D916C77F69EAEB6
91,I,025FCDDC7D93897D
91,I,3F2DBF48C61352D1
91,I,252D756034B08C92
91,I,27A4114521E9F5DB
91,I,F6D514B8DB0C0393
91,I,D181B1FCDB28A3CF
91,I,F4A524D2DE46533E
91,I,15DFA51C845276FA
91,I,F75DD3F83B6CFF3F
91,I,FEA41B63452C8EED
91,I,5BB9967CA326670E
91,I,94F7FD9BB4292832
91,I,8DDA1226E5C7F144
91B,O,29A07F043B4D5919
91B,O,9183F3104902B748
91B,O,68DF1DA183CDFCF2
91M,O,796CAA794D4DEBE8
91M,O,FC42DCBDC3AB0B6F
91M,O,22E2678081E88368
91M,O,7613538D58A9C452
91M,O,9B0382206D441221
91M,O,29A07F043B4D5919
91M,O,87CD68EAD90352E9
91M,O,78AE8E07840D1CF7
91M,O,5146FB43555E8310
91M,O,7297BDBB8A758AD5
91M,O,1D7BC9F560C3B0CC
91M,O,FDA55F46899FC5D0
91M,O,B002CEF0DBC568F5
91M,O,A79D111EB948F013
91M,O,298847E9FCC94FD9
91M,O,86DF43320DF0F596
91M,O,36F2D783428B6307
91M,O,EBA1C02EA9906C96
91M,O,47B8E78BAB4FEB5D
91M,O,0BE9DE9BA299E126
91M,O,4D55F6240E2AAFB8
91M,O,C58FCEE9339E5319
91M,O,1EF5FAB9266BD6C8
91M,O,5D77A5CBE41F2984
91M,O,18F3C20116BFE83D
91M,O,332F374B6CB17C57
91M,O,7ABFD50CAA98A9D1
91M,O,A0FDF34B2D278750
91M,O,53889000AA9C33E2
91M,I,53889000AA9C33E2
91M,I,4B9D547F0F450784
91M,I,49FAC55AF9CB8272
91M,I,5169C5ACEA8B1746
91M,I,2EFDB1EADF5955E6
91M,I,29740CCBBD82FC33
91M,I,7AEA492D148C9ECD
91M,I,927CE95D5C98C195
91M,I,7349A9FC61580972
91M,I,B9F5BB33A96E53FF
91M,I,ECD1295E23CF491B
91M,I,8761A61C8F422D4D
91M,I,6D582F3C571E5E9C
91M,I,427116D2E76AFFFD
91M,I,4568080E28FB1E56
91M,I,DDC689F8C5161065
91M,I,B3E60EE895DBBF06
91M,I,D49A27F89957E305
91M,I,FC2B17D98106B7DE
91M,I,511D1F0A4F2B25C0
91M,I,C9E33E7E7EDAA459
91M,I,5016E25156D72ADA
91M,I,10590D40479607E8
91M,I,7E5A9F7D64C12E4C
91M,I,ECD84D5B8C52642B
91M,I,1078119989C67B82
91M,I,4AF1A7C103D16636
91M,I,796CAA794D4DEBE8
91M,I,B3E60EE895DBBF06
91M,I,D49A27F89957E305
91M,I,FC2B17D98106B7DE
91M,I,511D1F0A4F2B25C0
91M,I,C9E33E7E7EDAA459
91M,I,5016E25156D72ADA
91M,I,10590D40479607E8
91M,I,7E5A9F7D64C12E4C
91M,I,ECD84D5B8C52642B
91M,I,1078119989C67B82
91M,I,4AF1A7C103D16636
91M,I,796CAA794D4DEBE8
91P,O,53889000AA9C33E2
91P,O,2EFDB1EADF5955E6
91P,O,29740CCBBD82FC33
91P,O,7349A9FC61580972
91P,O,B9F5BB33A96E53FF
91P,O,ECD1295E23CF491B
91P,O,8761A61C8F422D4D
91P,O,6D582F3C571E5E9C
91P,O,427116D2E76AFFFD
91P,O,4568080E28FB1E56
91P,O,DDC689F8C5161065
91P,O,C1AAFE0EB8BD89C7
91P,I,E9018F8A7E096544
91P,I,A79D111EB948F013
91P,I,298847E9FCC94FD9
91P,I,86DF43320DF0F596
91P,I,36F2D783428B6307
91P,I,EBA1C02EA9906C96
91P,I,47B8E78BAB4FEB5D
91P,I,0BE9DE9BA299E126
91P,I,4D55F6240E2AAFB8
91P,I,3BA9C90738A8600D
91P,I,5D77A5CBE41F2984
91R,O,440AEE375A242B6D
91R,O,55950D2113A80E72
91R,O,31C7E8E4A4626178
91R,O,F7EE3594526686DB
91R,O,80D6E715DA51CA02
91R,O,225FBE9D52AD0ED2
91R,O,2A62A6244F598604
91R,O,0CF0429A4BEE8F4C
91R,O,F937BECF8C53EEF3
91R,O,EA5AF653CB5975F8
91R,O,7BFE214AF3036D86
91R,O,5B4EE863B18FED7D
91R,O,8353D95EF9733231
91R,O,511D1F0A4F2B25C0
91R,O,C9E33E7E7EDAA459
91R,O,5016E25156D72ADA
91R,O,10590D40479607E8
91R,O,54FCA9F5D8F3587E
91R,O,711927A9FAEF1158
91R,O,F09FF6C6349030C6
91R,O,D13C7436B13B4A4B
91R,O,C37E7CF06680272D
91R,O,26F23B1B4A5AB703
91R,O,938667F4F953DFCA
91S,O,440AEE375A242B6D
91S,O,55950D2113A80E72
91S,O,31C7E8E4A4626178
91S,O,F7EE3594526686DB
91S,O,80D6E715DA51CA02
91S,O,225FBE9D52AD0ED2
91S,O,2A62A6244F598604
91S,O,0CF0429A4BEE8F4C
91S,O,F937BECF8C53EEF3
91S,O,EA5AF653CB5975F8
91S,O,7BFE214AF3036D86
91S,O,5B4EE863B18FED7D
91S,O,8353D95EF9733231
91S,O,511D1F0A4F2B25C0
91S,O,C9E33E7E7EDAA459
91S,O,76AA75F4BF183FB3
91S,O,9B0382206D441221
91S,O,0F283CD99F7295F3
91S,O,ECD84D5B8C52642B
91S,O,6A01E709D806A5D6
91S,O,E0BAA3364D0CE860
91S,O,CB341BEEABF66D6E
91S,O,3D40B78AACF268D7
91S,O,8BAB6AA783EE0508
92,O,F4CE5E8FCC1B2F59
92,O,60E02B7ACBBB80E8
92,O,3CF260D7083B411D
92,O,9458BE33A2B7B934
92,O,CB4F0A350A26D033
92,O,1741D103CB826E93
92,O,4823D6EFB3722E64
92,O,5089C69E080B7A43
92,O,1CEB9D13E7279ADA
92,O,23DC6B90DC9515D9
92,O,E4C26E79F0D6DC5E
92,O,0572B9F0B640DB10
92,O,F93E38FD194A9C6C
92,O,BE81792B3E788D41
92,O,E03DE379E28F63D8
92,O,B563C75938584FDA
92,O,86DF43320DF0F596
92,O,36F2D783428B6307
92,O,EBA1C02EA9906C96
92,O,47B8E78BAB4FEB5D
92,O,0BE9DE9BA299E126
92,O,4D55F6240E2AAFB8
92,O,C58FCEE9339E5319
92,O,1EF5FAB9266BD6C8
92,O,5D77A5CBE41F2984
92,O,18F3C20116BFE83D
92,O,332F374B6CB17C57
92,O,AFB03B10416E2199
92,O,10B8C166D8E60F65
92,O,F4CE5E8FCC1B2F59
92,O,60E02B7ACBBB80E8
92,O,5089C69E080B7A43
92,O,E4C26E79F0D6DC5E
92,O,5D77A5CBE41F2984
92,O,18F3C20116BFE83D
92,O,10B8C166D8E60F65
92,I,10B8C166D8E60F65
92,I,951CE3B3EB98BA3A
92,I,87825C8E4FE99CD8
92,I,38021D9E2840F8CC
92,I,942E95B4336BDFA7
92,I,7AEA492D148C9ECD
92,I,927CE95D5C98C195
92,I,7349A9FC61580972
92,I,B9F5BB33A96E53FF
92,I,ECD1295E23CF491B
92,I,8761A61C8F422D4D
92,I,6D582F3C571E5E9C
92,I,427116D2E76AFFFD
92,I,4568080E28FB1E56
92,I,7F958A00CD28D2AD
92,I,03134CEBBD692D21
92,I,914D0783CAF2B89A
92,I,A780214C3EB5640A
92,I,DA3DC3BE73A6CF8E
92,I,50C17CB06B7A0B2B
92,I,90AC6FE5BBD1428A
92,I,37A4437BB427891D
92,I,0E9E4997C2B89CA9
92,I,55550BED65A18A13
92,I,38D3C2983AC9D261
92,I,1B539DE1162FFA1D
92,I,745DA7ECAF6C9247
92,I,23B5C67999C778E0
92,I,F4CE5E8FCC1B2F59
92,I,10B8C166D8E60F65
92,I,38021D9E2840F8CC
92,I,4568080E28FB1E56
92,I,03134CEBBD692D21
92,I,A780214C3EB5640A
92,I,90AC6FE5BBD1428A
92,I,745DA7ECAF6C9247
92,I,23B5C67999C778E0
92,I,F4CE5E8FCC1B2F59
92R,O,7A79D102443D6822
92R,O,60E02B7ACBBB80E8
92R,O,5089C69E080B7A43
92R,O,E4C26E79F0D6DC5E
92R,O,47B8E78BAB4FEB5D
92R,O,5D77A5CBE41F2984
92R,O,C80FB453C9F53569
92R,O,67727D444E2EC42B
92R,O,C160C8F46BBBEF99
92R,O,C650BECDAF9D9EB0
92R,O,E507F6160447C129
92R,O,DCFF4041D0C0ACF8
92R,I,D7E4D53EF0B874EB
92R,I,5D75A800F823B45D
92R,I,FE4E099AEA040C89
92R,I,A57516D1C7B8B052
92R,I,33033960343A57A8
92R,I,20A7DAD5A8294964
92R,I,A0EFE3E68568F194
92R,I,138A71694F5A3451
92R,I,38021D9E2840F8CC
92R,I,8761A61C8F422D4D
92R,I,A780214C3EB5640A
92R,I,90AC6FE5BBD1428A
92R,I,745DA7ECAF6C9247
92R,I,23B5C67999C778E0
92R,I,F4CE5E8FCC1B2F59
93A,O,DCF1319E6136DDB1
93A,O,3B16EE96D0A7BA72
93A,O,C74927024F67EAD5
93A,O,D8CEF4232A0B7E4D
93A,O,3CEDAAAC5071EF7B
93A,O,4A84482F3A54E4CC
93A,O,5D034EAC6A8853A3
93A,O,70A7D4C9EDA6D50A
93A,O,EA2CFF27310EAEC3
93A,O,93084A14AE624C6F
93A,O,28A55D04DC72B1EA
93A,O,41E81A921D79F375
93A,O,04B6438688E12AC0
93A,O,073C44CE5FF431BC
93A,O,B5CB3F0D26BBBD03
93A,O,71E3EB7E709522C7
93A,O,2FCE924121B95FE8
93A,I,2FCE924121B95FE8
93A,I,D0F535009C53F787
93A,I,C8FD960431F7210C
93A,I,11EC0BEF4F8781A9
93A,I,D3FEF85E4DAEEE4E
93A,I,C3201264CC8E5C5D
93A,I,C8830886D41FB5FA
93A,I,D9ABBD996944C4D3
93A,I,D83C4CC1305E35E9
93A,I,1FBAAE29AF1CA50E
93A,I,03C3F537C41E4986
93A,I,2FFC93C766E566B5
93A,I,F5A61D37E2DDA9D8
93A,I,31079A9B244C679B
93A,I,ABC15E2110BF7A49
93A,I,BC66863007C0592B
93A,I,848CA90EB0DB1146
93A,I,7486D53F341F1AAC
93A,I,C73A03D6C468B767
93A,I,4AF1A7C103D16636
93A,I,DCF1319E6136DDB1
93K,O,C8DFFC6DB50F5F86
93K,O,B97A24623DDD2129
93K,O,9B90BAE383F14AD3
93K,O,E86C2ACAFC72D243
93K,O,5F1FC8AAD0B020D7
93K,O,4A84482F3A54E4CC
93K,O,5D034EAC6A8853A3
93K,O,70A7D4C9EDA6D50A
93K,O,AE0DC8745DFCA0FA
93K,O,25863CD2A364E72F
93K,O,3D40B78AACF268D7
93K,O,015AD27DAC83E698
93K,O,5E12682DB792D6DA
93K,O,60D0B9706B352D1C
93K,O,C2AA10A9751D3692
93K,O,EC757345195E6EAC
93K,O,427A1FF65094D4D0
93K,O,B4B94159F6B89A6B
93K,O,D1AAD1771F3FA9A0
93K,O,C80FB453C9F53569
93K,O,1C79BF0732EDBD9C
93K,O,225F00F550C301AE
93K,O,F5795A904B483F33
93K,O,57DFE7792042405B
93K,O,7CC8FC8889FF1596
93K,O,DF4F6B54816F5172
93K,O,EAF0EAB6E30425BA
93K,O,FABC0445FC1C04D7
93K,O,3A43E432D0588F79
93K,O,E6124D0EDF568E1E
93K,O,4EB50AEDC57BF889
93K,O,BDC22C0C76E16BD3
93K,I,BDC22C0C76E16BD3
93K,I,B5C14166D9D87535
93K,I,EA59A314ABB9386E
93K,I,F7CAA2D4FF9D61F7
93K,I,80E2DB8AC142F626
93K,I,E93113C9CA615B0C
93K,I,D48E82AC2961C581
93K,I,B0668BFF6178BA0B
93K,I,3CB94742E4B5E3E5
93K,I,33033960343A57A8
93K,I,E37FF663075361FE
93K,I,C9051FC04690CD7F
93K,I,1D093403B1F24DF7
93K,I,9C1D2401E1E06544
93K,I,47B6BE5FC95C2042
93K,I,20A7DAD5A8294964
93K,I,A0EFE3E68568F194
93K,I,A1C65E46464147A0
93K,I,75957EA713E84A37
93K,I,F60097D67F33DC0C
93K,I,D0F8772D043C207E
93K,I,E5E15C5F7F0344AB
93K,I,4D3C6D74F6AE8C7D
93K,I,3F9AE21DC3A540B9
93K,I,5FD7848A339751B6
93K,I,2A5B424322D35B0A
93K,I,ED8812E232F6958A
93K,I,1FBAAE29AF1CA50E
93K,I,03C3F537C41E4986
93K,I,2FFC93C766E566B5
93K,I,F5A61D37E2DDA9D8
93K,I,31079A9B244C679B
93K,I,ABC15E2110BF7A49
93K,I,BC66863007C0592B
93K,I,848CA90EB0DB1146
93K,I,7486D53F341F1AAC
93K,I,C73A03D6C468B767
93K,I,4AF1A7C103D16636
93K,I,C8DFFC6DB50F5F86
93M,O,938667F4F953DFCA
93M,O,1EF9F54185151A2F
93M,O,4E62491AA640A5EB
93M,O,3E8B459E94CD57E5
93M,O,D0B1FC246C384949
93M,O,3998A0C9E65D379B
93M,O,B64E0F355A9F4223
93M,O,9B90BAE383F14AD3
93M,O,E86C2ACAFC72D243
93M,O,68799FD9ECBF50B1
93M,O,4A84482F3A54E4CC
93M,O,5D034EAC6A8853A3
93M,O,70A7D4C9EDA6D50A
93M,O,39AB774DC35311C0
93M,O,25863CD2A364E72F
93M,O,F36C1B3AC57D96FA
93M,O,B1B0E08245C0FC15
93M,O,2E2AD8BFE00F9FAB
93M,O,3CB982FBC9E50AAA
93M,O,F85916921D80C45A
93M,O,1EF0671DB830C59D
93M,O,B7082198F517B1E8
93M,O,1FBAAE29AF1CA50E
93M,O,03C3F537C41E4986
93M,O,2FFC93C766E566B5
93M,O,F5A61D37E2DDA9D8
93M,O,31079A9B244C679B
93M,O,ABC15E2110BF7A49
93M,O,BC66863007C0592B
93M,O,848CA90EB0DB1146
93M,O,7486D53F341F1AAC
93M,O,C73A03D6C468B767
93M,O,4AF1A7C103D16636
93P,O,C8DFFC6DB50F5F86
93P,O,B97A24623DDD2129
93P,O,9B90BAE383F14AD3
93P,O,E86C2ACAFC72D243
93P,O,5F1FC8AAD0B020D7
93P,O,4A84482F3A54E4CC
93P,O,5D034EAC6A8853A3
93P,O,70A7D4C9EDA6D50A
93P,O,AE0DC8745DFCA0FA
93P,O,3C0AF6BA82588E2F
93P,O,F8DEE1D5F9A349AD
93P,O,6765DD696FA8BF8D
93P,O,0CA3C6C38D2F3F75
93P,O,FAF9EF8853A3B65E
93P,O,EDFC39232C98E301
93P,O,9D431DF484149B75
93P,O,3E54E8AF4083B065
93P,O,29ED2073D6C52B5A
93P,O,F90ED764C7A95649
93P,O,EAF0EAB6E30425BA
93P,O,FABC0445FC1C04D7
93P,O,3A43E432D0588F79
93P,O,E6124D0EDF568E1E
93P,O,5CA7841E84D52C8A
93P,O,22138E6C8051FDBD
93P,O,405DE12B9200AD9F
93P,O,145515B1D2C60CAF
93P,O,173B9ED2BF5D995C
93P,I,173B9ED2BF5D995C
93P,I,51288CE4C842111E
93P,I,B76B249D3D253008
93P,I,A7F35DC09E1A1528
93P,I,0F4DB224F8A8FF9C
93P,I,80E2DB8AC142F626
93P,I,E93113C9CA615B0C
93P,I,D48E82AC2961C581
93P,I,B0668BFF6178BA0B
93P,I,3CB94742E4B5E3E5
93P,I,33033960343A57A8
93P,I,416B7606A9A5FEEB
93P,I,C4AF473A49643363
93P,I,921C19F6147C74A6
93P,I,47C3597662B81B47
93P,I,7EF64469471FE344
93P,I,0A03521DFD20FEA9
93P,I,6882248B39345F28
93P,I,B809C24DC8C87767
93P,I,3BA4DBB4520188DF
93P,I,03C3F537C41E4986
93P,I,2FFC93C766E566B5
93P,I,F5A61D37E2DDA9D8
93P,I,31079A9B244C679B
93P,I,ABC15E2110BF7A49
93P,I,BC66863007C0592B
93P,I,848CA90EB0DB1146
93P,I,7486D53F341F1AAC
93P,I,C73A03D6C468B767
93P,I,4AF1A7C103D16636
93P,I,C8DFFC6DB50F5F86
94,O,3205DE941791278B
94,O,1040AA766D0DB84C
94,O,BFC0A1921CA33C81
94,O,A64F6538E1268CC3
94,O,306DC39C5CBB92C0
94,O,B80A79B7912E6D09
94,O,6805F8627A766EF8
94,O,C766BAF78DB22FAF
94,O,B55F9DEA23CBB199
94,O,E9AA1B6995F25F52
94,O,95CD775905DD716E
94,O,2219232721C0C943
94,O,E76FB4990070588B
94,O,426AA29947520120
94,O,81C7BD9D6BD4D8DE
94,O,5C57D7225C2FB032
94,O,4FF96DAA5FCBE1B6
94,O,B8D8C35525C57762
94,O,B959226950B0DEA7
94,O,81C38CE0FA77CBCF
94,O,C7548A3C37ADC1AA
94,O,7BA7AF0DB4924B4E
94,O,A8526F930120F94A
94,O,D4D5DDEE7B735D83
94,O,23B5C67999C778E0
94,O,2876907DEE816C98
94,I,2876907DEE816C98
94,I,F85F7F6FEB0812B5
94,I,819825E8F8264727
94,I,499689237498878B
94,I,B2F4485FA517FEED
94,I,75358B7A7E41D54F
94,I,1AC99205549D9CA4
94,I,ECD8A10AED25716B
94,I,8A3D0A578A596A45
94,I,9613EF6328D55165
94,I,D77E7D97EC99B790
94,I,F05A07492FBBAB3F
94,I,669C12C26A3CFFB4
94,I,BBD78E81CC1B113E
94,I,91A28A7727443F66
94,I,0C26CF86A5A5F25A
94,I,283974C155DD05B8
94,I,0A5D47D2E5823024
94,I,5121D0898DB67DCE
94,I,F9BB905E5D2421BA
94,I,8A016979FDDCE501
94,I,2D6EFC20FC4DE105
94,I,7263D9DB43BD3332
94,I,57A4742358B804D4
94,I,F2ADAE66B5249736
94,I,3205DE941791278B
95,O,E15A06305804D0AA
95,O,A5B328EAF882C44B
95,O,4A84482F3A54E4CC
95,O,70A7D4C9EDA6D50A
95,O,AE0DC8745DFCA0FA
95,O,93084A14AE624C6F
95,O,D17050E8964504BB
95,O,04DDF4F7F1C74876
95,O,D6F16850DA906373
95,O,2BB6115BF9346B34
95,O,6765DD696FA8BF8D
95,O,BA68A40274B99650
95,O,3BA9C90738A8600D
95,O,29B66F2353388E18
95,O,917DF4AF0ED7B258
95,O,92540DF9CB08304C
95,O,442D6A78E1015EAE
95,O,17EB4B9A9DE2FAF6
95,O,BAA5C48341F400C8
95,O,401EAF24B736C5B6
95,O,904DEAF7441E3BB8
95,O,3161D898CD89AA38
95,O,9DBBC71CB1578A87
95,O,312CD2A987AA2773
95,O,40E8A4AA35AEB18A
95,O,60F1DDDCB555E319
95,O,65B934D14EA190F1
95,O,6F5585807DB07812
95,O,68D0BC0C7164F763
95,O,7BE18698D0E8FDCE
95,O,8748720365CEA134
95,O,25B94D808EC232D8
95,O,2F165341B07CBDB9
95,O,FD1B403FD4EC3E8D
95,O,DD161A7AB0D39192
95,O,FB9FA7AAA17E9E9D
95,O,3BEDF164D4714445
95,I,3BEDF164D4714445
95,I,31072508CEF942C6
95,I,450A96AF1DA8E41C
95,I,C91C122CFC3FF66B
95,I,0E9F8B5A3734D9CE
95,I,FABC0445FC1C04D7
95,I,3A43E432D0588F79
95,I,258EDF9D3C3FD200
95,I,4884DCF89AD7BA6A
95,I,A72D15160CC3AF31
95,I,83CAC07FF3CA1BDA
95,I,B0DDF2CD704116C8
95,I,6C1DEF32B8CB92C4
95,I,6965D1D655C2DD5F
95,I,20A7DAD5A8294964
95,I,A0EFE3E68568F194
95,I,7EC2A04EAD230873
95,I,D887822D673804CA
95,I,E7116B44D9E9393A
95,I,29740CCBBD82FC33
95,I,B932B24E7F3C5677
95,I,A0AB9A2B2D648FF5
95,I,F1B974EDD8C15DBC
95,I,BBBDC092F96C0A41
95,I,4A14A012710E80B1
95,I,25D24692B2A312FB
95,I,6F106FD26B684372
95,I,D83C4CC1305E35E9
95,I,1FBAAE29AF1CA50E
95,I,03C3F537C41E4986
95,I,2FFC93C766E566B5
95,I,F5A61D37E2DDA9D8
95,I,31079A9B244C679B
95,I,ABC15E2110BF7A49
95,I,E15A06305804D0AA
95M,O,2973FA26FC035FE7
95M,O,A5B328EAF882C44B
95M,O,4A84482F3A54E4CC
95M,O,70A7D4C9EDA6D50A
95M,O,EA2CFF27310EAEC3
95M,O,3C0AF6BA82588E2F
95M,O,F8DEE1D5F9A349AD
95M,O,6765DD696FA8BF8D
95M,O,DD5B5646768C5F09
95M,O,6CF34EF02CDBE26B
95M,O,073C44CE5FF431BC
95M,O,42B4DEF46BB30887
95M,O,00A529823BEBABA7
95M,I,00A529823BEBABA7
95M,I,5FD7848A339751B6
95M,I,072046BF00257739
95M,I,BFF2560B1C1687B2
95M,I,6882248B39345F28
95M,I,B809C24DC8C87767
95M,I,3BA4DBB4520188DF
95M,I,03C3F537C41E4986
95M,I,2FFC93C766E566B5
95M,I,F5A61D37E2DDA9D8
95M,I,31079A9B244C679B
95M,I,ABC15E2110BF7A49
95M,I,2973FA26FC035FE7
96,O,D4D418BAEAC719B0
96,O,ABC15E2110BF7A49
96,O,932D83E09BF6ADE6
96,O,848CA90EB0DB1146
96,O,7486D53F341F1AAC
96,O,FC42DCBDC3AB0B6F
96,O,22E2678081E88368
96,O,7613538D58A9C452
96,O,9B0382206D441221
96,O,54FCA9F5D8F3587E
96,O,711927A9FAEF1158
96,O,C9EA7B56F1197D16
96,O,B6159AAFFD30E234
96,O,0E8140AF4317BDAE
96,O,81C1875EBC7FD3E4
96,O,FDB6E3CC223991D1
96,O,9274EF6791CA3ED8
96,O,739A5DDE0CF1970C
96,O,9E95343C77BB85E2
96,O,2D1A8946EF054FC9
96,O,DADEC4FDAD7C58B3
96,O,E8F5E085BAEFE100
96,O,79FD1B44D37205B8
96,O,369A5601F8A63B5E
96,O,A339426A8F633D63
96,O,E94AD3FBEF23A842
96,O,AF04BB6F5FFF4C45
96,O,FB5500F0D32629B2
96,O,55D37B4406A049FB
96,O,0A8E2BA2F75E472E
96,O,18E4449F4C5CE30B
96,O,E796B592A3D045F0
96,O,F9C14690633CE7E0
96,O,7BCFD79F22F60457
96,O,32C1F605CAAD7861
96,O,DAC33107054B9FED
96,O,51D8A415C1DDEB54
96,O,4705F639E370A9AD
96,O,CAB927254C5D8892
96,O,3D8A0FB3051B32EC
96,O,B6159AAFFD30E234
96,O,0E8140AF4317BDAE
96,O,81C1875EBC7FD3E4
96,O,FDB6E3CC223991D1
96,O,9274EF6791CA3ED8
96,O,739A5DDE0CF1970C
96,O,9E95343C77BB85E2
96,O,2D1A8946EF054FC9
96,O,DADEC4FDAD7C58B3
96,O,E8F5E085BAEFE100
96,O,79FD1B44D37205B8
96,O,369A5601F8A63B5E
96,O,A339426A8F633D63
96,O,E94AD3FBEF23A842
96,O,AF04BB6F5FFF4C45
96,O,FB5500F0D32629B2
96,O,55D37B4406A049FB
96,O,0A8E2BA2F75E472E
96,O,18E4449F4C5CE30B
96,O,E796B592A3D045F0
96,O,F9C14690633CE7E0
96,O,7BCFD79F22F60457
96,O,32C1F605CAAD7861
96,O,DAC33107054B9FED
96,O,51D8A415C1DDEB54
96,O,4705F639E370A9AD
96,O,CAB927254C5D8892
96,O,3D8A0FB3051B32EC
96,I,D56873352ED40E14
96,I,BB33B8049C297ADD
96,I,298C08C4E1D1E7BF
96,I,507DA53C608E13A0
96,I,916501787D3948F1
96,I,4197D80D370042C2
96,I,6E1E84A8BAF508AC
96,I,DB241439B4E2785A
96,I,378DA3C43904CFF9
96,I,9FBD2D7974A0AB50
96,I,B09912B0547243D2
96,I,512C07C3D131AB5A
96,I,597CE200C2824BEE
96,I,7AC279608B65128C
96,I,403CF34C7A6517DF
96,I,B8973475672F6202
96,I,74648B92E0E80E2E
96,I,261392BB77CC768D
96,I,07AB149DAD888683
96,I,3A7AC3A5F9530786
96,I,39E7051B17D302DA
96,I,1C6EAAF5F48167F9
96,I,1D1571E9D1588FBE
96,I,64101F297D3C1C55
96,I,5B39CC28607910E4
96,I,FFBEBD7068E01EA4
96,I,41E95E283D770EF7
96,I,F282012BBB2865E5
96,I,B550EC84B77440F8
96,I,20FDDA894D722F88
96,I,6C3F6AF77695CAE9
96,I,43C8B0C86DE8805D
96,I,ECD84D5B8C52642B
96,I,1078119989C67B82
96,I,3047EC57E5BC5FA6
96,I,544FDBB0FC074ABC
96,I,E86C2ACAFC72D243
96,I,3CEDAAAC5071EF7B
96,I,D4D418BAEAC719B0
96R,O,D7132C4D6287B688
96R,O,951CE3B3EB98BA3A
96R,O,87825C8E4FE99CD8
96R,O,38021D9E2840F8CC
96R,O,942E95B4336BDFA7
96R,O,7AEA492D148C9ECD
96R,O,B9F5BB33A96E53FF
96R,O,ECD1295E23CF491B
96R,O,8761A61C8F422D4D
96R,O,6D582F3C571E5E9C
96R,O,427116D2E76AFFFD
96R,O,4568080E28FB1E56
96R,O,7F958A00CD28D2AD
96R,O,03134CEBBD692D21
96R,O,914D0783CAF2B89A
96R,O,A780214C3EB5640A
96R,O,DA3DC3BE73A6CF8E
96R,O,50C17CB06B7A0B2B
96R,O,90AC6FE5BBD1428A
96R,O,37A4437BB427891D
96R,O,0E9E4997C2B89CA9
96R,O,55550BED65A18A13
96R,O,38D3C2983AC9D261
96R,O,1B539DE1162FFA1D
96R,O,745DA7ECAF6C9247
96R,O,23B5C67999C778E0
96R,O,2876907DEE816C98
96R,O,F85F7F6FEB0812B5
96R,O,819825E8F8264727
96R,O,499689237498878B
96R,O,B2F4485FA517FEED
96R,O,75358B7A7E41D54F
96R,O,1AC99205549D9CA4
96R,O,ECD8A10AED25716B
96R,O,8A3D0A578A596A45
96R,O,9613EF6328D55165
96R,O,D77E7D97EC99B790
96R,O,F05A07492FBBAB3F
96R,O,669C12C26A3CFFB4
96R,O,BBD78E81CC1B113E
96R,O,91A28A7727443F66
96R,O,0C26CF86A5A5F25A
96R,O,283974C155DD05B8
96R,O,0A5D47D2E5823024
96R,O,5121D0898DB67DCE
96R,O,F9BB905E5D2421BA
96R,O,8A016979FDDCE501
96R,O,2D6EFC20FC4DE105
96R,O,7263D9DB43BD3332
96R,O,57A4742358B804D4
96R,O,F2ADAE66B5249736
96R,O,A19AA44836C6FA32
96R,I,A19AA44836C6FA32
96R,I,1040AA766D0DB84C
96R,I,BFC0A1921CA33C81
96R,I,A64F6538E1268CC3
96R,I,306DC39C5CBB92C0
96R,I,B80A79B7912E6D09
96R,I,6805F8627A766EF8
96R,I,C766BAF78DB22FAF
96R,I,B55F9DEA23CBB199
96R,I,E9AA1B6995F25F52
96R,I,95CD775905DD716E
96R,I,2219232721C0C943
96R,I,E76FB4990070588B
96R,I,426AA29947520120
96R,I,81C7BD9D6BD4D8DE
96R,I,5C57D7225C2FB032
96R,I,4FF96DAA5FCBE1B6
96R,I,B8D8C35525C57762
96R,I,B959226950B0DEA7
96R,I,81C38CE0FA77CBCF
96R,I,C7548A3C37ADC1AA
96R,I,7BA7AF0DB4924B4E
96R,I,A8526F930120F94A
96R,I,D4D5DDEE7B735D83
96R,I,402CB32F11A4CC10
96R,I,60E02B7ACBBB80E8
96R,I,3CF260D7083B411D
96R,I,9458BE33A2B7B934
96R,I,CB4F0A350A26D033
96R,I,1741D103CB826E93
96R,I,4823D6EFB3722E64
96R,I,5089C69E080B7A43
96R,I,1CEB9D13E7279ADA
96R,I,23DC6B90DC9515D9
96R,I,E4C26E79F0D6DC5E
96R,I,0572B9F0B640DB10
96R,I,F93E38FD194A9C6C
96R,I,BE81792B3E788D41
96R,I,E03DE379E28F63D8
96R,I,B563C75938584FDA
96R,I,86DF43320DF0F596
96R,I,36F2D783428B6307
96R,I,EBA1C02EA9906C96
96R,I,47B8E78BAB4FEB5D
96R,I,0BE9DE9BA299E126
96R,I,4D55F6240E2AAFB8
96R,I,3BA9C90738A8600D
96R,I,5D77A5CBE41F2984
96R,I,18F3C20116BFE83D
96R,I,332F374B6CB17C57
96R,I,AFB03B10416E2199
96R,I,D7132C4D6287B688
97,O,91CD1740B6AC752B
97,O,8337F935242C5CC3
97,O,6BD93B827893E41E
97,O,3C61E9226688CA79
97,O,7333653B0F4B71BD
97,O,76E8D8C73E0B8096
97,O,2F163186FB995E0B
97,O,714F28F2DEB4EB4F
97,O,763D73BAB7E2A1AE
97,O,4A3D71FFAB41B756
97,O,A78292AA77A277A7
97,O,FFBEBD7068E01EA4
97,O,97D1981DE7ECBCE7
97,O,DF7F22DF4F8A9D11
97,O,7613538D58A9C452
97,O,336FF66D1F0AC4A0
97,O,43C8B0C86DE8805D
97,O,1078119989C67B82
97,O,3047EC57E5BC5FA6
97,O,544FDBB0FC074ABC
97,O,E86C2ACAFC72D243
97,O,68799FD9ECBF50B1
97,O,D4D418BAEAC719B0
97,I,D4D418BAEAC719B0
97,I,ABC15E2110BF7A49
97,I,932D83E09BF6ADE6
97,I,848CA90EB0DB1146
97,I,7486D53F341F1AAC
97,I,FC42DCBDC3AB0B6F
97,I,22E2678081E88368
97,I,9B0382206D441221
97,I,A332AF8FFAE8947D
97,I,ECD84D5B8C52642B
97,I,6A01E709D806A5D6
97,I,9762FC524B26C4A7
97,I,C57C924EEB5463E5
97,I,16A7F2C343AA6DE6
97,I,4B0E21EDF07F9C83
97,I,1CF4AE2F7045B848
97,I,CB667DC000F66D40
97,I,857F6F958A96DCDB
97,I,180DC2E520E7A4D0
97,I,1E04D9D97DE148C2
97,I,4B5F39DBC6671C81
97,I,4CC126E0B1E42F14
97,I,A90443FD0C19C4B1
97,I,91CD1740B6AC752B
98,O,91BFB3B5DA1A8B84
98,O,155312688CBEC518
98,O,ECF82695F45C45F4
98,O,171EF748C9B50837
98,O,55014014633B8CD4
98,O,07142A6203E50A47
98,O,E92E009DE3307F85
98,O,0A1D83D50B49933D
98,O,A9478A97C59FE581
98,O,E0BAA3364D0CE860
98,O,8BAB6AA783EE0508
98,O,C057639478BE0168
98,O,14CF94DF66FCD0C8
98,O,2A5B424322D35B0A
98,O,ED8812E232F6958A
98,O,97D1981DE7ECBCE7
98,O,4E7C1C7F6D191BCB
98,O,815BC43527FD9247
98,O,B3F2EC8E42FA3184
98,O,2307DECBF51E9D7F
98,O,13B87ED5725EE00D
98,O,4A195F954ACD67C5
98,O,91BFB3B5DA1A8B84
98,O,91BFB3B5DA1A8B84
98,O,155312688CBEC518
98,O,ECF82695F45C45F4
98,O,171EF748C9B50837
98,O,55014014633B8CD4
98,O,07142A6203E50A47
98,O,E92E009DE3307F85
98,O,0A1D83D50B49933D
98,O,A9478A97C59FE581
98,O,E0BAA3364D0CE860
98,O,8BAB6AA783EE0508
98,O,C057639478BE0168
98A,O,92BC52AEBC658E49
98A,O,9B0382206D441221
98A,O,5BE08E5DCD826740
98A,O,ECD84D5B8C52642B
98A,O,1078119989C67B82
98A,O,FCDC63F245F7F22B
98A,O,544FDBB0FC074ABC
98A,O,D8CEF4232A0B7E4D
98A,O,3CEDAAAC5071EF7B
98A,O,4A84482F3A54E4CC
98A,O,5D034EAC6A8853A3
98A,O,70A7D4C9EDA6D50A
98A,O,AE0DC8745DFCA0FA
98A,O,25863CD2A364E72F
98A,O,1E3A342DF7D5B8B5
98A,O,8BAB6AA783EE0508
98A,O,3F9AE21DC3A540B9
98A,O,5FD7848A339751B6
98A,O,36385EAEB9B9D091
98A,O,2A5B424322D35B0A
98A,O,ED8812E232F6958A
98A,O,1FBAAE29AF1CA50E
98A,O,03C3F537C41E4986
98A,O,2FFC93C766E566B5
98A,O,F5A61D37E2DDA9D8
98A,O,31079A9B244C679B
98A,O,ABC15E2110BF7A49
98A,O,BC66863007C0592B
98A,O,848CA90EB0DB1146
98A,O,7486D53F341F1AAC
98A,O,C73A03D6C468B767
98A,O,22E2678081E88368
98A,O,7613538D58A9C452
98A,O,336FF66D1F0AC4A0
98A,O,7E5A9F7D64C12E4C
98A,O,99A3DFDBDF41F0E9
98A,O,92BC52AEBC658E49
98A,O,3F9AE21DC3A540B9
98A,O,5FD7848A339751B6
98A,O,36385EAEB9B9D091
98A,O,2A5B424322D35B0A
98A,O,ED8812E232F6958A
98A,O,1FBAAE29AF1CA50E
98A,O,03C3F537C41E4986
98A,O,2FFC93C766E566B5
98A,O,F5A61D37E2DDA9D8
98A,O,31079A9B244C679B
98A,O,ABC15E2110BF7A49
98A,O,BC66863007C0592B
98A,O,848CA90EB0DB1146
98A,O,7486D53F341F1AAC
98A,O,C73A03D6C468B767
98A,O,22E2678081E88368
98A,O,7613538D58A9C452
98A,O,336FF66D1F0AC4A0
98A,O,7E5A9F7D64C12E4C
98A,O,99A3DFDBDF41F0E9
98A,O,92BC52AEBC658E49
98C,O,8E246EE4AB82C670
98C,O,92672FB7B8F1C0B1
98C,O,AF36CBF039B7CB03
98C,O,ECD84D5B8C52642B
98C,O,1078119989C67B82
98C,O,9DC52818C41A2A1B
98C,O,B8B58730D4D7304A
98C,O,D8CEF4232A0B7E4D
98C,O,5F1FC8AAD0B020D7
98C,O,4A84482F3A54E4CC
98C,O,70A7D4C9EDA6D50A
98C,O,AE0DC8745DFCA0FA
98C,O,824D0847BAAD9128
98C,O,4D9419874306D82F
98C,O,D625B0997C3DBCFE
98C,O,E9468D2AE13C3F39
98C,O,EC45A4372B661DDE
98C,O,D7EDDEA5A942843B
98C,O,A7F679945ED1DB31
98C,O,88DF3B36087267EB
98C,O,8C44D48B9BAAB774
98C,O,300D1812E3A085C3
98C,O,A5C65B0A68257CF1
98C,O,99256D08CF861BA5
98C,O,D0A763AFCDE36124
98C,O,E6ED785726AED4AE
98C,O,15FCDE0753176016
98C,O,098AF67CBBB9FBA9
98C,O,04FC6E130D4953F4
98C,O,EEBBD352B7F16E3F
98C,O,6188A6666E298598
98C,O,CBB9FC4A0C13979B
98C,I,CBB9FC4A0C13979B
98C,I,F01F8CF411A34AA7
98C,I,8EAD803DDD2C3BBA
98C,I,2035C91B61C6DFC0
98C,I,3A5C336CCB38A3FA
98C,I,789384E5DC5AF7A9
98C,I,0F4D809AED62F6E9
98C,I,833DE523F16B97C3
98C,I,A70DCB46EC98F43E
98C,I,7B98BAE3D93817AC
98C,I,F3540B3A1B36BBF5
98C,I,D01D18C6EB79F84B
98C,I,A72D15160CC3AF31
98C,I,83CAC07FF3CA1BDA
98C,I,B0DDF2CD704116C8
98C,I,6C1DEF32B8CB92C4
98C,I,6965D1D655C2DD5F
98C,I,20A7DAD5A8294964
98C,I,A0EFE3E68568F194
98C,I,1FBAAE29AF1CA50E
98C,I,03C3F537C41E4986
98C,I,2FFC93C766E566B5
98C,I,F5A61D37E2DDA9D8
98C,I,31079A9B244C679B
98C,I,ABC15E2110BF7A49
98C,I,BC66863007C0592B
98C,I,848CA90EB0DB1146
98C,I,7486D53F341F1AAC
98C,I,FC42DCBDC3AB0B6F
98C,I,22E2678081E88368
98C,I,7613538D58A9C452
98C,I,336FF66D1F0AC4A0
98C,I,D732B7AE560F7326
98C,I,99A3DFDBDF41F0E9
98C,I,8E246EE4AB82C670
98D,O,75E1777F474658CA
98D,O,76AA75F4BF183FB3
98D,O,AF2DB48410CC6EC3
98D,O,A332AF8FFAE8947D
98D,O,D5E1A3D34328F867
98D,O,1FAA805BF1635668
98D,O,B9DF2752D1309B49
98D,O,4D1A76F3B9785DFA
98D,O,AC7D60B1E5251638
98D,O,6AE5EC17DAE4E646
98D,O,883E42D32C6AD101
98D,O,9762FC524B26C4A7
98D,O,7A95C545D0393126
98D,O,5CCBD9A6B58BF20D
98D,O,A37F8CF766FCF9F3
98D,O,FE56DD70DEDE0395
98D,O,1DEB855D55528B03
98D,O,D2217D7746597D10
98D,O,0840B3F75A7B00BD
98D,O,C175ACB534E8C15C
98D,O,4139F73177AF267D
98D,O,E45CFAB2E6E4C8FE
98D,O,B390D5F9AC9CF57B
98D,O,75E1777F474658CA
98D,O,76AA75F4BF183FB3
98D,O,AF2DB48410CC6EC3
98D,O,A332AF8FFAE8947D
98D,O,D5E1A3D34328F867
98D,O,6A01E709D806A5D6
98D,O,9762FC524B26C4A7
98D,O,7A95C545D0393126
98D,O,5CCBD9A6B58BF20D
98D,O,A37F8CF766FCF9F3
98D,O,FE56DD70DEDE0395
98D,O,1DEB855D55528B03
98D,O,D2217D7746597D10
98D,O,0840B3F75A7B00BD
98D,O,C175ACB534E8C15C
98D,O,4139F73177AF267D
98D,O,E45CFAB2E6E4C8FE
98D,O,B390D5F9AC9CF57B
98D,O,FC56A42F8EF929FA
98D,O,B3F2EC8E42FA3184
98D,O,07142A6203E50A47
98D,O,E92E009DE3307F85
98D,O,A9478A97C59FE581
98D,O,76AA75F4BF183FB3
98D,O,AF2DB48410CC6EC3
98D,O,A332AF8FFAE8947D
98D,O,D5E1A3D34328F867
98D,O,6A01E709D806A5D6
98D,O,9762FC524B26C4A7
98D,O,7A95C545D0393126
98D,O,5CCBD9A6B58BF20D
98D,O,A37F8CF766FCF9F3
98D,O,FE56DD70DEDE0395
98D,O,1DEB855D55528B03
98D,O,D2217D7746597D10
98D,O,0840B3F75A7B00BD
98D,O,C175ACB534E8C15C
98D,O,4139F73177AF267D
98D,O,E45CFAB2E6E4C8FE
98D,O,B390D5F9AC9CF57B
98D,O,75E1777F474658CA
98D,O,76AA75F4BF183FB3
98D,O,D5E1A3D34328F867
98D,O,1FAA805BF1635668
98D,O,B9DF2752D1309B49
98D,O,4D1A76F3B9785DFA
98D,O,AC7D60B1E5251638
98D,O,6AE5EC17DAE4E646
98D,O,883E42D32C6AD101
98D,O,9762FC524B26C4A7
98D,O,7A95C545D0393126
98D,O,5CCBD9A6B58BF20D
98D,O,A37F8CF766FCF9F3
98D,O,FE56DD70DEDE0395
98D,O,1DEB855D55528B03
98D,O,D2217D7746597D10
98D,O,0840B3F75A7B00BD
98D,O,C175ACB534E8C15C
98D,O,4139F73177AF267D
98D,O,E45CFAB2E6E4C8FE
98D,O,B390D5F9AC9CF57B
98D,I,B390D5F9AC9CF57B
98D,I,BEEBDDB542A7E709
98D,I,48184733EFE9D3E3
98D,I,89D32777124F4039
98D,I,DAE7B6CB56131B50
98D,I,5419928D472EAD8D
98D,I,53E802F94BDF5048
98D,I,B0668BFF6178BA0B
98D,I,060241561E537FB5
98D,I,33033960343A57A8
98D,I,BE27F066CF40DF7D
98D,I,97D1981DE7ECBCE7
98D,I,3998A0C9E65D379B
98D,I,B64E0F355A9F4223
98D,I,FC42DCBDC3AB0B6F
98D,I,22E2678081E88368
98D,I,7613538D58A9C452
98D,I,336FF66D1F0AC4A0
98D,I,D732B7AE560F7326
98D,I,99A3DFDBDF41F0E9
98D,I,75E1777F474658CA
98E,O,8E246EE4AB82C670
98E,O,92672FB7B8F1C0B1
98E,O,AF36CBF039B7CB03
98E,O,ECD84D5B8C52642B
98E,O,1078119989C67B82
98E,O,9DC52818C41A2A1B
98E,O,B8B58730D4D7304A
98E,O,D8CEF4232A0B7E4D
98E,O,5F1FC8AAD0B020D7
98E,O,4A84482F3A54E4CC
98E,O,70A7D4C9EDA6D50A
98E,O,AE0DC8745DFCA0FA
98E,O,824D0847BAAD9128
98E,O,4D9419874306D82F
98E,O,55EE74AF2D1A7DAA
98E,O,F7CAA2D4FF9D61F7
98E,O,DEB8D7D95E7D528A
98E,O,4AF3A5BD16E5BA3F
98E,O,D3C41BB36EC805E0
98E,O,44C261864506654B
98E,O,098AF67CBBB9FBA9
98E,O,04FC6E130D4953F4
98E,O,EEBBD352B7F16E3F
98E,O,6188A6666E298598
98E,O,CBB9FC4A0C13979B
98E,I,CBB9FC4A0C13979B
98E,I,F01F8CF411A34AA7
98E,I,8EAD803DDD2C3BBA
98E,I,2035C91B61C6DFC0
98E,I,3A5C336CCB38A3FA
98E,I,789384E5DC5AF7A9
98E,I,0F4D809AED62F6E9
98E,I,833DE523F16B97C3
98E,I,6045969736940272
98E,I,F851B0B122F38CCC
98E,I,2FA93329F924968F
98E,I,20A7DAD5A8294964
98E,I,A0EFE3E68568F194
98E,I,1FBAAE29AF1CA50E
98E,I,03C3F537C41E4986
98E,I,2FFC93C766E566B5
98E,I,F5A61D37E2DDA9D8
98E,I,31079A9B244C679B
98E,I,ABC15E2110BF7A49
98E,I,BC66863007C0592B
98E,I,848CA90EB0DB1146
98E,I,7486D53F341F1AAC
98E,I,FC42DCBDC3AB0B6F
98E,I,22E2678081E88368
98E,I,7613538D58A9C452
98E,I,336FF66D1F0AC4A0
98E,I,D732B7AE560F7326
98E,I,99A3DFDBDF41F0E9
98E,I,8E246EE4AB82C670
98P,O,A5B328EAF882C44B
98P,O,ABC15E2110BF7A49
98P,O,932D83E09BF6ADE6
98P,O,848CA90EB0DB1146
98P,O,7486D53F341F1AAC
98P,O,C73A03D6C468B767
98P,O,FFFA7F14EBC1BB1E
98P,O,E56EB484337A34CB
98P,O,4D1A76F3B9785DFA
98P,O,AC7D60B1E5251638
98P,O,6AE5EC17DAE4E646
98P,O,883E42D32C6AD101
98P,O,9762FC524B26C4A7
98P,O,7A95C545D0393126
98P,O,5CCBD9A6B58BF20D
98P,O,A37F8CF766FCF9F3
98P,O,FE56DD70DEDE0395
98P,O,1DEB855D55528B03
98P,O,D2217D7746597D10
98P,O,0840B3F75A7B00BD
98P,O,C175ACB534E8C15C
98P,O,4139F73177AF267D
98P,O,E45CFAB2E6E4C8FE
98P,O,B390D5F9AC9CF57B
98P,I,B390D5F9AC9CF57B
98P,I,BEEBDDB542A7E709
98P,I,48184733EFE9D3E3
98P,I,89D32777124F4039
98P,I,DAE7B6CB56131B50
98P,I,5419928D472EAD8D
98P,I,53E802F94BDF5048
98P,I,B0668BFF6178BA0B
98P,I,060241561E537FB5
98P,I,33033960343A57A8
98P,I,BE27F066CF40DF7D
98P,I,1FBAAE29AF1CA50E
98P,I,03C3F537C41E4986
98P,I,2FFC93C766E566B5
98P,I,F5A61D37E2DDA9D8
98P,I,31079A9B244C679B
98P,I,ABC15E2110BF7A49
98P,I,932D83E09BF6ADE6
98P,I,848CA90EB0DB1146
98P,I,7486D53F341F1AAC
98P,I,FC42DCBDC3AB0B6F
98P,I,22E2678081E88368
98P,I,7613538D58A9C452
98P,I,336FF66D1F0AC4A0
98P,I,D732B7AE560F7326
98P,I,99A3DFDBDF41F0E9
98P,I,75E1777F474658CA
98R,O,0A3466DCC6F4196C
98R,O,1FBAAE29AF1CA50E
98R,O,03C3F537C41E4986
98R,O,2FFC93C766E566B5
98R,O,F5A61D37E2DDA9D8
98R,O,31079A9B244C679B
98R,O,ABC15E2110BF7A49
98R,O,BC66863007C0592B
98R,O,848CA90EB0DB1146
98R,O,7486D53F341F1AAC
98R,O,FC42DCBDC3AB0B6F
98R,O,22E2678081E88368
98R,O,7613538D58A9C452
98R,O,336FF66D1F0AC4A0
98R,O,D732B7AE560F7326
98R,O,75E1777F474658CA
98S,O,8E246EE4AB82C670
98S,O,D32019CB6290C2EF
98S,O,6C3F6AF77695CAE9
98S,O,AF36CBF039B7CB03
98S,O,ECD84D5B8C52642B
98S,O,1078119989C67B82
98S,O,9DC52818C41A2A1B
98S,O,4D1A76F3B9785DFA
98S,O,4D30DF225016CBB0
98S,O,883E42D32C6AD101
98S,O,E0BAA3364D0CE860
98S,O,4D9419874306D82F
98S,O,D625B0997C3DBCFE
98S,O,D7EDDEA5A942843B
98S,O,A7F679945ED1DB31
98S,O,88DF3B36087267EB
98S,O,8C44D48B9BAAB774
98S,O,300D1812E3A085C3
98S,O,A5C65B0A68257CF1
98S,O,99256D08CF861BA5
98S,O,D0A763AFCDE36124
98S,O,E6ED785726AED4AE
98S,O,15FCDE0753176016
98S,O,098AF67CBBB9FBA9
98S,O,04FC6E130D4953F4
98S,O,EEBBD352B7F16E3F
98S,O,6188A6666E298598
98S,O,CBB9FC4A0C13979B
98S,I,CBB9FC4A0C13979B
98S,I,F01F8CF411A34AA7
98S,I,8EAD803DDD2C3BBA
98S,I,2035C91B61C6DFC0
98S,I,3A5C336CCB38A3FA
98S,I,789384E5DC5AF7A9
98S,I,0F4D809AED62F6E9
98S,I,833DE523F16B97C3
98S,I,A70DCB46EC98F43E
98S,I,7B98BAE3D93817AC
98S,I,F3540B3A1B36BBF5
98S,I,D01D18C6EB79F84B
98S,I,A72D15160CC3AF31
98S,I,83CAC07FF3CA1BDA
98S,I,B0DDF2CD704116C8
98S,I,6C1DEF32B8CB92C4
98S,I,20A7DAD5A8294964
98S,I,A0EFE3E68568F194
98S,I,97D1981DE7ECBCE7
98S,I,3998A0C9E65D379B
98S,I,B64E0F355A9F4223
98S,I,FC42DCBDC3AB0B6F
98S,I,22E2678081E88368
98S,I,7613538D58A9C452
98S,I,336FF66D1F0AC4A0
98S,I,D732B7AE560F7326
98S,I,99A3DFDBDF41F0E9
98S,I,8E246EE4AB82C670
99,O,B94A85EF9F1C8E92
99,O,857F6F958A96DCDB
99,O,3A450B5AD5AF1605
99,O,0E2175C0750054FE
99,O,A90443FD0C19C4B1
99,O,0CB1F7979192FBB2
99,O,2C5CA5F47FB6EB3F
99,O,6B775855F6FB16D9
99,O,40C9465E380F04C5
99,O,C67E139743E66D71
99,O,704C764F674E500D
99,O,58BC7AA90028AAD9
99,O,8249FC875132E1FA
99,O,92680F8CE20F8FDB
99,O,46E8837F566582D2
99,O,94BA9F1C0A85C1B3
99,O,16A08A7452834C0F
99,O,888D5E0DD7261BB3
99,O,C7548A3C37ADC1AA
99,O,7BA7AF0DB4924B4E
99,O,A8526F930120F94A
99,O,D4D5DDEE7B735D83
99,O,23B5C67999C778E0
99,O,378A8EA13D10FB05
99,I,378A8EA13D10FB05
99,I,F85F7F6FEB0812B5
99,I,819825E8F8264727
99,I,499689237498878B
99,I,B2F4485FA517FEED
99,I,3EC8AF0246E94A09
99,I,48CD670CA33290B3
99,I,326A0C5D99374762
99,I,773C9D3BB95AACC6
99,I,6BA43C06A9AD502A
99,I,742EB6200E03493B
99,I,B2A9D7F90A56F6EA
99,I,273C1BD825293576
99,I,79B88295548184C1
99,I,9CEC1F1000AFE806
99,I,5D86C919F15C0611
99,I,F63D25B428F1C1D9
99,I,91CD1740B6AC752B
99,I,8337F935242C5CC3
99,I,013F884CBCB1CBE4
99,I,7E2611CD03F9450A
99,I,D96A94B0ED4E873A
99,I,53451B51DC815C50
99,I,7A550F91E3171941
99,I,B94A85EF9F1C8E92
99R,O,3E10F323161F4ADB
99R,O,3A450B5AD5AF1605
99R,O,2C5CA5F47FB6EB3F
99R,O,6B775855F6FB16D9
99R,O,40C9465E380F04C5
99R,O,C67E139743E66D71
99R,O,704C764F674E500D
99R,O,58BC7AA90028AAD9
99R,O,8249FC875132E1FA
99R,O,92680F8CE20F8FDB
99R,O,46E8837F566582D2
99R,O,94BA9F1C0A85C1B3
99R,O,16A08A7452834C0F
99R,O,888D5E0DD7261BB3
99R,O,C7548A3C37ADC1AA
99R,O,7BA7AF0DB4924B4E
99R,O,DAFAF65DCEA183D8
99R,O,0BCB4FE6B0F5AB3D
99R,O,B5EC1749CBFD03C7
99R,I,B5EC1749CBFD03C7
99R,I,10C3778233E05E2E
99R,I,1AE7D87716BC52B1
99R,I,499689237498878B
99R,I,B2F4485FA517FEED
99R,I,3EC8AF0246E94A09
99R,I,48CD670CA33290B3
99R,I,326A0C5D99374762
99R,I,773C9D3BB95AACC6
99R,I,6BA43C06A9AD502A
99R,I,742EB6200E03493B
99R,I,B2A9D7F90A56F6EA
99R,I,273C1BD825293576
99R,I,79B88295548184C1
99R,I,9CEC1F1000AFE806
99R,I,5D86C919F15C0611
99R,I,F63D25B428F1C1D9
99R,I,7E2611CD03F9450A
99R,I,3E10F323161F4ADB
101,O,163F0E101B13D8AD
101,O,5A95921B376A97CB
101,O,84BACA14B0C50790
101,O,7FF51CFDFA30964A
101,O,34DCAF51F6056BB6
101,O,9E54416DFC0C7B68
101,O,B4B94159F6B89A6B
101,O,B7FD59E0DC385B38
101,O,C80FB453C9F53569
101,O,D64C1350EE61A2AD
101,O,D187AB3DC52090EF
101,O,40CC41621D07AA2D
101,O,6E8CB58283AF3CB1
101,O,5FFF428D657F1361
101,O,A06590AD808DC9A9
101,O,032C7D86DF9ED3AC
101,O,742D35CD1DEA10FD
101,O,8B5745F31A5778D7
101,O,164F83410B45C24B
101,O,FDC2D737183E7C09
101,O,B1DE024B06DE2EC7
101,O,3B487B85E3F07416
101,O,D6D316FEAEC6793A
101,O,D95C76946ACCA9D6
101,O,9893491C31F043D0
101,O,3688FF86BC378100
101,O,2FB030D696912BE5
101,O,3EBA2CD3F372A531
101,O,1EE69CF61423B432
101,O,2BAE0D3A6CF25EB8
101,O,FED5FC9BD7B35D53
101,O,3015AF669161ADBF
101,O,5CE3ECA0F9501DAB
101,O,03411E63565CD911
101,O,94A696F37A3C7FB5
101,O,163F0E101B13D8AD
101,O,5A95921B376A97CB
101,O,84BACA14B0C50790
101,O,7FF51CFDFA30964A
101,O,34DCAF51F6056BB6
101,O,9E54416DFC0C7B68
101,O,B4B94159F6B89A6B
101,O,B7FD59E0DC385B38
101,O,C80FB453C9F53569
101,O,D64C1350EE61A2AD
101,O,D187AB3DC52090EF
101,O,40CC41621D07AA2D
101,O,6E8CB58283AF3CB1
101,O,5FFF428D657F1361
101,O,A06590AD808DC9A9
101,O,032C7D86DF9ED3AC
101,O,742D35CD1DEA10FD
101,O,8B5745F31A5778D7
101,O,164F83410B45C24B
101,O,FDC2D737183E7C09
101,O,B1DE024B06DE2EC7
101,O,3B487B85E3F07416
101,O,163F0E101B13D8AD
101,O,5A95921B376A97CB
101,O,84BACA14B0C50790
101,O,7FF51CFDFA30964A
101,O,34DCAF51F6056BB6
101,O,9E54416DFC0C7B68
101,O,B4B94159F6B89A6B
101,O,B7FD59E0DC385B38
101,O,C80FB453C9F53569
101,O,D64C1350EE61A2AD
101,O,D187AB3DC52090EF
101,O,40CC41621D07AA2D
101,O,6E8CB58283AF3CB1
101,O,5FFF428D657F1361
101,O,A06590AD808DC9A9
101,O,032C7D86DF9ED3AC
101,O,742D35CD1DEA10FD
101,O,8B5745F31A5778D7
101,O,164F83410B45C24B
101,O,FDC2D737183E7C09
101,O,B1DE024B06DE2EC7
101,O,3B487B85E3F07416
101,O,D6D316FEAEC6793A
101,O,D95C76946ACCA9D6
101,O,9893491C31F043D0
101,O,3688FF86BC378100
101,O,2FB030D696912BE5
101,O,3EBA2CD3F372A531
101,O,1EE69CF61423B432
101,O,2BAE0D3A6CF25EB8
101,O,FED5FC9BD7B35D53
101,O,3015AF669161ADBF
101,O,5CE3ECA0F9501DAB
101,O,D187AB3DC52090EF
101,O,40CC41621D07AA2D
101,O,6E8CB58283AF3CB1
101,O,5FFF428D657F1361
101,O,A06590AD808DC9A9
101,O,032C7D86DF9ED3AC
101,O,742D35CD1DEA10FD
101,O,8B5745F31A5778D7
101,O,164F83410B45C24B
101,O,FDC2D737183E7C09
101,O,B1DE024B06DE2EC7
101,O,3B487B85E3F07416
101,O,D6D316FEAEC6793A
101,O,D95C76946ACCA9D6
101,O,9893491C31F043D0
101,O,3688FF86BC378100
101,O,2FB030D696912BE5
101,O,3EBA2CD3F372A531
101,O,1EE69CF61423B432
101,O,2BAE0D3A6CF25EB8
101,O,FED5FC9BD7B35D53
101,O,3015AF669161ADBF
101,O,5CE3ECA0F9501DAB
101,O,03411E63565CD911
101,O,94A696F37A3C7FB5
101,I,94A696F37A3C7FB5
101,I,76BE3FDBD820CCB7
101,I,0ED8503933F861D8
101,I,CEFDCD673C8E07B4
101,I,85CB8068F5EE5C72
101,I,A1034BF3E773BB68
101,I,1EDCDB755F40EB55
101,I,EC715C570AB11722
101,I,E89C6DCF25D25B3B
101,I,7616C33B0351F02D
101,I,1FBF3DA8236B5F45
101,I,01920071384D131D
101,I,50C82DFB0AC97FC8
101,I,60012869923EEE68
101,I,B3C1A7541DDBB708
101,I,FD9F24DFA3090351
101,I,D9C045AD58C8CD38
101,I,CADAF0DF705FC780
101,I,11B2034DDF30617A
101,I,33033960343A57A8
101,I,F6A446C66F7F805E
101,I,35CD2E3911AEA038
101,I,C847FC07707BC068
101,I,AA62C03711F778F2
101,I,2F7C67769B9FB896
101,I,E99D3F96A9F7B5EB
101,I,3D717F0365D5505B
101,I,811D4A91C1134CEA
101,I,100E6F60BAC1BDEB
101,I,23AF5995FEBCA8E6
101,I,8C09B3648DCDAF3C
101,I,6465DE9EE57F6C94
101,I,3E73B73B12E25DCF
101,I,3F9AE21DC3A540B9
101,I,163F0E101B13D8AD
101,I,1FBF3DA8236B5F45
101,I,01920071384D131D
101,I,50C82DFB0AC97FC8
101,I,60012869923EEE68
101,I,B3C1A7541DDBB708
101,I,FD9F24DFA3090351
101,I,D9C045AD58C8CD38
101,I,CADAF0DF705FC780
101,I,11B2034DDF30617A
101,I,33033960343A57A8
101,I,F6A446C66F7F805E
101,I,35CD2E3911AEA038
101,I,C847FC07707BC068
101,I,AA62C03711F778F2
101,I,2F7C67769B9FB896
101,I,E99D3F96A9F7B5EB
101,I,3D717F0365D5505B
101,I,811D4A91C1134CEA
101,I,100E6F60BAC1BDEB
101,I,23AF5995FEBCA8E6
101,I,8C09B3648DCDAF3C
101,I,6465DE9EE57F6C94
101,I,3E73B73B12E25DCF
101,I,3F9AE21DC3A540B9
101,I,163F0E101B13D8AD
101R,O,4E2E60D3ED3BE735
101R,O,11B2034DDF30617A
101R,O,33033960343A57A8
101R,O,F6A446C66F7F805E
101R,O,35CD2E3911AEA038
101R,O,C847FC07707BC068
101R,O,AA62C03711F778F2
101R,O,2F7C67769B9FB896
101R,O,E99D3F96A9F7B5EB
101R,O,0543B8455A70833F
101R,O,D446D1EA79502BF2
101R,O,FE3B13A457EEA70C
101R,O,138A71694F5A3451
101R,O,4A8AAC7402C3F60F
101R,O,100E6F60BAC1BDEB
101R,O,23AF5995FEBCA8E6
101R,O,8C09B3648DCDAF3C
101R,O,6465DE9EE57F6C94
101R,O,3E73B73B12E25DCF
101R,O,3F9AE21DC3A540B9
101R,O,8B8DDE8FC3A125B8
101X,O,163F0E101B13D8AD
101X,O,5A95921B376A97CB
101X,O,84BACA14B0C50790
101X,O,7FF51CFDFA30964A
101X,O,34DCAF51F6056BB6
101X,O,29ED2073D6C52B5A
101X,O,F90ED764C7A95649
101X,O,2BF5780A30BB85E1
101X,O,4395252CFDC7AB1F
101X,O,FB0488A31D3C13B8
101X,O,1EE69CF61423B432
101X,O,2BAE0D3A6CF25EB8
101X,O,FED5FC9BD7B35D53
101X,O,3015AF669161ADBF
101X,O,5CE3ECA0F9501DAB
101X,O,03411E63565CD911
101X,O,94A696F37A3C7FB5
101X,O,163F0E101B13D8AD
101X,O,5A95921B376A97CB
101X,O,84BACA14B0C50790
101X,O,7FF51CFDFA30964A
101X,O,34DCAF51F6056BB6
101X,O,9A0959AB68FA5E1F
101X,O,94358F5481BAE505
101X,O,A24F5416BCCE60F9
101X,O,F90ED764C7A95649
101X,O,2BF5780A30BB85E1
101X,O,4395252CFDC7AB1F
101X,O,FB0488A31D3C13B8
101X,O,1EE69CF61423B432
101X,O,2BAE0D3A6CF25EB8
101X,O,FED5FC9BD7B35D53
101X,O,3015AF669161ADBF
101X,O,5CE3ECA0F9501DAB
101X,O,03411E63565CD911
101X,O,94A696F37A3C7FB5
101X,I,94A696F37A3C7FB5
101X,I,76BE3FDBD820CCB7
101X,I,0ED8503933F861D8
101X,I,CEFDCD673C8E07B4
101X,I,23D55F990E97E8DF
101X,I,A1034BF3E773BB68
101X,I,1EDCDB755F40EB55
101X,I,EC715C570AB11722
101X,I,384A48BF88CB0637
101X,I,11B2034DDF30617A
101X,I,33033960343A57A8
101X,I,BE27F066CF40DF7D
101X,I,07521BB848913F74
101X,I,A21BEB6F4E6D43E6
101X,I,9268B442F0C2807E
101X,I,5358062C769CEC05
101X,I,3CE7B5D1EBF9C5F7
101X,I,750ADEB14D018CF7
101X,I,163F0E101B13D8AD
102,O,1E7D74AE0C8EDADC
102,O,3EAF33C37104D168
102,O,E433215F5B80E93C
102,O,B404A065F58A5F64
102,O,175CBF43CD330A0A
102,O,350EBC52D2ABF3D8
102,O,FD752B76C5C6517B
102,O,A334D0EC59D94F8D
102,O,51E6A73EBA9A0FF5
102,O,75CE4282D2043790
102,O,C00C986B85A2220E
102,O,D6E7443BD2222BD7
102,O,4E2C01EAE9535C14
102,O,E6735B26B2F1D68E
102,O,A6443C45124970B9
102,O,BB9D2A6E7E713664
102,O,D9E20788B8C9FF64
102,O,13C75FFFA2BB060D
102,O,D1D807234805DBF4
102,O,153D32217234A0F0
102,O,893BBB901005C3E6
102,O,BBE77B90CE43AEFA
102,O,246B98B8B9F002F0
102,O,38F0C9768AA2AF93
102,O,730AB612DCDF58C8
102,O,1A85A6C132C4197F
102,O,C3FD63E226246052
102,O,098AF67CBBB9FBA9
102,O,0BADB28A19C2E0BE
102,O,6188A6666E298598
102,O,A588A5F294B4BEFB
102,I,A588A5F294B4BEFB
102,I,F01F8CF411A34AA7
102,I,AE9F399F5ACF4837
102,I,9DA9C859E574B8B4
102,I,A701BCC43DF54B6B
102,I,FC28F96F0BAF8FF7
102,I,1E29A8A8D3F6BABB
102,I,E553B839AD6A8C3D
102,I,889F84EBA6D9571A
102,I,028FA893A173A464
102,I,50FF703302734DFF
102,I,C0AA7F3501EFA657
102,I,337C68B5F413E04E
102,I,64E7A52D975DF3FF
102,I,1DD522300A4B9406
102,I,6418176FB389E363
102,I,BD0E2A233376612E
102,I,EAFC59DD23C39D5C
102,I,1A0BCDF4BDC3E1A9
102,I,A4EBD881BA65C831
102,I,05C0C27B083F2C00
102,I,E7A9A0C621301623
102,I,33D2B3AB9D2CCDF3
102,I,338E70093D993E7F
102,I,0B071FC4D33FC334
102,I,F5D2D669376286F9
102,I,633C082A94176ED0
102,I,7ADCBB1CA80611B0
102,I,BB8D798D19066A35
102,I,3408E0103E0757F3
102,I,170ED32B19DC1828
102,I,6ABBD9BC03DFAB0E
102,I,884300BD53E9D626
102,I,1E7D74AE0C8EDADC
102P,O,1E7D74AE0C8EDADC
102P,O,3EAF33C37104D168
102P,O,E433215F5B80E93C
102P,O,B404A065F58A5F64
102P,O,175CBF43CD330A0A
102P,O,350EBC52D2ABF3D8
102P,O,FD752B76C5C6517B
102P,O,A334D0EC59D94F8D
102P,O,51E6A73EBA9A0FF5
102P,O,75CE4282D2043790
102P,O,C00C986B85A2220E
102P,O,D6E7443BD2222BD7
102P,O,4E2C01EAE9535C14
102P,O,5EA1BB87DFD5CADB
102P,O,153D32217234A0F0
102P,O,893BBB901005C3E6
102P,O,BBE77B90CE43AEFA
102P,O,246B98B8B9F002F0
102P,O,38F0C9768AA2AF93
102P,O,730AB612DCDF58C8
102P,O,1A85A6C132C4197F
102P,O,C3FD63E226246052
102P,O,098AF67CBBB9FBA9
102P,O,0BADB28A19C2E0BE
102P,O,6188A6666E298598
102P,O,A588A5F294B4BEFB
102P,I,A588A5F294B4BEFB
102P,I,F01F8CF411A34AA7
102P,I,AE9F399F5ACF4837
102P,I,9DA9C859E574B8B4
102P,I,A701BCC43DF54B6B
102P,I,FC28F96F0BAF8FF7
102P,I,1E29A8A8D3F6BABB
102P,I,E553B839AD6A8C3D
102P,I,889F84EBA6D9571A
102P,I,028FA893A173A464
102P,I,50FF703302734DFF
102P,I,C0AA7F3501EFA657
102P,I,337C68B5F413E04E
102P,I,64E7A52D975DF3FF
102P,I,1DD522300A4B9406
102P,I,6418176FB389E363
102P,I,63C467254154B6B5
102P,I,F5D2D669376286F9
102P,I,633C082A94176ED0
102P,I,7ADCBB1CA80611B0
102P,I,BB8D798D19066A35
102P,I,3408E0103E0757F3
102P,I,170ED32B19DC1828
102P,I,6ABBD9BC03DFAB0E
102P,I,884300BD53E9D626
102P,I,1E7D74AE0C8EDADC
102P,I,6418176FB389E363
102P,I,63C467254154B6B5
102P,I,F5D2D669376286F9
102P,I,633C082A94176ED0
102P,I,7ADCBB1CA80611B0
102P,I,BB8D798D19066A35
102P,I,3408E0103E0757F3
102P,I,170ED32B19DC1828
102P,I,6ABBD9BC03DFAB0E
102P,I,884300BD53E9D626
102P,I,1E7D74AE0C8EDADC
102R,O,4E2E60D3ED3BE735
102R,O,153D32217234A0F0
102R,O,893BBB901005C3E6
102R,O,BBE77B90CE43AEFA
102R,O,246B98B8B9F002F0
102R,O,38F0C9768AA2AF93
102R,O,730AB612DCDF58C8
102R,O,1A85A6C132C4197F
102R,O,C3FD63E226246052
102R,O,098AF67CBBB9FBA9
102R,O,0BADB28A19C2E0BE
102R,O,6188A6666E298598
102R,O,A588A5F294B4BEFB
103,O,2BF46D2A46F5451D
103,O,2C1366DA10099003
103,O,9583BCF159B682BA
103,O,FBAA9F0F9B1893F7
103,O,F5852274488DD86D
103,O,210CF8389F782535
103,O,2431FF3100478DEE
103,O,ED6FCB0422D541F5
103,O,850F72123F644500
103,O,3821D64D2BF1BB66
103,O,7FAF7F6B57A8B606
103,O,71C9731001C9C773
103,O,6878FAB7D0006FEF
103,O,E13E697DA5AE4D59
103,O,1F109678B4866926
103,O,6EDDBD4E965874D7
103,O,A68AAD43AC1A238F
103,O,68A16FFD6C0EC2A2
103,O,6A2B162370C1EA01
103,O,EEBF538FE7455434
103,O,93D084D7713119D8
103,O,9B01BEC701652627
103,O,4ECA2B50C8EF1979
103,O,1BB91AD1E47FB784
103,O,F0E38F5F6B40F1F3
103,O,AA12559CD49A8404
103,O,57A529DB420CFC77
103,O,6CF1B0BD24D121F2
103,O,376C02CE16F597C9
103,O,39F712E839F52A9B
103,O,282C72D931F093BD
103,O,65B59AD247A818A0
103,O,5D694E9F5A66F888
103,O,46E6BA3C612CE74A
103,O,A10692659C39EB12
103,O,9C4295A3DD992F0E
103,I,9C4295A3DD992F0E
103,I,8A8E1370026F639C
103,I,C904C536EC3E0827
103,I,1843FAE700FCA5AF
103,I,65523F89F26B2088
103,I,6D9F5C463D12461B
103,I,8BD7CEC6396E46F0
103,I,54F26831BD4A5EBD
103,I,65DA1259C72FD22B
103,I,7D77D56CB708BCED
103,I,2ECC1DBA0C28E93C
103,I,CAEFA7D6314535BC
103,I,D1601C6EDAB39F29
103,I,4A0CEB0807BAF9B3
103,I,3007D34FB91FB27E
103,I,1AB934EFE0E1470A
103,I,048A87496B30B946
103,I,A71457854D13E9DE
103,I,AC1E2BBDC663717F
103,I,A07CC0A6D462A579
103,I,9E25CF3DAA0BA0C4
103,I,9541036143D6CCF1
103,I,13C75FFFA2BB060D
103,I,D1D807234805DBF4
103,I,79AFB35F9DBD485A
103,I,6F755DD7C8AEB1B4
103,I,D5DB45916FCE114A
103,I,5D94D3084F0C3831
103,I,E907FA24426A9FD6
103,I,89A4D25AC31A8388
103,I,6465986EF7824816
103,I,F21DC659FA565E2F
103,I,E3EEF07674DE3B98
103,I,A96BE8855D16BCE0
103,I,F3753E60F86B0068
103,I,67C00FA00C878C1A
103,I,7A899F3009A31F68
103,I,550A2C52049679A0
103,I,CEACD1DF9F00EF44
103,I,6E410E80F8C9915B
103,I,2BF46D2A46F5451D
104,O,010D8E1BE34538EE
104,O,76BE3FDBD820CCB7
104,O,0ED8503933F861D8
104,O,CEFDCD673C8E07B4
104,O,85CB8068F5EE5C72
104,O,A1034BF3E773BB68
104,O,E75C2398E14CDF56
104,O,EC715C570AB11722
104,O,384A48BF88CB0637
104,O,C13E78D5B5FB0F1D
104,O,7616C33B0351F02D
104,O,1FBF3DA8236B5F45
104,O,46B0816B0E9F641E
104,O,31DAC3984E4C18EA
104,O,7E4358262A4F586A
104,O,BE5555129B3758C5
104,O,DCE0DAF77EBA1E21
104,O,4A182203F1AD6C2E
104,O,153D32217234A0F0
104,O,893BBB901005C3E6
104,O,BBE77B90CE43AEFA
104,O,3A43E432D0588F79
104,O,221A18C37331E6FD
104,O,3C50188583DABFC8
104,O,EA59A314ABB9386E
104,O,1D70AD74F1C97404
104,O,8B2FD4BDD627C211
104,O,0EF525CD78152127
104,O,2F8A93ADDCEF6856
104,O,BBC5D60D2FB827D2
104,O,FDBA2A7F174E08F5
104,O,930E7A721D133F71
104,O,DAB449CCCBA93789
104,I,241A8AC2A2889D05
104,I,E3965CA6EFD60F36
104,I,3E83DFEBD7CBF285
104,I,90C3A9DB72F244DE
104,I,6CABA5931F619356
104,I,7476BFC6F6B5D869
104,I,F7FB52860229BBAB
104,I,A6DF150EE61DC8B3
104,I,65B934D14EA190F1
104,I,7B98BAE3D93817AC
104,I,82A8D65E4B7DA67C
104,I,A9203545EC3AD6EE
104,I,74381FC9E2AFB379
104,I,337C68B5F413E04E
104,I,64E7A52D975DF3FF
104,I,1F109678B4866926
104,I,E3825DF066FCABC4
104,I,2BF5780A30BB85E1
104,I,C9109584C37A5B98
104,I,458A5CD02E6008EC
104,I,E532860B16A18F3C
104,I,FDC2D737183E7C09
104,I,B1DE024B06DE2EC7
104,I,3B487B85E3F07416
104,I,D6D316FEAEC6793A
104,I,D95C76946ACCA9D6
104,I,9893491C31F043D0
104,I,3688FF86BC378100
104,I,2FB030D696912BE5
104,I,3EBA2CD3F372A531
104,I,1EE69CF61423B432
104,I,2BAE0D3A6CF25EB8
104,I,FED5FC9BD7B35D53
104,I,3015AF669161ADBF
104,I,5CE3ECA0F9501DAB
104,I,03411E63565CD911
104,I,010D8E1BE34538EE
106,O,742F8953113CD926
106,O,A2BB1A240289038A
106,O,C7D38CBF5ADEA564
106,O,8BB1DE68DB8316D3
106,O,F6E296480D3481A2
106,O,25455FDE268CF605
106,O,C1AFF00AC64F457A
106,O,5396072459507B7F
106,O,D46ED62A04D37ECE
106,O,AD78D43BCE88067A
106,O,E706C4DB589B84E1
106,O,5134E170C222E516
106,O,ED03E689B88CE0E8
106,O,997CCAB996935BD7
106,O,A58A0D8FA856C3DB
106,O,6418176FB389E363
106,O,B3BC9C1C632F98B2
106,O,EAFC59DD23C39D5C
106,O,834CC2324AAFB567
106,O,58C47FBFFF12E65F
106,O,4AEB8A22E18AB111
106,O,98AF62607465CE59
106,O,2969EE1DAEAD252A
106,O,B6E124DFD59022EF
106,O,C8946B416C2ED8EA
106,O,5B3607391C595532
106,O,74CB8B8ECA4F4A44
106,O,281CB1A12D834D28
106,O,57C02E8F67CF625E
106,O,5E6B0C57BD617DDB
106,O,B2E49C1CAD0A95A5
106,O,06813EFD221EF920
106,O,0DD75DC664712A9B
106,O,7EFCF7C7857B5B7C
106,O,3C20E46D2F60DA28
106,O,AE917A6FCB7A4422
106,O,B394A0F723FAB84A
106,O,65E20C56D5DD0995
106,O,FEF3100883F2634D
106,O,2F08C0AD27647997
106,O,1EB12525E375450A
106,O,651601AE1D235E43
106,O,6834AA5A14521A3D
106,O,99F26632A4856508
106,O,9D249890C4EB5901
106,O,9A8462FF5E76136B
106,O,2E0D7F52D1608C12
106,O,EB077E683E6C8DDA
106,I,EB077E683E6C8DDA
106,I,5C1471822EE10AF3
106,I,02E56E932EDAFE8C
106,I,C479E1DC6030850D
106,I,EDBB5387A44E2C4D
106,I,292239388EF150BA
106,I,5E416E4DD3488BAB
106,I,163F0AD0C3CD4CF2
106,I,9DDDCABF063188C7
106,I,FD3A4BA146CE57ED
106,I,EA7E50D4ADE95CC2
106,I,F7622E953F7E5D48
106,I,F754AED08F0B6B97
106,I,FADDB1E247E62936
106,I,87A9869FE7A4EF8B
106,I,B404A065F58A5F64
106,I,EB43D5BE03CB3346
106,I,350EBC52D2ABF3D8
106,I,D0BA1477EAFC2C2B
106,I,645A7596916EBCC1
106,I,29DF8DB2E9741934
106,I,628DF6A22E9172F8
106,I,EE07E4C45A4CC134
106,I,E5054AD30B9831F3
106,I,616738F21326814A
106,I,38D2BF58A38ADCA0
106,I,F8365ACAC0B85C65
106,I,A3B9F3D6B2668DE3
106,I,6CAA11E0FD871B20
106,I,31EA5920FFF0DBBF
106,I,1A070ECEC8EA08E5
106,I,11B2034DDF30617A
106,I,B0095CE9771BFC17
106,I,009760575EA9F85D
106,I,BEB1BBD9E816FA59
106,I,E80A3E968CCEEFF7
106,I,4960882151DB05E0
106,I,590E23621FD23B6C
106,I,F4B357B11344180D
106,I,5C6534DD562AEF61
106,I,7DF81D14A8CE574E
106,I,2F7C67769B9FB896
106,I,BB172B3A5DAC85A4
106,I,661FEE32A0D73EB0
106,I,8815F901477E6435
106,I,20915DF05723C615
106,I,742F8953113CD926
106A,O,742F8953113CD926
106A,O,A2BB1A240289038A
106A,O,C7D38CBF5ADEA564
106A,O,8BB1DE68DB8316D3
106A,O,F6E296480D3481A2
106A,O,25455FDE268CF605
106A,O,C1AFF00AC64F457A
106A,O,5396072459507B7F
106A,O,D46ED62A04D37ECE
106A,O,AD78D43BCE88067A
106A,O,E706C4DB589B84E1
106A,O,5134E170C222E516
106A,O,ED03E689B88CE0E8
106A,O,997CCAB996935BD7
106A,O,A58A0D8FA856C3DB
106A,O,6418176FB389E363
106A,O,43EA87C958C75F33
106A,O,5B3607391C595532
106A,O,74CB8B8ECA4F4A44
106A,O,281CB1A12D834D28
106A,O,57C02E8F67CF625E
106P,O,742F8953113CD926
106P,O,A2BB1A240289038A
106P,O,C7D38CBF5ADEA564
106P,O,8BB1DE68DB8316D3
106P,O,F6E296480D3481A2
106P,O,25455FDE268CF605
106P,O,C1AFF00AC64F457A
106P,O,5396072459507B7F
106P,O,D46ED62A04D37ECE
106P,O,AD78D43BCE88067A
106P,O,E706C4DB589B84E1
106P,O,5134E170C222E516
106P,O,ED03E689B88CE0E8
106P,O,997CCAB996935BD7
106P,O,A58A0D8FA856C3DB
106P,O,6418176FB389E363
106P,O,43EA87C958C75F33
106P,O,5B3607391C595532
106P,O,74CB8B8ECA4F4A44
106P,O,281CB1A12D834D28
106P,O,57C02E8F67CF625E
106P,O,5E6B0C57BD617DDB
106P,O,B2E49C1CAD0A95A5
106P,O,06813EFD221EF920
106P,O,0DD75DC664712A9B
106P,O,7EFCF7C7857B5B7C
106P,O,3C20E46D2F60DA28
106P,O,AE917A6FCB7A4422
106P,O,B394A0F723FAB84A
106P,O,65E20C56D5DD0995
106P,O,FEF3100883F2634D
106P,O,2F08C0AD27647997
106P,O,1EB12525E375450A
106P,O,651601AE1D235E43
106P,O,6834AA5A14521A3D
106P,O,99F26632A4856508
106P,O,9D249890C4EB5901
106P,O,9A8462FF5E76136B
106P,O,2E0D7F52D1608C12
106P,O,EB077E683E6C8DDA
106P,I,EB077E683E6C8DDA
106P,I,5C1471822EE10AF3
106P,I,02E56E932EDAFE8C
106P,I,C479E1DC6030850D
106P,I,EDBB5387A44E2C4D
106P,I,292239388EF150BA
106P,I,5E416E4DD3488BAB
106P,I,163F0AD0C3CD4CF2
106P,I,9DDDCABF063188C7
106P,I,FD3A4BA146CE57ED
106P,I,EA7E50D4ADE95CC2
106P,I,F7622E953F7E5D48
106P,I,F754AED08F0B6B97
106P,I,FADDB1E247E62936
106P,I,87A9869FE7A4EF8B
106P,I,B404A065F58A5F64
106P,I,EB43D5BE03CB3346
106P,I,350EBC52D2ABF3D8
106P,I,D8541D32EEB36D42
106P,I,11B2034DDF30617A
106P,I,B0095CE9771BFC17
106P,I,009760575EA9F85D
106P,I,BEB1BBD9E816FA59
106P,I,E80A3E968CCEEFF7
106P,I,4960882151DB05E0
106P,I,590E23621FD23B6C
106P,I,F4B357B11344180D
106P,I,5C6534DD562AEF61
106P,I,7DF81D14A8CE574E
106P,I,2F7C67769B9FB896
106P,I,BB172B3A5DAC85A4
106P,I,661FEE32A0D73EB0
106P,I,8815F901477E6435
106P,I,20915DF05723C615
106P,I,742F8953113CD926
106P,I,EB077E683E6C8DDA
106P,I,5C1471822EE10AF3
106P,I,02E56E932EDAFE8C
106P,I,C479E1DC6030850D
106P,I,EDBB5387A44E2C4D
106P,I,292239388EF150BA
106P,I,5E416E4DD3488BAB
106P,I,163F0AD0C3CD4CF2
106P,I,9DDDCABF063188C7
106P,I,FD3A4BA146CE57ED
106P,I,EA7E50D4ADE95CC2
106P,I,F7622E953F7E5D48
106P,I,F754AED08F0B6B97
106P,I,FADDB1E247E62936
106P,I,87A9869FE7A4EF8B
106P,I,B404A065F58A5F64
106P,I,EB43D5BE03CB3346
106P,I,350EBC52D2ABF3D8
106P,I,D0BA1477EAFC2C2B
106P,I,F1C0B762655B89E4
106P,I,29DF8DB2E9741934
106P,I,628DF6A22E9172F8
106P,I,EE07E4C45A4CC134
106P,I,E5054AD30B9831F3
106P,I,11B2034DDF30617A
106P,I,B0095CE9771BFC17
106P,I,009760575EA9F85D
106P,I,BEB1BBD9E816FA59
106P,I,E80A3E968CCEEFF7
106P,I,4960882151DB05E0
106P,I,590E23621FD23B6C
106P,I,F4B357B11344180D
106P,I,5C6534DD562AEF61
106P,I,7DF81D14A8CE574E
106P,I,2F7C67769B9FB896
106P,I,BB172B3A5DAC85A4
106P,I,661FEE32A0D73EB0
106P,I,8815F901477E6435
106P,I,20915DF05723C615
106P,I,742F8953113CD926
107,O,06834C0C275F4DDC
107,O,9268B442F0C2807E
107,O,3F4B54625D1F9E48
107,O,F663E12DC37F3C5A
107,O,AC4EEE801BB9133C
107,O,5CD6A0A0CE6B53B6
107,O,C4AF473A49643363
107,O,B4B94159F6B89A6B
107,O,B7FD59E0DC385B38
107,O,C80FB453C9F53569
107,O,8BB1DE68DB8316D3
107,O,D187AB3DC52090EF
107,O,E798CB4E2C777782
107,O,6E8CB58283AF3CB1
107,O,9CFB5F7232818FFA
107,O,A06590AD808DC9A9
107,O,6DD60A482B4CDAF6
107,O,388C3DB16F0F2719
107,O,719B6A48C203AFBA
107,O,D0B9BF21F34F409F
107,O,A822D5DE44F24B7B
107,O,5D26737FDFC4F738
107,O,3147FEC6D6DC535A
107,O,43F5D5E06711C646
107,O,86A5437DDF01EDE1
107,O,D9185868BC7E2D84
107,O,3F7C8467FFD5F32B
107,O,E41AC71D5A52064D
107,O,37477DA2524EA566
107,O,FF3869D2333A2640
107,O,619996E3C6D65FC2
107,O,689BAEAC4F89EC8B
107,O,06834C0C275F4DDC
107,O,9268B442F0C2807E
107,O,3F4B54625D1F9E48
107,O,F663E12DC37F3C5A
107,O,AC4EEE801BB9133C
107,O,5CD6A0A0CE6B53B6
107,O,C4AF473A49643363
107,O,B4B94159F6B89A6B
107,O,B7FD59E0DC385B38
107,O,C80FB453C9F53569
107,O,8BB1DE68DB8316D3
107,O,D187AB3DC52090EF
107,O,E798CB4E2C777782
107,O,6E8CB58283AF3CB1
107,O,9CFB5F7232818FFA
107,O,A06590AD808DC9A9
107,O,6DD60A482B4CDAF6
107,O,388C3DB16F0F2719
107,O,719B6A48C203AFBA
107,O,56D43C634272F125
107,O,D0B9BF21F34F409F
107,O,A822D5DE44F24B7B
107,O,5D26737FDFC4F738
107,O,3147FEC6D6DC535A
107,O,43F5D5E06711C646
107,O,86A5437DDF01EDE1
107,O,D9185868BC7E2D84
107,O,3F7C8467FFD5F32B
107,O,E41AC71D5A52064D
107,O,37477DA2524EA566
107,O,FF3869D2333A2640
107,O,619996E3C6D65FC2
107,O,689BAEAC4F89EC8B
107,I,689BAEAC4F89EC8B
107,I,41F70B064C26F180
107,I,90535913F657C516
107,I,30EEA6AE38D033E9
107,I,98D50686DF57B6F7
107,I,EC839AE65935149B
107,I,5BF8B3896F3E8F0A
107,I,A822D5DE44F24B7B
107,I,AE4E8F82AD65348C
107,I,225E8FAE869B3308
107,I,4A626ACD36F8ED7A
107,I,11B2034DDF30617A
107,I,AA97FFC49AE957A5
107,I,F6A446C66F7F805E
107,I,35CD2E3911AEA038
107,I,C847FC07707BC068
107,I,AA62C03711F778F2
107,I,47B6BE5FC95C2042
107,I,BB172B3A5DAC85A4
107,I,D7A05B5BAF07A89B
107,I,A1C65E46464147A0
107,I,75957EA713E84A37
107,I,D0B8C96BC4451180
107,I,B68FB7076BB07A22
107,I,553D370FA21F7DA4
107,I,72999453ECAC4693
107,I,09B6F28D05DA00F4
107,I,AA26D9F25826AA4A
107,I,FBE38593BDEB0802
107,I,9A0959AB68FA5E1F
107,I,06834C0C275F4DDC
107,I,689BAEAC4F89EC8B
107,I,41F70B064C26F180
107,I,90535913F657C516
107,I,30EEA6AE38D033E9
107,I,98D50686DF57B6F7
107,I,EC839AE65935149B
107,I,5BF8B3896F3E8F0A
107,I,A822D5DE44F24B7B
107,I,AE4E8F82AD65348C
107,I,5AC3E62D33B2D85D
107,I,225E8FAE869B3308
107,I,4A626ACD36F8ED7A
107,I,11B2034DDF30617A
107,I,AA97FFC49AE957A5
107,I,F6A446C66F7F805E
107,I,35CD2E3911AEA038
107,I,C847FC07707BC068
107,I,AA62C03711F778F2
107,I,47B6BE5FC95C2042
107,I,BB172B3A5DAC85A4
107,I,D7A05B5BAF07A89B
107,I,A1C65E46464147A0
107,I,75957EA713E84A37
107,I,D0B8C96BC4451180
107,I,B68FB7076BB07A22
107,I,553D370FA21F7DA4
107,I,72999453ECAC4693
107,I,09B6F28D05DA00F4
107,I,AA26D9F25826AA4A
107,I,FBE38593BDEB0802
107,I,9A0959AB68FA5E1F
107,I,06834C0C275F4DDC
107P,O,0B84025BFA5C2F9F
107P,O,36F7DCE4723C2C44
107P,O,EF5A5CD9C3A038C9
107P,O,AC48794DF1F3332C
107P,O,6DD60A482B4CDAF6
107P,O,388C3DB16F0F2719
107P,O,719B6A48C203AFBA
107P,O,9AD628EDE1178D24
107P,O,3147FEC6D6DC535A
107P,O,43F5D5E06711C646
107P,O,86A5437DDF01EDE1
107P,O,D9185868BC7E2D84
107P,O,8FA45700BDAE662B
107P,O,8B78AD2E5D3535D3
107P,O,C63E1545EF857170
107P,O,F99C144D9B091AE4
107P,O,1CE5219D36591D80
107P,O,AA3FA64BFC63B292
107P,O,A5314FFB6DBA4B2D
107P,O,1B41827EB0497A78
107P,I,1B41827EB0497A78
107P,I,9A76CA1FD056C9ED
107P,I,ECE4280BFF4B4D3B
107P,I,99DF5E49CC03AEEB
107P,I,1310CE826AAD8F50
107P,I,B7B39A88DD40D6CA
107P,I,13CCB44B49C02857
107P,I,90535913F657C516
107P,I,30EEA6AE38D033E9
107P,I,98D50686DF57B6F7
107P,I,EC839AE65935149B
107P,I,AE4E8F82AD65348C
107P,I,225E8FAE869B3308
107P,I,4A626ACD36F8ED7A
107P,I,11B2034DDF30617A
107P,I,9B1E8F7181466956
107P,I,C39037A588387F32
107P,I,69EB1A85EBBBA550
107P,I,0B84025BFA5C2F9F
108,O,0718DE53C1C84496
108,O,AC4EEE801BB9133C
108,O,5CD6A0A0CE6B53B6
108,O,32A2D05A195364DC
108,O,C1C31D615DAA97F4
108,O,A4601C77EB896E30
108,O,E207DBF95EA7DE26
108,O,C71093B5185DF735
108,O,C80FB453C9F53569
108,O,8BB1DE68DB8316D3
108,O,AE4D7869B643DAA2
108,O,AE2A53D953B640BE
108,O,E798CB4E2C777782
108,O,6E8CB58283AF3CB1
108,O,9CFB5F7232818FFA
108,O,A06590AD808DC9A9
108,O,06C9926B2E2B304F
108,O,F948129B464BB963
108,O,73D995FCB1FFF157
108,O,0DE359EA64DEF296
108,O,76B4054F2E1F00B0
108,O,BEFD9F22518EC452
108,O,65EDACB416872451
108,O,0083ED6E0A4B1B04
108,O,7C88601B99189BD4
108,O,323B8C4CA047E7D4
108,O,E14F46F557B6BF78
108,O,455338DEEC08A032
108,O,D7369E9D4404292E
108,O,5DB2359F5F8535E9
108,O,29A5797CA506CDEE
108,O,712502C1013BBC1C
108,O,D63D9356CBA8B0CD
108,O,AE4D7869B643DAA2
108,O,AE2A53D953B640BE
108,O,E798CB4E2C777782
108,O,6E8CB58283AF3CB1
108,O,9CFB5F7232818FFA
108,O,A06590AD808DC9A9
108,O,06C9926B2E2B304F
108,O,F948129B464BB963
108,O,73D995FCB1FFF157
108,O,0DE359EA64DEF296
108,O,76B4054F2E1F00B0
108,I,712502C1013BBC1C
108,I,C24D58A7C3133FDC
108,I,B1D2A289C9710B3E
108,I,632639E4C5ED8F2E
108,I,B8287EA10FCA0837
108,I,F7756ADD267DFE71
108,I,45B5CCA0A38FC3D5
108,I,C1C2FA697C82D436
108,I,A5AE9E9EC7923C42
108,I,8F3036848FC1BBEA
108,I,F2DC5E6E97C7012A
108,I,E0EE7D134C3C963D
108,I,455C67DEE3D3E649
108,I,5B3C373DE4DCAE6F
108,I,19F3CE793CCBE505
108,I,11B2034DDF30617A
108,I,AA97FFC49AE957A5
108,I,F6A446C66F7F805E
108,I,4850531F57582BD9
108,I,4C52780594F2D674
108,I,AA62C03711F778F2
108,I,6D6EE27729F3C486
108,I,47B6BE5FC95C2042
108,I,BB172B3A5DAC85A4
108,I,D7A05B5BAF07A89B
108,I,3D717F0365D5505B
108,I,29759ECB92E1A91B
108,I,C44684E01A99DE4F
108,I,B48B8F12CD929F0F
108,I,72999453ECAC4693
108,I,09B6F28D05DA00F4
108,I,0718DE53C1C84496
109,O,53E36C4D07C3E49C
109,O,987B3A45E05CD6EE
109,O,F19BBC7D6F39B210
109,O,05AB3A2B3816CD41
109,O,F78B61532972282D
109,O,FACE6E102E2171B3
109,O,A0F2A2C5182526AA
109,O,73567AD9A1510A9B
109,O,A06590AD808DC9A9
109,O,6EDDBD4E965874D7
109,O,4B02D9728417C46D
109,O,820241348552B5F0
109,O,1565610FC38F5BEA
109,O,EAAB84662A03A8F4
109,O,D11990ADF3DCD7B5
109,O,9D0E44D3210264C3
109,O,EC2573EE5FF42AAC
109,O,FCF786050383019A
109,O,BC3B6E69D606932B
109,I,7D54A8E5B99740BE
109,I,2DF5E48438A56E56
109,I,D7D5360A9A0C5D6A
109,I,C0B0B597A9C896F7
109,I,7467743E276518E9
109,I,A6657A42304B7520
109,I,06D3396F1F07B07D
109,I,48105C2BE18DAD7F
109,I,5BDD937FB8FA0D9E
109,I,EAAE29D7F756462B
109,I,5E580B759FCA6CA2
109,I,79AFB35F9DBD485A
109,I,DB6314F9E2C2A7EA
109,I,BC3B37FDEE7EE51B
109,I,5CE1C1296F98C6C4
109,I,E24537CF3879CD25
109,I,C0ACDED85452CFC8
109,I,6E9A9467758898B7
109,I,7E4F1063E27B47E9
109,I,53E36C4D07C3E49C
110,O,35AEEA90C71121F0
110,O,B404A065F58A5F64
110,O,4FC7150518C5234A
110,O,3FB2109BF5E57DDB
110,O,455FC1E8B39E3D16
110,O,F01C5503A89517B4
110,O,88461293F994CB07
110,O,7FC94FB715BB85C6
110,O,08A237AE35DF8A35
110,O,9711BA45457DCA24
110,O,99FB764916B4BA81
110,O,E293EF47A90B818D
110,O,616738F21326814A
110,O,3A1D9864C04075B2
110,O,153D32217234A0F0
110,O,5CCBD9A6B58BF20D
110,O,E049C81469E2B3C0
110,O,076E1E9D5874C41D
110,O,F6EE4DC41A299593
110,O,83EB94899B6BBB4B
110,O,F57E1173086C7A51
110,O,5D75A800F823B45D
110,O,0DB55CC5E4533F4E
110,O,36C11B4E5D248AE2
110,O,2E825E8F0210AD98
110,O,06C9926B2E2B304F
110,O,C0BEB24C600EF1BC
110,O,9DA0D713E35F6BA7
110,O,5C55C67ACA491F35
110,O,793050242DDA833F
110,O,25DA48631DA10B50
110,O,B6C64CB51157F680
110,O,15CCC3BD5D31F759
110,O,78419C6BD5AB7C34
110,O,7F3E5B3E97FA0C9E
110,O,F3EA0A9367773CF5
110,O,D3A622F2C90CF194
110,O,EFCD0F8254D59F7D
110,O,2FEBCA818ACD749B
110,O,143ED3A601C1A080
110,O,35828A8106C380D1
110,O,CC79602DDE23374F
110,O,3FD67C010BBA54DA
110,O,F627BC7B0387FA39
110,O,B1171B2BB00E5894
110,O,DFF959D9A2B5E03E
110,O,35AEEA90C71121F0
110,O,35AEEA90C71121F0
110,O,B404A065F58A5F64
110,O,4FC7150518C5234A
110,O,3FB2109BF5E57DDB
110,O,455FC1E8B39E3D16
110,O,F01C5503A89517B4
110,O,88461293F994CB07
110,O,7FC94FB715BB85C6
110,O,08A237AE35DF8A35
110,O,9711BA45457DCA24
110,O,99FB764916B4BA81
110,O,E293EF47A90B818D
110,O,616738F21326814A
110,O,3A1D9864C04075B2
110,O,153D32217234A0F0
110,O,5CCBD9A6B58BF20D
110,O,E049C81469E2B3C0
110,O,076E1E9D5874C41D
110,O,F6EE4DC41A299593
110,O,83EB94899B6BBB4B
110,O,F57E1173086C7A51
110,O,5D75A800F823B45D
110,O,35AEEA90C71121F0
110,O,B404A065F58A5F64
110,O,4FC7150518C5234A
110,O,3FB2109BF5E57DDB
110,O,455FC1E8B39E3D16
110,O,F01C5503A89517B4
110,O,88461293F994CB07
110,O,7FC94FB715BB85C6
110,O,08A237AE35DF8A35
110,O,9711BA45457DCA24
110,O,99FB764916B4BA81
110,O,E293EF47A90B818D
110,O,616738F21326814A
110,O,3A1D9864C04075B2
110,O,153D32217234A0F0
110,O,5CCBD9A6B58BF20D
110,O,E049C81469E2B3C0
110,O,076E1E9D5874C41D
110,O,343CF2F6ADACAACC
110,O,F6EE4DC41A299593
110,O,83EB94899B6BBB4B
110,O,F57E1173086C7A51
110,O,5D75A800F823B45D
110,O,0DB55CC5E4533F4E
110,O,36C11B4E5D248AE2
110,O,2E825E8F0210AD98
110,O,06C9926B2E2B304F
110,O,C0BEB24C600EF1BC
110,O,9DA0D713E35F6BA7
110,O,5C55C67ACA491F35
110,O,793050242DDA833F
110,O,25DA48631DA10B50
110,O,B6C64CB51157F680
110,O,15CCC3BD5D31F759
110,O,78419C6BD5AB7C34
110,O,7F3E5B3E97FA0C9E
110,O,F3EA0A9367773CF5
110,O,D3A622F2C90CF194
110,O,EFCD0F8254D59F7D
110,O,2FEBCA818ACD749B
110,O,143ED3A601C1A080
110,O,35828A8106C380D1
110,O,CC79602DDE23374F
110,O,3FD67C010BBA54DA
110,O,F627BC7B0387FA39
110,O,B1171B2BB00E5894
110,O,DFF959D9A2B5E03E
110,O,35AEEA90C71121F0
110,O,35AEEA90C71121F0
110,O,B404A065F58A5F64
110,O,4FC7150518C5234A
110,O,3FB2109BF5E57DDB
110,O,455FC1E8B39E3D16
110,O,F01C5503A89517B4
110,O,88461293F994CB07
110,O,7FC94FB715BB85C6
110,O,08A237AE35DF8A35
110,O,9711BA45457DCA24
110,O,99FB764916B4BA81
110,O,E293EF47A90B818D
110,O,616738F21326814A
110,O,3A1D9864C04075B2
110,O,153D32217234A0F0
110,O,5CCBD9A6B58BF20D
110,O,E049C81469E2B3C0
110,O,076E1E9D5874C41D
110,O,343CF2F6ADACAACC
110,O,F6EE4DC41A299593
110,O,83EB94899B6BBB4B
110,O,F57E1173086C7A51
110,O,5D75A800F823B45D
111,O,1ACC12FB59AE1A98
111,O,917DF4AF0ED7B258
111,O,92540DF9CB08304C
111,O,325D388E2C927954
111,O,E77716C29E34669E
111,O,00ACB49D76C8C16F
111,O,D64C1350EE61A2AD
111,O,D187AB3DC52090EF
111,O,40CC41621D07AA2D
111,O,6E8CB58283AF3CB1
111,O,5FFF428D657F1361
111,O,A06590AD808DC9A9
111,O,032C7D86DF9ED3AC
111,O,742D35CD1DEA10FD
111,O,8B5745F31A5778D7
111,O,D15281453EE5E0B4
111,O,A0424645102B1D9C
111,O,9D0E44D3210264C3
111,O,EC2573EE5FF42AAC
111,O,C0B3CCF700EDA89C
111,O,633A3F4B4A5637C2
111,I,633A3F4B4A5637C2
111,I,2DF5E48438A56E56
111,I,01920071384D131D
111,I,50C82DFB0AC97FC8
111,I,7E4358262A4F586A
111,I,FA0F3FFF968619F2
111,I,B3C1A7541DDBB708
111,I,FD9F24DFA3090351
111,I,D9C045AD58C8CD38
111,I,16166F0A6907133D
111,I,11B2034DDF30617A
111,I,33033960343A57A8
111,I,F6A446C66F7F805E
111,I,35CD2E3911AEA038
111,I,C847FC07707BC068
111,I,AA62C03711F778F2
111,I,2F7C67769B9FB896
111,I,BB172B3A5DAC85A4
111,I,0543B8455A70833F
111,I,D446D1EA79502BF2
111,I,FE3B13A457EEA70C
111,I,F203BEDE3E90A5BA
111,I,3BB1407BA61E0A9B
111,I,1ACC12FB59AE1A98
111P,O,534DB02642325617
111P,O,79E1F84E966F6113
111P,O,53FCF9B3DFD6C9F2
111P,O,D64C1350EE61A2AD
111P,O,D187AB3DC52090EF
111P,O,40CC41621D07AA2D
111P,O,6E8CB58283AF3CB1
111P,O,5FFF428D657F1361
111P,O,A06590AD808DC9A9
111P,O,032C7D86DF9ED3AC
111P,O,742D35CD1DEA10FD
111P,O,8B5745F31A5778D7
111P,O,D15281453EE5E0B4
111P,O,A0424645102B1D9C
111P,O,9D0E44D3210264C3
111P,O,EC2573EE5FF42AAC
111P,O,C0B3CCF700EDA89C
111P,O,633A3F4B4A5637C2
111P,I,633A3F4B4A5637C2
111P,I,2DF5E48438A56E56
111P,I,01920071384D131D
111P,I,50C82DFB0AC97FC8
111P,I,7E4358262A4F586A
111P,I,FA0F3FFF968619F2
111P,I,B3C1A7541DDBB708
111P,I,FD9F24DFA3090351
111P,I,D9C045AD58C8CD38
111P,I,16166F0A6907133D
111P,I,11B2034DDF30617A
111P,I,33033960343A57A8
111P,I,F6A446C66F7F805E
111P,I,35CD2E3911AEA038
111P,I,C847FC07707BC068
111P,I,AA62C03711F778F2
111P,I,661FEE32A0D73EB0
111P,I,D446D1EA79502BF2
111P,I,FE3B13A457EEA70C
111P,I,F203BEDE3E90A5BA
111P,I,3BB1407BA61E0A9B
111P,I,100E6F60BAC1BDEB
111P,I,C970D8254790191E
111P,I,6557A31762F5311F
111P,I,90ED381AD3BAE4F9
111P,I,534DB02642325617
112,O,BFC406EB675EF22E
112,O,616738F21326814A
112,O,7FBF4EAFB18821CA
112,O,F8365ACAC0B85C65
112,O,A3B9F3D6B2668DE3
112,O,6CAA11E0FD871B20
112,O,3E29AD52CE8C9255
112,O,D12FB3A70DDAED02
112,O,B17A07239E3E576E
112,O,153D32217234A0F0
112,O,893BBB901005C3E6
112,O,BBE77B90CE43AEFA
112,O,246B98B8B9F002F0
112,O,8552E415E0C7B113
112,O,D7C46496C9C7B7BA
112,O,704AF52FDCA7AE1B
112,O,1A85A6C132C4197F
112,O,C3FD63E226246052
112,O,C6E9CA12DCD8F695
112,O,667FDF4DEF4D2BAE
112,O,63B3694BF40FBEC6
112,O,F54744E6F5CDBC1A
112,O,44AF4BBD0B0BB3A0
112,I,44AF4BBD0B0BB3A0
112,I,1B710D8F35AF94E7
112,I,76D5C1E2B23E8743
112,I,B8B6E6DFE61EFC51
112,I,82867084F4E7B92E
112,I,1E29A8A8D3F6BABB
112,I,E553B839AD6A8C3D
112,I,889F84EBA6D9571A
112,I,028FA893A173A464
112,I,CABD12E7E061FC91
112,I,C0AA7F3501EFA657
112,I,337C68B5F413E04E
112,I,64E7A52D975DF3FF
112,I,1DD522300A4B9406
112,I,4D3CBBDB95447F2E
112,I,4795FBE235012096
112,I,BF9DD31FEADA2A05
112,I,DF901EF2F9A46F7B
112,I,834CC2324AAFB567
112,I,58C47FBFFF12E65F
112,I,4AEB8A22E18AB111
112,I,98AF62607465CE59
112,I,2969EE1DAEAD252A
112,I,BFC406EB675EF22E
113,O,4FDB108B1B5186DF
113,O,1DF17F085C6C1B78
113,O,AA2D8DCDD78651B0
113,O,93D9D88C2D990D67
113,O,D360B3EBF155C15A
113,O,713BF17AF24FE4DA
113,O,7C4E16F4A138B142
113,O,029519563009717D
113,O,946C74E30100FE80
113,O,C8203D267CECF949
113,O,DB581AD59964EA41
113,O,9DBBC71CB1578A87
113,O,312CD2A987AA2773
113,O,3821D64D2BF1BB66
113,O,7FAF7F6B57A8B606
113,O,853C70D76FF68196
113,O,66C6FDFC88F56E51
113,O,7CD8F96A087CDDF2
113,O,6EDDBD4E965874D7
113,O,4B02D9728417C46D
113,O,820241348552B5F0
113,O,1565610FC38F5BEA
113,O,EAAB84662A03A8F4
113,O,D11990ADF3DCD7B5
113,O,FDC2D737183E7C09
113,O,B1DE024B06DE2EC7
113,O,3B487B85E3F07416
113,O,C0B3CCF700EDA89C
113,O,FACA192DB8589295
113,O,0AB51B6742BD37E4
113,O,0F3CD50DC7D4F385
113,O,1749ED5AAA821C85
113,O,A72EB7FC6BB34E40
113,O,B6606A91B6DE64E3
113,O,07E603DFCBEAEA77
113,O,1BA80A40CD423D33
113,O,CEEA538B2BDFE329
113,O,5CE3ECA0F9501DAB
113,O,B0764B3D836822DE
113,O,7959F14FBCC06B74
113,I,7959F14FBCC06B74
113,I,AB251DCF928EEEE5
113,I,85CB8068F5EE5C72
113,I,A1034BF3E773BB68
113,I,1EDCDB755F40EB55
113,I,EC715C570AB11722
113,I,E89C6DCF25D25B3B
113,I,7616C33B0351F02D
113,I,1FBF3DA8236B5F45
113,I,D7D5360A9A0C5D6A
113,I,C0B0B597A9C896F7
113,I,7467743E276518E9
113,I,A6657A42304B7520
113,I,06D3396F1F07B07D
113,I,48105C2BE18DAD7F
113,I,5BDD937FB8FA0D9E
113,I,EAAE29D7F756462B
113,I,5E580B759FCA6CA2
113,I,79AFB35F9DBD485A
113,I,D5DB45916FCE114A
113,I,5D94D3084F0C3831
113,I,E907FA24426A9FD6
113,I,7D06FF559C2414AF
113,I,0A72152D4873A5C7
113,I,AE88B3CCA11ACCDC
113,I,F851B0B122F38CCC
113,I,EE848579A1FCC0E0
113,I,1E58DF8CAD59712E
113,I,FD45CEE7D2E4A9BF
113,I,C6F9EC39B9F09F32
113,I,0021600EF3DBEF94
113,I,26DE86F5E667C410
113,I,B8626845E031C9CF
113,I,A811A4AAF18AFAFF
113,I,20915DF05723C615
113,I,FE3B13A457EEA70C
113,I,138A71694F5A3451
113,I,5169C5ACEA8B1746
113,I,4FDB108B1B5186DF
115,O,60C1F7910C07C52B
115,O,D46ED62A04D37ECE
115,O,AD78D43BCE88067A
115,O,E706C4DB589B84E1
115,O,5134E170C222E516
115,O,ED03E689B88CE0E8
115,O,997CCAB996935BD7
115,O,438AFA4E9E76C953
115,O,7055FEADC58CB1F1
115,O,36F7DCE4723C2C44
115,O,95FAB1D2AD752ECE
115,O,AC48794DF1F3332C
115,O,5029C93BB80545B1
115,O,2BF5780A30BB85E1
115,O,C9109584C37A5B98
115,O,970DA2E578488682
115,O,38C9E6D10257D167
115,O,D29F8DE10E3417AD
115,O,F0B6112380784741
115,O,A5E0FE9BA2C37E30
115,I,A5E0FE9BA2C37E30
115,I,2DF5E48438A56E56
115,I,01920071384D131D
115,I,50C82DFB0AC97FC8
115,I,7E4358262A4F586A
115,I,FA0F3FFF968619F2
115,I,008DB70ED59FEBCD
115,I,FD9F24DFA3090351
115,I,34ABE4E9A4459BEE
115,I,C49197A4BBAC15A4
115,I,11B2034DDF30617A
115,I,9B1E8F7181466956
115,I,C39037A588387F32
115,I,69EB1A85EBBBA550
115,I,D3139CF35C894BC8
115,I,C5888ACE3DDA6B30
115,I,38C2E40346BA619E
115,I,9E655CE3250647EA
115,I,2C7AEE8C6B2BC06A
115,I,0B8D095A45B05587
115,I,C3427DE8E291FFA6
115,I,60C1F7910C07C52B
115P,O,A90086446CCBE314
115P,O,7055FEADC58CB1F1
115P,O,36F7DCE4723C2C44
115P,O,95FAB1D2AD752ECE
115P,O,AC48794DF1F3332C
115P,O,5029C93BB80545B1
115P,O,2BF5780A30BB85E1
115P,O,C9109584C37A5B98
115P,O,970DA2E578488682
115P,O,38C9E6D10257D167
115P,O,D29F8DE10E3417AD
115P,O,F0B6112380784741
115P,O,633A3F4B4A5637C2
116,O,57C138647A7F8CEF
116,O,119ADA59BD2708D2
116,O,C185612B431B197A
116,O,A4C9136D18013389
116,O,EF01999C9F909553
116,O,B337148DB333E5C4
116,O,711A39D02DB2B4D8
116,O,325D388E2C927954
116,O,A2BB1A240289038A
116,O,C7D38CBF5ADEA564
116,O,8BB1DE68DB8316D3
116,O,AE2A53D953B640BE
116,O,E798CB4E2C777782
116,O,6E8CB58283AF3CB1
116,O,9CFB5F7232818FFA
116,O,A06590AD808DC9A9
116,O,4D3CBBDB95447F2E
116,O,4795FBE235012096
116,O,B618AF0918FC2598
116,O,DF901EF2F9A46F7B
116,O,834CC2324AAFB567
116,O,58C47FBFFF12E65F
116,O,4AEB8A22E18AB111
116,O,98AF62607465CE59
116,O,2969EE1DAEAD252A
116,O,B6E124DFD59022EF
116,O,0B071FC4D33FC334
116,O,17A5341790B188CB
116,O,74CB8B8ECA4F4A44
116,O,A15E3D395843BC2F
116,O,AEFFE0AEBB68BF31
116,I,AEFFE0AEBB68BF31
116,I,628DF6A22E9172F8
116,I,EE07E4C45A4CC134
116,I,E5054AD30B9831F3
116,I,616738F21326814A
116,I,38D2BF58A38ADCA0
116,I,F8365ACAC0B85C65
116,I,A3B9F3D6B2668DE3
116,I,6CAA11E0FD871B20
116,I,3E29AD52CE8C9255
116,I,184C33F0F1EF7379
116,I,469644E45027A992
116,I,11B2034DDF30617A
116,I,33033960343A57A8
116,I,F6A446C66F7F805E
116,I,35CD2E3911AEA038
116,I,C847FC07707BC068
116,I,AA62C03711F778F2
116,I,2F7C67769B9FB896
116,I,7F25B423230F5BEE
116,I,CFCA63CAF4C25D2B
116,I,D446D1EA79502BF2
116,I,E7A17EFD6E7435AF
116,I,138A71694F5A3451
116,I,DB6981B82045B45C
116,I,ACE23D880D07ABB1
116,I,1DA57A1376E99AC6
116,I,964AA1DCAAD06512
116,I,D237B30F94B6065D
116,I,7D025E77F4B35266
116,I,EE3B5ABCB87027E7
116,I,57C138647A7F8CEF
116,I,A3B9F3D6B2668DE3
116,I,6CAA11E0FD871B20
116,I,3E29AD52CE8C9255
116,I,184C33F0F1EF7379
116,I,469644E45027A992
116,I,11B2034DDF30617A
116,I,33033960343A57A8
116,I,F6A446C66F7F805E
116,I,35CD2E3911AEA038
116,I,C847FC07707BC068
116,I,AA62C03711F778F2
116,I,2F7C67769B9FB896
116,I,7F25B423230F5BEE
116,I,CFCA63CAF4C25D2B
116,I,D446D1EA79502BF2
116,I,E7A17EFD6E7435AF
116,I,138A71694F5A3451
116,I,DB6981B82045B45C
116,I,ACE23D880D07ABB1
116,I,1DA57A1376E99AC6
116,I,964AA1DCAAD06512
116,I,D237B30F94B6065D
116,I,7D025E77F4B35266
116,I,EE3B5ABCB87027E7
116,I,57C138647A7F8CEF
117,O,02F9C16D5A3191D0
117,O,4AFCFC726ADBD5F7
117,O,E3B464760B6ADF30
117,O,ADA4B4F4B604885B
117,O,2CAFD3D60CAA7F5B
117,O,B577AC1835FA7995
117,O,2F4939964761E1FF
117,O,1030A4E612B75901
117,O,82A8D65E4B7DA67C
117,O,A9203545EC3AD6EE
117,O,74381FC9E2AFB379
117,O,337C68B5F413E04E
117,O,64E7A52D975DF3FF
117,O,1F109678B4866926
117,O,6EDDBD4E965874D7
117,O,388C3DB16F0F2719
117,O,5CAB5B74424F27B4
117,O,75D0FC0635A52F95
117,O,FF437FCE0AF3E01B
117,O,D617FE3785FAC79A
117,O,0CDE4C9C2E382656
117,I,0CDE4C9C2E382656
117,I,CDDAA8DE60B4EA0E
117,I,0B17DA299C307855
117,I,F0182B0359FB4924
117,I,4A626ACD36F8ED7A
117,I,153D32217234A0F0
117,I,893BBB901005C3E6
117,I,BBE77B90CE43AEFA
117,I,3A43E432D0588F79
117,I,0F4F935A9F14F111
117,I,E20D7A733ECDFA05
117,I,557B9185722A07DB
117,I,BE510511B0A7344E
117,I,A2E2FDB1428AE8AE
117,I,57ED9CF67F4D6AC4
117,I,D81EA700D73BBEB0
117,I,CC14CF9E8A163F34
117,I,26DE1EBFB560B18B
117,I,02F9C16D5A3191D0
118,O,494C28331301B811
118,O,1E88575F644EF7D4
118,O,A8762A74241E8027
118,O,667FDF4DEF4D2BAE
118,O,B8B6E6DFE61EFC51
118,O,82867084F4E7B92E
118,O,652BD65D62F807DE
118,O,E553B839AD6A8C3D
118,O,889F84EBA6D9571A
118,O,6FFA120DD2FA4790
118,O,50FF703302734DFF
118,O,C0AA7F3501EFA657
118,O,337C68B5F413E04E
118,O,64E7A52D975DF3FF
118,O,1F109678B4866926
118,O,C564EDC91AFD7D04
118,O,72F07CA66230A1BE
118,O,3C20E46D2F60DA28
118,O,EC157EA93B3DD279
118,O,FACE7DC841CEF78F
118,O,41E537666558ED07
118,O,687325CD84BA96A0
118,O,B4CF77BA0F9D34B8
118,O,671C0B06B1582C54
118,O,5F0966CBF6A909A3
118,O,B83A88488B3F6EAB
118,O,D533E8F25C189485
118,O,0F421E6B729C2D24
118,O,27039EC5E64E6137
118,O,2E0D7F52D1608C12
118,O,FC19ABA503C5FE51
118,O,50FF703302734DFF
118,O,C0AA7F3501EFA657
118,O,337C68B5F413E04E
118,O,64E7A52D975DF3FF
118,O,1F109678B4866926
118,O,C564EDC91AFD7D04
118,O,72F07CA66230A1BE
118,O,3C20E46D2F60DA28
118,O,EC157EA93B3DD279
118,O,FACE7DC841CEF78F
118,O,41E537666558ED07
118,O,687325CD84BA96A0
118,O,B4CF77BA0F9D34B8
118,O,671C0B06B1582C54
118,O,5F0966CBF6A909A3
118,O,B83A88488B3F6EAB
118,O,D533E8F25C189485
118,O,0F421E6B729C2D24
118,O,27039EC5E64E6137
118,O,2E0D7F52D1608C12
118,O,FC19ABA503C5FE51
118,O,C564EDC91AFD7D04
118,O,72F07CA66230A1BE
118,O,3C20E46D2F60DA28
118,O,EC157EA93B3DD279
118,O,FACE7DC841CEF78F
118,O,41E537666558ED07
118,O,687325CD84BA96A0
118,O,B4CF77BA0F9D34B8
118,O,671C0B06B1582C54
118,O,5F0966CBF6A909A3
118,O,B83A88488B3F6EAB
118,O,D533E8F25C189485
118,O,0F421E6B729C2D24
118,O,27039EC5E64E6137
118,O,2E0D7F52D1608C12
118,O,FC19ABA503C5FE51
118,I,FC19ABA503C5FE51
118,I,5C1471822EE10AF3
118,I,339DE84A73768EDC
118,I,906F89BBA32AEF7E
118,I,34F421B30D4CBFF5
118,I,BB5C1DCDD6B2BC9D
118,I,C539A7A9365F64D0
118,I,51B7D1F60A5BA724
118,I,4BD11538EEA40F55
118,I,22186D34914B7805
118,I,073E1DD8599E7315
118,I,41FA91EC4FFF5A19
118,I,0DCC18C3A018C1DA
118,I,75767448DA6FA081
118,I,4073C7B5B3D72456
118,I,153D32217234A0F0
118,I,893BBB901005C3E6
118,I,BBE77B90CE43AEFA
118,I,3A43E432D0588F79
118,I,0F4F935A9F14F111
118,I,E20D7A733ECDFA05
118,I,557B9185722A07DB
118,I,BE510511B0A7344E
118,I,A2E2FDB1428AE8AE
118,I,57ED9CF67F4D6AC4
118,I,D81EA700D73BBEB0
118,I,CC14CF9E8A163F34
118,I,CC9AE3EF28E5725F
118,I,2D30B4FAF44D2398
118,I,494C28331301B811
118,I,0B150FB5E5762484
118,I,B419936314A8BF44
118,I,073E1DD8599E7315
118,I,41FA91EC4FFF5A19
118,I,0DCC18C3A018C1DA
118,I,75767448DA6FA081
118,I,4073C7B5B3D72456
118,I,153D32217234A0F0
118,I,893BBB901005C3E6
118,I,BBE77B90CE43AEFA
118,I,3A43E432D0588F79
118,I,0F4F935A9F14F111
118,I,E20D7A733ECDFA05
118,I,557B9185722A07DB
118,I,BE510511B0A7344E
118,I,A2E2FDB1428AE8AE
118,I,57ED9CF67F4D6AC4
118,I,D81EA700D73BBEB0
118,I,CC14CF9E8A163F34
118,I,CC9AE3EF28E5725F
118,I,2D30B4FAF44D2398
118,I,494C28331301B811
118P,O,FC19ABA503C5FE51
118P,O,5C1471822EE10AF3
118P,O,339DE84A73768EDC
118P,O,906F89BBA32AEF7E
118P,O,60AFFC49BF89324D
118P,O,BEB6AA0DBF68ECDB
118P,O,2C09A04B7BEC82F9
118P,O,69EED8C6F125D0F0
118P,O,153D32217234A0F0
118P,O,893BBB901005C3E6
118P,O,BBE77B90CE43AEFA
118P,O,3A43E432D0588F79
118P,O,0F4F935A9F14F111
118P,O,E20D7A733ECDFA05
118P,O,557B9185722A07DB
118P,O,BE510511B0A7344E
118P,O,A2E2FDB1428AE8AE
118P,O,57ED9CF67F4D6AC4
118P,O,D81EA700D73BBEB0
118P,O,CC14CF9E8A163F34
118P,O,CC9AE3EF28E5725F
118P,O,2D30B4FAF44D2398
118P,O,494C28331301B811
118P,O,FC19ABA503C5FE51
118P,O,5C1471822EE10AF3
118P,O,339DE84A73768EDC
118P,O,906F89BBA32AEF7E
118P,O,60AFFC49BF89324D
118P,O,BEB6AA0DBF68ECDB
118P,O,2C09A04B7BEC82F9
118P,O,69EED8C6F125D0F0
118P,O,153D32217234A0F0
118P,O,893BBB901005C3E6
118P,O,BBE77B90CE43AEFA
118P,O,3A43E432D0588F79
118P,O,0F4F935A9F14F111
118P,O,E20D7A733ECDFA05
118P,I,494C28331301B811
118P,I,1E88575F644EF7D4
118P,I,A8762A74241E8027
118P,I,667FDF4DEF4D2BAE
118P,I,B8B6E6DFE61EFC51
118P,I,82867084F4E7B92E
118P,I,652BD65D62F807DE
118P,I,E553B839AD6A8C3D
118P,I,889F84EBA6D9571A
118P,I,6FFA120DD2FA4790
118P,I,50FF703302734DFF
118P,I,C0AA7F3501EFA657
118P,I,337C68B5F413E04E
118P,I,64E7A52D975DF3FF
118P,I,1F109678B4866926
118P,I,C564EDC91AFD7D04
118P,I,81F0BEB905581316
118P,I,EE96AFEA1038F230
118P,I,1741DBD77E775E0C
118P,I,0F421E6B729C2D24
118P,I,27039EC5E64E6137
118P,I,2E0D7F52D1608C12
118P,I,FC19ABA503C5FE51
118R,O,1CB893E0DE8F8B43
118R,O,153D32217234A0F0
118R,O,893BBB901005C3E6
118R,O,BBE77B90CE43AEFA
118R,O,3A43E432D0588F79
118R,O,0F4F935A9F14F111
118R,O,D7C46496C9C7B7BA
170,O,F0A8A596641FFC5A
170,O,19521C0A1CA93C52
170,O,6FA31E38468068B6
170,O,A7AFBCA40D458E0D
170,O,CAE09A3D7E2BE997
170,O,4E366AF78461E12D
170,O,AD0E19B05666A22B
170,O,C7C1C12D89968698
170,O,E34E3D48842C9B66
170,O,2431FF3100478DEE
170,O,ED6FCB0422D541F5
170,O,850F72123F644500
170,O,3821D64D2BF1BB66
170,O,66C6FDFC88F56E51
170,O,7CD8F96A087CDDF2
170,O,6DD60A482B4CDAF6
170,O,922B809184ED33A9
170,O,719B6A48C203AFBA
170,O,4BF5A563B95D2F42
170,O,5D26737FDFC4F738
170,O,3147FEC6D6DC535A
170,O,43F5D5E06711C646
170,O,86A5437DDF01EDE1
170,O,D9185868BC7E2D84
170,O,8FA45700BDAE662B
170,O,3E6118D2AD8D9330
170,O,6ADCBDE3DD43F8E7
170,O,5C6A29BCDA410664
170,O,939DD40498CB3066
170,O,F0A8A596641FFC5A
170,O,19521C0A1CA93C52
170,O,6FA31E38468068B6
170,O,A7AFBCA40D458E0D
170,O,CAE09A3D7E2BE997
170,O,4E366AF78461E12D
170,O,AD0E19B05666A22B
170,O,C7C1C12D89968698
170,O,E34E3D48842C9B66
170,O,2431FF3100478DEE
170,O,ED6FCB0422D541F5
170,O,850F72123F644500
170,O,3821D64D2BF1BB66
170,O,66C6FDFC88F56E51
170,O,7CD8F96A087CDDF2
170,O,6DD60A482B4CDAF6
170,O,922B809184ED33A9
170,O,719B6A48C203AFBA
170,O,56D43C634272F125
170,O,4BF5A563B95D2F42
170,O,5D26737FDFC4F738
170,O,3147FEC6D6DC535A
170,O,43F5D5E06711C646
170,O,86A5437DDF01EDE1
170,O,D9185868BC7E2D84
170,O,8FA45700BDAE662B
170,O,3E6118D2AD8D9330
170,O,6ADCBDE3DD43F8E7
170,O,5C6A29BCDA410664
170,O,939DD40498CB3066
170,I,939DD40498CB3066
170,I,38AD2E7846D11D52
170,I,203A1B18FDE58D89
170,I,90535913F657C516
170,I,F6E414A440CD7C70
170,I,718556B5D930CAFB
170,I,98D50686DF57B6F7
170,I,EC839AE65935149B
170,I,AE4E8F82AD65348C
170,I,225E8FAE869B3308
170,I,86B81946F9FA57FB
170,I,A07CC0A6D462A579
170,I,9E25CF3DAA0BA0C4
170,I,9541036143D6CCF1
170,I,13C75FFFA2BB060D
170,I,78277EF9D0189DED
170,I,79AFB35F9DBD485A
170,I,D5DB45916FCE114A
170,I,5D94D3084F0C3831
170,I,89A4D25AC31A8388
170,I,6465986EF7824816
170,I,C53A00F15DC2DB20
170,I,48E5A1EED91712EE
170,I,D099C45C9443AFC8
170,I,45D0CFA28B3FEFE5
170,I,B8E2647E9C5019C9
170,I,AAECA769A84E2372
170,I,A66159E033DDEA04
170,I,C92E80A5D7E0E8EC
170,I,07ADFF84F3502690
170,I,3F6F5DC1DDA5F68E
170,I,45809C20B6578E53
170,I,6953AEF8B3921959
170,I,99B9CAA698C36C5E
170,I,F0A8A596641FFC5A
170,I,939DD40498CB3066
170,I,38AD2E7846D11D52
170,I,203A1B18FDE58D89
170,I,90535913F657C516
170,I,F6E414A440CD7C70
170,I,718556B5D930CAFB
170,I,98D50686DF57B6F7
170,I,EC839AE65935149B
170,I,AE4E8F82AD65348C
170,I,5AC3E62D33B2D85D
170,I,225E8FAE869B3308
170,I,86B81946F9FA57FB
170,I,A07CC0A6D462A579
170,I,9E25CF3DAA0BA0C4
170,I,9541036143D6CCF1
170,I,13C75FFFA2BB060D
170,I,78277EF9D0189DED
170,I,79AFB35F9DBD485A
170,I,D5DB45916FCE114A
170,I,5D94D3084F0C3831
170,I,89A4D25AC31A8388
170,I,6465986EF7824816
170,I,C53A00F15DC2DB20
170,I,48E5A1EED91712EE
170,I,D099C45C9443AFC8
170,I,45D0CFA28B3FEFE5
170,I,B8E2647E9C5019C9
170,I,AAECA769A84E2372
170,I,A66159E033DDEA04
170,I,C92E80A5D7E0E8EC
170,I,07ADFF84F3502690
170,I,3F6F5DC1DDA5F68E
170,I,45809C20B6578E53
170,I,6953AEF8B3921959
170,I,99B9CAA698C36C5E
170,I,F0A8A596641FFC5A
171,O,636F6AAF3B891E82
171,O,79BB89DA868D93CF
171,O,BE47845FF3E717FC
171,O,F01F8CF411A34AA7
171,O,AE9F399F5ACF4837
171,O,9DA9C859E574B8B4
171,O,A701BCC43DF54B6B
171,O,FC28F96F0BAF8FF7
171,O,1E29A8A8D3F6BABB
171,O,E553B839AD6A8C3D
171,O,889F84EBA6D9571A
171,O,6FFA120DD2FA4790
171,O,32491C3A5645AD42
171,O,C0AA7F3501EFA657
171,O,337C68B5F413E04E
171,O,64E7A52D975DF3FF
171,O,1DD522300A4B9406
171,O,6DD60A482B4CDAF6
171,O,719B6A48C203AFBA
171,O,4BF5A563B95D2F42
171,O,9AD628EDE1178D24
171,O,3147FEC6D6DC535A
171,O,4830E097480D3AD6
171,O,EE1C91F3EDCEBB7E
171,O,277B784B9369F9E1
171,O,85363AEF68CB6277
171,O,5A7CD7DCB08F92C2
171,O,ED29F1957E0D38EC
171,O,A082B0B376063B20
171,O,579FD884D6371179
171,O,C95F46AD9BB057BC
171,O,636F6AAF3B891E82
171,O,79BB89DA868D93CF
171,O,BE47845FF3E717FC
171,O,F01F8CF411A34AA7
171,O,AE9F399F5ACF4837
171,O,9DA9C859E574B8B4
171,O,A701BCC43DF54B6B
171,O,FC28F96F0BAF8FF7
171,O,1E29A8A8D3F6BABB
171,O,E553B839AD6A8C3D
171,O,889F84EBA6D9571A
171,O,6FFA120DD2FA4790
171,O,32491C3A5645AD42
171,O,C0AA7F3501EFA657
171,O,337C68B5F413E04E
171,O,64E7A52D975DF3FF
171,O,1DD522300A4B9406
171,O,6DD60A482B4CDAF6
171,O,719B6A48C203AFBA
171,O,56D43C634272F125
171,O,4BF5A563B95D2F42
171,O,9AD628EDE1178D24
171,O,3147FEC6D6DC535A
171,O,4830E097480D3AD6
171,O,EE1C91F3EDCEBB7E
171,O,277B784B9369F9E1
171,O,85363AEF68CB6277
171,O,5A7CD7DCB08F92C2
171,O,ED29F1957E0D38EC
171,O,A082B0B376063B20
171,O,579FD884D6371179
171,O,C95F46AD9BB057BC
171,O,636F6AAF3B891E82
171,O,79BB89DA868D93CF
171,O,BE47845FF3E717FC
171,O,F01F8CF411A34AA7
171,O,AE9F399F5ACF4837
171,O,9DA9C859E574B8B4
171,O,A701BCC43DF54B6B
171,O,FC28F96F0BAF8FF7
171,O,1E29A8A8D3F6BABB
171,O,E553B839AD6A8C3D
171,O,889F84EBA6D9571A
171,O,6FFA120DD2FA4790
171,O,32491C3A5645AD42
171,O,C0AA7F3501EFA657
171,O,337C68B5F413E04E
171,O,64E7A52D975DF3FF
171,O,1DD522300A4B9406
171,O,6DD60A482B4CDAF6
171,O,719B6A48C203AFBA
171,O,4BF5A563B95D2F42
171,O,9AD628EDE1178D24
171,O,3147FEC6D6DC535A
171,O,4830E097480D3AD6
171,O,EE1C91F3EDCEBB7E
171,O,277B784B9369F9E1
171,O,85363AEF68CB6277
171,O,5A7CD7DCB08F92C2
171,O,ED29F1957E0D38EC
171,O,C95F46AD9BB057BC
171,I,C95F46AD9BB057BC
171,I,96BA48FFCBDB7791
171,I,2208DE69AD7B38DA
171,I,C355E5F825B9864F
171,I,38B4D64E5D9DA9AB
171,I,7C27E54D8AEC683A
171,I,659365A8AB2B98E9
171,I,3227505D6CDA32C9
171,I,7906D320A27CAD88
171,I,EC839AE65935149B
171,I,AE4E8F82AD65348C
171,I,225E8FAE869B3308
171,I,4A626ACD36F8ED7A
171,I,153D32217234A0F0
171,I,893BBB901005C3E6
171,I,BBE77B90CE43AEFA
171,I,246B98B8B9F002F0
171,I,3B7368AAB82CC612
171,I,730AB612DCDF58C8
171,I,1A85A6C132C4197F
171,I,C3FD63E226246052
171,I,098AF67CBBB9FBA9
171,I,0BADB28A19C2E0BE
171,I,A1AA846971415968
171,I,6188A6666E298598
171,I,70349D91EC82AFE1
171,I,E35B5F1B80E085E6
171,I,EBEF10F95443B217
171,I,636F6AAF3B891E82
171,I,C95F46AD9BB057BC
171,I,96BA48FFCBDB7791
171,I,2208DE69AD7B38DA
171,I,C355E5F825B9864F
171,I,38B4D64E5D9DA9AB
171,I,7C27E54D8AEC683A
171,I,659365A8AB2B98E9
171,I,3227505D6CDA32C9
171,I,7906D320A27CAD88
171,I,EC839AE65935149B
171,I,AE4E8F82AD65348C
171,I,5AC3E62D33B2D85D
171,I,225E8FAE869B3308
171,I,4A626ACD36F8ED7A
171,I,153D32217234A0F0
171,I,893BBB901005C3E6
171,I,BBE77B90CE43AEFA
171,I,246B98B8B9F002F0
171,I,3B7368AAB82CC612
171,I,730AB612DCDF58C8
171,I,1A85A6C132C4197F
171,I,C3FD63E226246052
171,I,098AF67CBBB9FBA9
171,I,0BADB28A19C2E0BE
171,I,A1AA846971415968
171,I,6188A6666E298598
171,I,70349D91EC82AFE1
171,I,E35B5F1B80E085E6
171,I,EBEF10F95443B217
171,I,636F6AAF3B891E82
171,I,C95F46AD9BB057BC
171,I,C355E5F825B9864F
171,I,38B4D64E5D9DA9AB
171,I,7C27E54D8AEC683A
171,I,659365A8AB2B98E9
171,I,3227505D6CDA32C9
171,I,7906D320A27CAD88
171,I,EC839AE65935149B
171,I,AE4E8F82AD65348C
171,I,225E8FAE869B3308
171,I,4A626ACD36F8ED7A
171,I,153D32217234A0F0
171,I,893BBB901005C3E6
171,I,BBE77B90CE43AEFA
171,I,246B98B8B9F002F0
171,I,3B7368AAB82CC612
171,I,730AB612DCDF58C8
171,I,1A85A6C132C4197F
171,I,C3FD63E226246052
171,I,098AF67CBBB9FBA9
171,I,0BADB28A19C2E0BE
171,I,A1AA846971415968
171,I,6188A6666E298598
171,I,70349D91EC82AFE1
171,I,E35B5F1B80E085E6
171,I,EBEF10F95443B217
171,I,636F6AAF3B891E82
171A,O,659365A8AB2B98E9
171A,O,3227505D6CDA32C9
171A,O,7906D320A27CAD88
171A,O,EC839AE65935149B
171A,O,AE4E8F82AD65348C
171A,O,225E8FAE869B3308
171A,O,4A626ACD36F8ED7A
171A,O,153D32217234A0F0
171A,O,893BBB901005C3E6
171A,O,BBE77B90CE43AEFA
171A,O,246B98B8B9F002F0
171A,O,3B7368AAB82CC612
171A,O,730AB612DCDF58C8
171A,O,1A85A6C132C4197F
171A,O,C3FD63E226246052
171A,O,098AF67CBBB9FBA9
171A,O,0BADB28A19C2E0BE
171A,O,A1AA846971415968
171A,O,6188A6666E298598
171A,O,70349D91EC82AFE1
171A,O,E35B5F1B80E085E6
171A,O,EBEF10F95443B217
171A,O,636F6AAF3B891E82
171P,O,C95F46AD9BB057BC
171P,O,96BA48FFCBDB7791
171P,O,2208DE69AD7B38DA
171P,O,C355E5F825B9864F
171P,O,38B4D64E5D9DA9AB
171P,O,7C27E54D8AEC683A
171P,O,EC839AE65935149B
171P,O,225E8FAE869B3308
171P,O,153D32217234A0F0
171P,O,893BBB901005C3E6
171P,O,BBE77B90CE43AEFA
171P,O,246B98B8B9F002F0
171P,O,3B7368AAB82CC612
171P,O,730AB612DCDF58C8
171P,O,1A85A6C132C4197F
171P,O,C3FD63E226246052
171P,O,098AF67CBBB9FBA9
171P,O,0BADB28A19C2E0BE
171P,O,A1AA846971415968
171P,O,6188A6666E298598
171P,O,70349D91EC82AFE1
171P,O,E35B5F1B80E085E6
171P,O,EBEF10F95443B217
171P,O,636F6AAF3B891E82
182,O,EF15FBC5E8A02ADA
182,O,CF75BC81CDF3D411
182,O,896D3C4F7F91E9C9
182,O,C6F406D78E5C515A
182,O,0ABE48106C953AC9
182,O,66BF94751BD28BAD
182,O,3D5F8A471AE2AE99
182,O,6FA31E38468068B6
182,O,5C6B22551FFEB285
182,O,CAE09A3D7E2BE997
182,O,4E366AF78461E12D
182,O,AD0E19B05666A22B
182,O,C7C1C12D89968698
182,O,2431FF3100478DEE
182,O,ED6FCB0422D541F5
182,O,850F72123F644500
182,O,3821D64D2BF1BB66
182,O,66C6FDFC88F56E51
182,O,7CD8F96A087CDDF2
182,O,5029C93BB80545B1
182,O,A70C52925AAF4A1E
182,O,182976403F291FE0
182,O,82F385AE99820D83
182,O,B4BC12D061EC853E
182,O,6ACA5143BB7C496B
182,O,DD5CDB226E98FD0B
182,O,67387941757BB9DC
182,O,59013D693D2493FE
182,I,59013D693D2493FE
182,I,C78818C8285315B3
182,I,5298A15B8CCAEF42
182,I,A9069A17B1474D76
182,I,3007D34FB91FB27E
182,I,1AB934EFE0E1470A
182,I,048A87496B30B946
182,I,FD9F24DFA3090351
182,I,64FBF17E3209D217
182,I,4A626ACD36F8ED7A
182,I,79AFB35F9DBD485A
182,I,D5DB45916FCE114A
182,I,5D94D3084F0C3831
182,I,89A4D25AC31A8388
182,I,6465986EF7824816
182,I,C53A00F15DC2DB20
182,I,48E5A1EED91712EE
182,I,8FE9357F36300CD7
182,I,B8E2647E9C5019C9
182,I,AAECA769A84E2372
182,I,A66159E033DDEA04
182,I,C92E80A5D7E0E8EC
182,I,07ADFF84F3502690
182,I,B9EE83CA8ABB578B
182,I,50F2B96452F78F19
182,I,1AE43A670EACECB1
182,I,C0D515CA78A56B65
182,I,3C624F6CB2D5BBEA
182,I,C1E9F8237EDBBAD2
182,I,4BFB5F2D496CDA56
182,I,EF15FBC5E8A02ADA
182X,O,59013D693D2493FE
182X,O,C78818C8285315B3
182X,O,5298A15B8CCAEF42
182X,O,A9069A17B1474D76
182X,O,3007D34FB91FB27E
182X,O,1AB934EFE0E1470A
182X,O,048A87496B30B946
182X,O,FD9F24DFA3090351
182X,O,64FBF17E3209D217
182X,O,4A626ACD36F8ED7A
182X,O,B8E2647E9C5019C9
182X,O,AAECA769A84E2372
182X,O,A66159E033DDEA04
182X,O,C92E80A5D7E0E8EC
182X,O,07ADFF84F3502690
182X,O,B9EE83CA8ABB578B
182X,O,B3E11B99D4E4F4AE
182X,O,8EE5AC5D519C140E
182X,O,944A9ADFCA286511
182X,O,808CA5FECCC6646D
182X,O,EF15FBC5E8A02ADA
203C,O,021BA4C3BAC4C747
203C,O,3715F32B3A14C278
203C,O,D35570D44FA8773C
203C,O,43A2973FECD2636D
203C,O,4645CE23D819DEB0
203C,O,E693A3D0BCAF406F
203C,O,23CF721FCA83F54B
203C,O,937CA381A981989F
203C,O,0C8D3ED04A656619
203C,O,FD215BB86EDC1354
203C,O,C4DC1D050CDF793D
203C,O,A6DF150EE61DC8B3
203C,O,65B934D14EA190F1
203C,O,774D2D2447DEA064
203C,O,6239FCEBEDB88082
203C,O,6878FAB7D0006FEF
203C,O,E13E697DA5AE4D59
203C,O,5CCBD9A6B58BF20D
203C,O,E049C81469E2B3C0
203C,O,076E1E9D5874C41D
203C,O,83EB94899B6BBB4B
203C,O,5F60283656DF3016
203C,O,5D75A800F823B45D
203C,O,9E376227A51AB6BE
203C,I,9E376227A51AB6BE
203C,I,9CAF2FDA35EEF9E2
203C,I,AB057A63C24E990E
203C,I,2946BA6CACA326DF
203C,I,20D0C9CBE2BC9451
203C,I,38CFFC43FD4E0126
203C,I,33506DF7A7D71391
203C,I,4CA486B230A34D3A
203C,I,6F755DD7C8AEB1B4
203C,I,50A5C817D1469A62
203C,I,F8746C57BC486530
203C,I,B5C14166D9D87535
203C,I,EA59A314ABB9386E
203C,I,1D70AD74F1C97404
203C,I,10B9166A227FD69A
203C,I,F2E57A05C35D0931
203C,I,452B999F1A8E9FF1
203C,I,0F64A2CFCB297E64
203C,I,ADDE136AB30858A0
203C,I,DE72952CE42D037C
203C,I,0BFA73880D34A273
203C,I,B5F6765A38C1741D
203C,I,021BA4C3BAC4C747
203C,I,9E376227A51AB6BE
203C,I,9CAF2FDA35EEF9E2
203C,I,AB057A63C24E990E
203C,I,2946BA6CACA326DF
203C,I,20D0C9CBE2BC9451
203C,I,38CFFC43FD4E0126
203C,I,33506DF7A7D71391
203C,I,4CA486B230A34D3A
203C,I,6F755DD7C8AEB1B4
203C,I,50A5C817D1469A62
203C,I,F8746C57BC486530
203C,I,B5C14166D9D87535
203C,I,EA59A314ABB9386E
203C,I,1D70AD74F1C97404
203C,I,10B9166A227FD69A
203C,I,F2E57A05C35D0931
203C,I,641CFD3CA2D064DD
203C,I,2DA0A957F4311156
203C,I,0F64A2CFCB297E64
203C,I,ADDE136AB30858A0
203C,I,DE72952CE42D037C
203C,I,0BFA73880D34A273
203C,I,B5F6765A38C1741D
203C,I,021BA4C3BAC4C747
203E,O,55DFA7DF300865AF
203E,O,DB6981B82045B45C
203E,O,ACE23D880D07ABB1
203E,O,1DA57A1376E99AC6
203E,O,D4E2DC0F24A22589
203E,O,0D39977C225DD2D5
203E,O,AC30AF0DFC95D507
203E,O,17EB4B9A9DE2FAF6
203E,O,BAA5C48341F400C8
203E,O,401EAF24B736C5B6
203E,O,E9468D2AE13C3F39
203E,O,3B8776600A4384D1
203E,O,D7EDDEA5A942843B
203E,O,2F3C9727D9186DAB
203E,O,8023E1026EA356F7
203E,O,8C44D48B9BAAB774
203E,O,300D1812E3A085C3
203E,O,9B1BE296C2AC5F97
203E,O,6D1F582245EC568B
203E,O,6C9939568AAA34EA
203E,O,5D3B3AE3CCFDDA96
203E,O,3E752B45D12458EF
203E,O,A5A6FF8443523FF9
203E,O,FD1B403FD4EC3E8D
203E,O,FB9FA7AAA17E9E9D
203E,O,818CD5D5B9FD5B97
203E,I,818CD5D5B9FD5B97
203E,I,31072508CEF942C6
203E,I,C91C122CFC3FF66B
203E,I,0E9F8B5A3734D9CE
203E,I,FABC0445FC1C04D7
203E,I,3A43E432D0588F79
203E,I,E6124D0EDF568E1E
203E,I,701AC3250BF77D0E
203E,I,48AA5A2907C1833D
203E,I,8D5C58075D3C1003
203E,I,B0DDF2CD704116C8
203E,I,6C1DEF32B8CB92C4
203E,I,161B32AD4C6996AD
203E,I,6965D1D655C2DD5F
203E,I,7F25B423230F5BEE
203E,I,CFCA63CAF4C25D2B
203E,I,D446D1EA79502BF2
203E,I,DE9BE04046C197C4
203E,I,88E23CD2F1AB7AF9
203E,I,0B160DE955F3AE10
203E,I,830FACA208087E37
203E,I,63E6DD5119A301AD
203E,I,EF01999C9F909553
203E,I,B337148DB333E5C4
203E,I,711A39D02DB2B4D8
203E,I,5169C5ACEA8B1746
203E,I,55DFA7DF300865AF
203S,O,53CB550BC9E1B80C
203S,O,9E16397100F502B9
203S,O,23CF721FCA83F54B
203S,O,937CA381A981989F
203S,O,0C8D3ED04A656619
203S,O,FD215BB86EDC1354
203S,O,C4DC1D050CDF793D
203S,O,A6DF150EE61DC8B3
203S,O,65B934D14EA190F1
203S,O,F7CAA2D4FF9D61F7
203S,O,C2685779C6B11E87
203S,O,A9203545EC3AD6EE
203S,O,36AABE317D2F7A0B
203S,O,5EEA801CA265E5C1
203S,O,77BFE3A169866C7D
203S,O,A37F8CF766FCF9F3
203S,O,1DEB855D55528B03
203S,O,11A1269F9B78F269
203S,O,5D75A800F823B45D
203S,O,9E376227A51AB6BE
208,O,B2FCC11A86792139
208,O,4CE0325AE0DC6957
208,O,B4D3F2936EB79DF7
208,O,B97DD1419E4BB86E
208,O,210CF8389F782535
208,O,2F390B21000CF215
208,O,A15EC70C910B44CD
208,O,2E0AB36307ECA231
208,O,6E3DDCA31C3CC1FA
208,O,A4A4296E3ECFA98C
208,O,362808DBFCB54055
208,O,312CD2A987AA2773
208,O,98FCC750B322B706
208,O,BC294083A50B89DB
208,O,38CBB6C76211934F
208,O,F63C76EC97E38A91
208,O,777ED0B1F3CF10DD
208,O,EDF107F1315D6805
208,O,77BFE3A169866C7D
208,O,EAE9158BE729E917
208,O,D2217D7746597D10
208,O,576538E1395C8508
208,O,1864222D8939BD69
208,O,65194DB76048113F
208,I,65194DB76048113F
208,I,FE2815CBCD21C57C
208,I,F2508598F5A43655
208,I,3313287185163530
208,I,9CAF2FDA35EEF9E2
208,I,AB057A63C24E990E
208,I,B0028A481BF4ACC7
208,I,5419928D472EAD8D
208,I,2F281B3C90B46763
208,I,088B858E4B54D8AC
208,I,F56B1C6169FFC940
208,I,4A2B9089021412CD
208,I,F5ACAE2B0ACBC9AE
208,I,E907FA24426A9FD6
208,I,7D06FF559C2414AF
208,I,E4B6BF6D835723A0
208,I,7CC71E7933DD9625
208,I,D34CCDD12A1BC57F
208,I,5841F981BB45CBEE
208,I,E442D94E9165461E
208,I,A96BE8855D16BCE0
208,I,F3753E60F86B0068
208,I,BAC16D95B9C8D31C
208,I,B2FCC11A86792139
211,O,C25EB13977ABF04E
211,O,76AB9046AC5C4DFF
211,O,73829A47B6E78E5B
211,O,E2E25068F99CF92B
211,O,1A3478416DABC289
211,O,1F189CEB915C191D
211,O,A7ACF96685132360
211,O,653B1CE8590D4B52
211,O,48EC2AD5CE8953A1
211,O,0AB2356DB4B15F19
211,O,D8DBA3F5A1146887
211,O,CEACD1DF9F00EF44
211,O,6E410E80F8C9915B
211,O,86C825C27CF54222
211,O,13C8F0634E96FD3B
211,O,E722FC3E26BE38D1
211,O,C25EB13977ABF04E
211A,O,32450B36AD15FDE7
211A,O,6E410E80F8C9915B
211A,O,86C825C27CF54222
211A,O,13C8F0634E96FD3B
211A,O,E722FC3E26BE38D1
211A,O,000DF0B79CF28326
211A,O,76AB9046AC5C4DFF
211A,O,73829A47B6E78E5B
211A,O,E2E25068F99CF92B
211A,O,1A3478416DABC289
211A,O,32450B36AD15FDE7
213A,O,99A50A96B5A4DE22
213A,O,389B25932AD10BA3
213A,O,FF68304E8C1FF0B1
213A,O,E7FFA1939B4F8EB6
213A,O,3BA9C90738A8600D
213A,O,29B66F2353388E18
213B,O,716E5DBD24DCE28B
213B,O,51657C54B75A5304
213B,O,B930999AA5F7E997
213B,O,B5CB3F0D26BBBD03
213B,O,FDFA7692A141612F
213B,O,BBDFF2D05E37EE61
213D,O,265133DD348D564C
213D,O,6F106FD26B684372
213D,O,D83C4CC1305E35E9
213D,O,1FBAAE29AF1CA50E
213D,O,466BC4C1908A1A06
213D,O,97BEC62C0E27AB8A
213D,O,389B25932AD10BA3
213D,O,FF68304E8C1FF0B1
213D,O,E7FFA1939B4F8EB6
213D,O,3BA9C90738A8600D
213D,O,29B66F2353388E18
213D,O,4D9419874306D82F
213D,O,D625B0997C3DBCFE
213D,O,67727D444E2EC42B
213D,O,3161D898CD89AA38
213D,O,9DBBC71CB1578A87
213D,O,312CD2A987AA2773
213D,O,40E8A4AA35AEB18A
213D,O,55EE74AF2D1A7DAA
213D,O,6F5585807DB07812
213D,O,1876E8AF9A236BAB
213D,O,D01D18C6EB79F84B
213D,O,A72D15160CC3AF31
213D,O,8D5C58075D3C1003
213D,O,B0DDF2CD704116C8
213D,O,6C1DEF32B8CB92C4
213D,O,6965D1D655C2DD5F
213D,O,0AB522DFFCD4CD4F
213D,O,7210357910C44570
213D,O,7EC2A04EAD230873
213D,O,E7116B44D9E9393A
213D,O,29740CCBBD82FC33
213D,O,7AEA492D148C9ECD
213D,O,EC1E1868D370F3D9
213D,O,51657C54B75A5304
213D,O,4A91A327C9FC745E
213D,O,39AB774DC35311C0
213D,O,93084A14AE624C6F
213D,O,D17050E8964504BB
213D,O,04DDF4F7F1C74876
213D,O,265133DD348D564C
213E,O,7B0BAF8C626CDF2D
213E,O,FA9F1DB955870000
213E,O,1DB8D58C023AFD4D
213E,O,21F97AD41821FC73
213E,O,EA2CFF27310EAEC3
213E,O,25863CD2A364E72F
213E,O,B568727F49CD11A3
213E,O,558599642E78BB9B
213E,O,BEEBDDB542A7E709
213E,O,48184733EFE9D3E3
213E,O,6265ADC5B1D37D6C
213E,O,2EEB9CB69FB6A58D
213E,O,0CC0B21EFF42EE19
213E,O,FF46CB6182028AC6
213E,I,FF46CB6182028AC6
213E,I,31072508CEF942C6
213E,I,83EB94899B6BBB4B
213E,I,B7A8F179CD71B22E
213E,I,F57E1173086C7A51
213E,I,0840B3F75A7B00BD
213E,I,FE4E099AEA040C89
213E,I,E46A9F0C0CB609F5
213E,I,E45CFAB2E6E4C8FE
213E,I,AA97FFC49AE957A5
213E,I,BE27F066CF40DF7D
213E,I,1FBAAE29AF1CA50E
213E,I,466BC4C1908A1A06
213E,I,5996115DCAE8C603
213E,I,0BACBE7BF15833EC
213E,I,CABB1AAE412C6049
213E,I,7B0BAF8C626CDF2D
213M,O,716E5DBD24DCE28B
213M,O,057B2DCE8BE58FFA
213M,O,8CA39D263F36C070
213M,O,39AB774DC35311C0
213M,O,25863CD2A364E72F
213M,O,061BF67CD917035D
213M,O,ED8812E232F6958A
213M,O,1FBAAE29AF1CA50E
213M,O,466BC4C1908A1A06
213M,O,AA52228890817D12
213M,O,389B25932AD10BA3
213M,O,FF68304E8C1FF0B1
213M,O,716E5DBD24DCE28B
213S,O,D365563B7CA5803E
213S,O,39AB774DC35311C0
213S,O,25863CD2A364E72F
213S,O,061BF67CD917035D
213S,O,ED8812E232F6958A
213S,O,1FBAAE29AF1CA50E
213S,O,466BC4C1908A1A06
213S,O,AA52228890817D12
213S,O,7738C40636E479F0
213X,O,73BBDBB9F39C2E81
213X,O,AC5FA3C58493A4ED
213X,O,057B2DCE8BE58FFA
213X,O,F62E0C6D12FBEA93
213X,O,EA2CFF27310EAEC3
213X,O,3C0AF6BA82588E2F
213X,O,F8DEE1D5F9A349AD
213X,O,6765DD696FA8BF8D
213X,O,0CA3C6C38D2F3F75
213X,O,FAF9EF8853A3B65E
213X,O,EDFC39232C98E301
213X,O,449F6831A832F1F3
213X,O,3E54E8AF4083B065
213X,O,29ED2073D6C52B5A
213X,O,F90ED764C7A95649
213X,O,558599642E78BB9B
213X,O,BEEBDDB542A7E709
213X,O,48184733EFE9D3E3
213X,O,243A28F74F73A045
213X,O,1F2E60EDB4254D30
213X,O,D066F149BE3A1D28
213X,O,1B9CA570385CC6F2
213X,O,E5E7111594073DE2
213X,O,B0668BFF6178BA0B
213X,O,060241561E537FB5
213X,O,AA97FFC49AE957A5
213X,O,416B7606A9A5FEEB
213X,O,C4AF473A49643363
213X,O,921C19F6147C74A6
213X,O,47C3597662B81B47
213X,O,7EF64469471FE344
213X,O,0A03521DFD20FEA9
213X,O,6882248B39345F28
213X,O,B809C24DC8C87767
213X,O,3BA4DBB4520188DF
213X,O,466BC4C1908A1A06
213X,O,AA52228890817D12
213X,O,D9563FD5B8CB0CEF
213X,O,FF68304E8C1FF0B1
213X,O,73BBDBB9F39C2E81
213X,O,73BBDBB9F39C2E81
213X,O,AC5FA3C58493A4ED
213X,O,057B2DCE8BE58FFA
213X,O,F62E0C6D12FBEA93
213X,O,7A95C545D0393126
213X,O,558599642E78BB9B
213X,O,BEEBDDB542A7E709
213X,O,48184733EFE9D3E3
213X,O,243A28F74F73A045
213X,O,1F2E60EDB4254D30
213X,O,D066F149BE3A1D28
213X,O,1B9CA570385CC6F2
213X,O,E5E7111594073DE2
213X,O,B0668BFF6178BA0B
213X,O,060241561E537FB5
213X,O,AA97FFC49AE957A5
213X,O,416B7606A9A5FEEB
213X,O,C4AF473A49643363
213X,O,921C19F6147C74A6
213X,O,47C3597662B81B47
213X,O,7EF64469471FE344
213X,O,0A03521DFD20FEA9
213X,O,6882248B39345F28
213X,O,B809C24DC8C87767
213X,O,3BA4DBB4520188DF
213X,O,466BC4C1908A1A06
213X,O,AA52228890817D12
213X,O,D9563FD5B8CB0CEF
213X,O,FF68304E8C1FF0B1
213X,O,73BBDBB9F39C2E81
214,O,CC980FBC214BCCF9
214,O,40FF132FB8E77051
214,O,B08CA4B3CDCF142A
214,O,CF18D17DE7B40350
214,O,736E84A8060D2AB9
214,O,CB4B52222877C32F
214,O,6B9496267BEFF02A
214,O,B9D7AE7CB0C56556
214,O,B7082198F517B1E8
214,O,1FBAAE29AF1CA50E
214,O,466BC4C1908A1A06
214,O,81783E042C83CEC3
214,O,D9563FD5B8CB0CEF
214,O,6410DDEFBBD17426
214,O,A6A1C99BF11EE56C
214,O,DA64153E866AEEE4
214,O,58611212645F0AB1
214,O,29B66F2353388E18
214,O,52A8DA8958AFCCA6
214,O,62A1C8EFAC876BDB
214,O,93D9D88C2D990D67
214,O,60A445D9ACD40C12
214,O,29A62A8FE112766B
214,O,9751EE79B103C9B8
214,O,B123EFA9F9DDD6AB
214,O,E275C17540BCEF37
214,O,6D1087ACF14C15A9
214,O,46ABE64DB9C82DDF
214,O,9F914539576C53A5
214,O,9215DDE04780BDC3
214,O,C6E9CA12DCD8F695
214,O,04FC6E130D4953F4
214,O,0CE37125BC509E5D
214,O,B6ECF261EB79418C
214,O,7483C9963686E2F2
214,O,A2229DD958391455
214,O,81783E042C83CEC3
214,O,D9563FD5B8CB0CEF
214,O,6410DDEFBBD17426
214,O,A6A1C99BF11EE56C
214,O,DA64153E866AEEE4
214,O,58611212645F0AB1
214,O,29B66F2353388E18
214,O,52A8DA8958AFCCA6
214,O,62A1C8EFAC876BDB
214,O,93D9D88C2D990D67
214,O,60A445D9ACD40C12
214,O,29A62A8FE112766B
214,O,9751EE79B103C9B8
214,O,B123EFA9F9DDD6AB
214,O,E275C17540BCEF37
214,O,6D1087ACF14C15A9
214,O,46ABE64DB9C82DDF
214,O,9F914539576C53A5
214,O,9215DDE04780BDC3
214,O,C6E9CA12DCD8F695
214,O,04FC6E130D4953F4
214,O,0CE37125BC509E5D
214,O,B6ECF261EB79418C
214,I,7483C9963686E2F2
214,I,F01F8CF411A34AA7
214,I,8EAD803DDD2C3BBA
214,I,408F72CA87CC73A6
214,I,549013DC1C3A2A44
214,I,ADA4B4F4B604885B
214,I,326F5563E589B005
214,I,5B23A51CA34F4FAD
214,I,710390556FA80CAD
214,I,414700CC27B0F9DC
214,I,43BFFB46B4D209FC
214,I,094457650286AA67
214,I,9CB216DC49F84CFA
214,I,D198122830A4FDE3
214,I,99EF4CA10B3E1F17
214,I,9FD865B00B2D54A1
214,I,A15FFC3149FB92A0
214,I,9DE875FD17C67097
214,I,2EFDB1EADF5955E6
214,I,E7116B44D9E9393A
214,I,29740CCBBD82FC33
214,I,7AEA492D148C9ECD
214,I,EC1E1868D370F3D9
214,I,057B2DCE8BE58FFA
214,I,B7BE0EF5FB6867C2
214,I,39AB774DC35311C0
214,I,824D0847BAAD9128
214,I,13A8D09F9E444BF3
214,I,3144CE950CE29C80
214,I,543FD8B6C65D1C4C
214,I,316BB2C947568585
214,I,3E862B92873F5811
214,I,57A0D4D6D4D57497
214,I,0F9D050D4229C0F7
214,I,19171A194D7507D5
214,I,CC980FBC214BCCF9
214P,O,81783E042C83CEC3
214P,O,D9563FD5B8CB0CEF
214P,O,6410DDEFBBD17426
214P,O,A6A1C99BF11EE56C
214P,O,DA64153E866AEEE4
214P,O,58611212645F0AB1
214P,O,29B66F2353388E18
214P,O,52A8DA8958AFCCA6
214P,O,62A1C8EFAC876BDB
214P,O,93D9D88C2D990D67
214P,O,60A445D9ACD40C12
214P,O,29A62A8FE112766B
214P,O,9751EE79B103C9B8
214P,O,B123EFA9F9DDD6AB
214P,O,E275C17540BCEF37
214P,O,6D1087ACF14C15A9
214P,O,46ABE64DB9C82DDF
214P,O,9F914539576C53A5
214P,O,9215DDE04780BDC3
214P,O,C6E9CA12DCD8F695
214P,O,E3B464760B6ADF30
214P,O,C91F41CD18797652
214P,O,2D30B4FAF44D2398
214P,O,F1DE119543E382D9
214P,O,B6ECF261EB79418C
215P,O,8FAF102A11AB6C80
215P,O,C33442BEF9C1B280
215P,O,19171A194D7507D5
215P,O,5309D748976029CB
215P,O,3C6DAB7267F9E54F
215P,O,ADE2159E78D37819
215P,O,6C6B36F7550907CE
215P,O,47266DB98060A64E
215P,O,179C182ADEF1070D
215P,O,B568727F49CD11A3
215P,O,558599642E78BB9B
215P,O,BEEBDDB542A7E709
215P,O,48184733EFE9D3E3
215P,O,8E8DB91C885F1230
215P,O,6265ADC5B1D37D6C
215P,O,2EEB9CB69FB6A58D
215P,O,0CC0B21EFF42EE19
215P,O,FF46CB6182028AC6
215R,O,0A3466DCC6F4196C
215R,O,0B8C52E4C34E3B64
215R,O,144E9479168069DD
215R,O,7459D3AB11AFD6B5
215R,O,9C839C3824F47A6A
215R,O,CB4BB0008A87E4FC
215R,O,40FF132FB8E77051
215R,O,B08CA4B3CDCF142A
215R,O,CF18D17DE7B40350
215R,O,736E84A8060D2AB9
215R,O,CB4B52222877C32F
215R,O,6B9496267BEFF02A
215R,O,5ACB622335DF5AE7
215R,O,B7082198F517B1E8
215R,O,AA52228890817D12
215R,O,D9563FD5B8CB0CEF
215R,O,6410DDEFBBD17426
215R,O,716E5DBD24DCE28B
215R,O,7B9D5D0407DB14D3
215R,O,BF4620B0CD0B9D45
215R,O,A0AB9A2B2D648FF5
215R,O,484F835517494767
215R,O,8F5CE1219E502C17
215X,O,215D99B3E2A5F8DD
215X,O,736E84A8060D2AB9
215X,O,CB4B52222877C32F
215X,O,6B9496267BEFF02A
215X,O,5ACB622335DF5AE7
215X,O,DA29C9192B8D12DC
215X,O,1E27754A297197EC
215X,O,3EF537320681EE89
215X,O,6C6B36F7550907CE
215X,O,47266DB98060A64E
215X,O,179C182ADEF1070D
215X,O,B568727F49CD11A3
215X,O,041DFA7A1729D20C
215X,O,558599642E78BB9B
215X,O,BEEBDDB542A7E709
215X,O,48184733EFE9D3E3
215X,O,8E8DB91C885F1230
215X,O,6265ADC5B1D37D6C
215X,O,2EEB9CB69FB6A58D
215X,O,0CC0B21EFF42EE19
215X,O,FF46CB6182028AC6
215X,O,215D99B3E2A5F8DD
215X,O,736E84A8060D2AB9
215X,O,CB4B52222877C32F
215X,O,6B9496267BEFF02A
215X,O,5ACB622335DF5AE7
215X,O,DA29C9192B8D12DC
215X,O,1E27754A297197EC
215X,O,3EF537320681EE89
215X,O,6C6B36F7550907CE
215X,O,47266DB98060A64E
215X,O,179C182ADEF1070D
215X,O,B568727F49CD11A3
215X,O,558599642E78BB9B
215X,O,BEEBDDB542A7E709
215X,O,48184733EFE9D3E3
215X,O,8E8DB91C885F1230
215X,O,6265ADC5B1D37D6C
215X,O,2EEB9CB69FB6A58D
215X,O,0CC0B21EFF42EE19
215X,O,FF46CB6182028AC6
215X,I,FF46CB6182028AC6
215X,I,31072508CEF942C6
215X,I,83EB94899B6BBB4B
215X,I,B7A8F179CD71B22E
215X,I,0840B3F75A7B00BD
215X,I,C175ACB534E8C15C
215X,I,E46A9F0C0CB609F5
215X,I,E45CFAB2E6E4C8FE
215X,I,AA97FFC49AE957A5
215X,I,BE27F066CF40DF7D
215X,I,07521BB848913F74
215X,I,5D8FCEF2915882FD
215X,I,C2605DED84199B84
215X,I,38B86AC474D1060D
215X,I,0B8C52E4C34E3B64
215X,I,144E9479168069DD
215X,I,F36C1B3AC57D96FA
215X,I,B1B0E08245C0FC15
215X,I,2E2AD8BFE00F9FAB
215X,I,3CB982FBC9E50AAA
215X,I,F85916921D80C45A
215X,I,1EF0671DB830C59D
215X,I,3144CE950CE29C80
215X,I,543FD8B6C65D1C4C
215X,I,316BB2C947568585
215X,I,3E862B92873F5811
215X,I,57A0D4D6D4D57497
215X,I,215D99B3E2A5F8DD
216M,O,B1B0E08245C0FC15
216M,O,2E2AD8BFE00F9FAB
216M,O,3CB982FBC9E50AAA
216M,O,F85916921D80C45A
216M,O,1EF0671DB830C59D
216M,O,3144CE950CE29C80
216M,O,543FD8B6C65D1C4C
216M,O,316BB2C947568585
216M,O,3E862B92873F5811
216M,O,57A0D4D6D4D57497
216M,O,8FAF102A11AB6C80
216M,O,C33442BEF9C1B280
216M,O,19171A194D7507D5
216M,O,F60CC440E22B0BD9
216M,O,3C6DAB7267F9E54F
216M,O,3E2B1DA528B4C162
216M,O,CF18D17DE7B40350
216M,O,736E84A8060D2AB9
216M,O,CB4B52222877C32F
216M,O,6B9496267BEFF02A
216M,O,B9D7AE7CB0C56556
216M,O,DA29C9192B8D12DC
216M,O,6491C7B3E4DAD76D
216M,O,CA12EBBC028FB13A
216M,O,F36C1B3AC57D96FA
219X,O,272E83ECF9FF074D
219X,O,AA552AEC56A11EE4
219X,O,FDB6E3CC223991D1
219X,O,7A95C545D0393126
219X,O,558599642E78BB9B
219X,O,BEEBDDB542A7E709
219X,O,48184733EFE9D3E3
219X,O,243A28F74F73A045
219X,O,1F2E60EDB4254D30
219X,O,D066F149BE3A1D28
219X,O,1B9CA570385CC6F2
219X,O,E5E7111594073DE2
219X,O,B0668BFF6178BA0B
219X,O,AA97FFC49AE957A5
219X,O,BE27F066CF40DF7D
219X,O,41E95E283D770EF7
219X,O,60EFE49C54F0CF11
219X,O,CFD146683A7FFC62
219X,O,272E83ECF9FF074D
219X,O,88B010581BF4B96C
219X,O,0AE211A2BDB45C37
219X,O,272E83ECF9FF074D
219X,O,AA552AEC56A11EE4
219X,O,FDB6E3CC223991D1
219X,O,7A95C545D0393126
219X,O,558599642E78BB9B
219X,O,BEEBDDB542A7E709
219X,O,48184733EFE9D3E3
219X,O,243A28F74F73A045
219X,O,1F2E60EDB4254D30
219X,O,D066F149BE3A1D28
219X,O,1B9CA570385CC6F2
219X,O,E5E7111594073DE2
219X,O,B0668BFF6178BA0B
219X,O,AA97FFC49AE957A5
219X,O,BE27F066CF40DF7D
219X,O,41E95E283D770EF7
219X,O,60EFE49C54F0CF11
219X,O,CFD146683A7FFC62
219X,O,272E83ECF9FF074D
219X,O,88B010581BF4B96C
219X,O,0AE211A2BDB45C37
224R,O,0A3466DCC6F4196C
224R,O,C1C31D615DAA97F4
224R,O,BC932662BA367CD0
224R,O,AA26D9F25826AA4A
224R,O,F140654A12BA066A
224R,O,59FF8DDFC4405C0D
224R,O,DE60928B8CFD9E7C
224R,O,917DF4AF0ED7B258
224R,O,ACE23D880D07ABB1
224R,O,964AA1DCAAD06512
224R,O,7D025E77F4B35266
224R,O,84DBD40C5EDE2873
224R,O,653B1CE8590D4B52
224R,O,235F090F9AA1613B
224R,O,1A3478416DABC289
224R,O,713BF17AF24FE4DA
224R,O,742F8953113CD926
224X,O,64D3081966987039
224X,O,D2B43459063F53DB
224X,O,7995F69FE44D0DB3
224X,O,F90ED764C7A95649
224X,O,041DFA7A1729D20C
224X,O,558599642E78BB9B
224X,O,BEEBDDB542A7E709
224X,O,48184733EFE9D3E3
224X,O,243A28F74F73A045
224X,O,1F2E60EDB4254D30
224X,O,D066F149BE3A1D28
224X,O,1B9CA570385CC6F2
224X,O,E5E7111594073DE2
224X,O,B0668BFF6178BA0B
224X,O,AA97FFC49AE957A5
224X,O,416B7606A9A5FEEB
224X,O,D4707218581C0F72
224X,O,B68FB7076BB07A22
224X,O,553D370FA21F7DA4
224X,O,72999453ECAC4693
224X,O,09B6F28D05DA00F4
224X,O,64D3081966987039
224X,O,64D3081966987039
224X,O,D2B43459063F53DB
224X,O,7995F69FE44D0DB3
224X,O,F90ED764C7A95649
224X,O,558599642E78BB9B
224X,O,BEEBDDB542A7E709
224X,O,48184733EFE9D3E3
224X,O,243A28F74F73A045
224X,O,1F2E60EDB4254D30
224X,O,D066F149BE3A1D28
224X,O,1B9CA570385CC6F2
224X,O,E5E7111594073DE2
224X,O,B0668BFF6178BA0B
224X,O,AA97FFC49AE957A5
224X,O,416B7606A9A5FEEB
224X,O,D4707218581C0F72
224X,O,B68FB7076BB07A22
224X,O,553D370FA21F7DA4
224X,O,72999453ECAC4693
224X,O,09B6F28D05DA00F4
224X,O,64D3081966987039
224X,O,A297D0A75996B49B
224X,O,C44684E01A99DE4F
224X,O,D7D5103D53D4ED90
224X,O,42ED08E8B1829CED
224X,O,0A4AB87891ABB16A
224X,O,F90ED764C7A95649
224X,O,558599642E78BB9B
224X,O,BEEBDDB542A7E709
224X,O,48184733EFE9D3E3
224X,O,243A28F74F73A045
224X,O,1F2E60EDB4254D30
224X,O,D066F149BE3A1D28
224X,O,1B9CA570385CC6F2
224X,O,E5E7111594073DE2
224X,O,B0668BFF6178BA0B
224X,O,AA97FFC49AE957A5
224X,O,416B7606A9A5FEEB
224X,O,C1C31D615DAA97F4
224X,O,BC932662BA367CD0
224X,O,E207DBF95EA7DE26
224X,O,C71093B5185DF735
224X,O,A297D0A75996B49B
230R,O,68A0FA3CC69206CC
230R,O,31072508CEF942C6
230R,O,B7A8F179CD71B22E
230R,O,F57E1173086C7A51
230R,O,576538E1395C8508
230R,O,E3A083E4F64D93CD
230R,O,2EEB9CB69FB6A58D
230R,O,450A96AF1DA8E41C
230R,O,83B921ED81BE55A9
230R,O,E37FAF099C26C878
230R,I,E37FAF099C26C878
230R,I,25215C60B06337AF
230R,I,FB9FA7AAA17E9E9D
230R,I,5F60283656DF3016
230R,I,8CDF75A5EEE3CB2E
230R,I,D987075FC237CE75
230R,I,6265ADC5B1D37D6C
230R,I,87FEBC2B4436FC44
230R,I,5DD1FFB79F17FC22
230R,I,68A0FA3CC69206CC
230X,O,B97161BE6BCBD04D
230X,O,38C7D227DA221E77
230X,O,1FBE6A92A88835D3
230X,O,C5C940CF1281B923
230X,O,B2C63864D1C98F56
230X,O,033CB7A21D6DC60C
230X,O,972145F4BB2B535F
230X,O,6C1C752975B8A257
230X,O,80E2DB8AC142F626
230X,O,E93113C9CA615B0C
230X,O,D48E82AC2961C581
230X,O,508D99EBC9AB3A9B
230X,O,A37F8CF766FCF9F3
230X,O,EAE9158BE729E917
230X,O,45F2E2A508556D6E
230X,O,576538E1395C8508
230X,O,1864222D8939BD69
230X,O,97377AA89B45CD34
230X,O,438AFA4E9E76C953
230X,O,DE5FEC673BB54DC5
234A,O,0C4F5FC61E73367C
234A,O,4A68B87D533BA937
234A,O,F4FF1AAF9A7EB07A
234A,O,8AFF8B43EC3E547F
234A,O,6B2A3162063E2B8D
234A,O,ED9E5ACF98190E5C
234A,O,9E970734315233A2
234A,O,40A0B70767CA3F13
234A,O,4BDF62F2A7C32429
234A,O,92A8281D80524F78
234A,O,716D84D1B7EA256E
234A,O,2DFE2D85D53C1114
234A,O,C4E03BB27317AF35
234A,O,0C4F5FC61E73367C
234A,O,4A68B87D533BA937
234A,O,F4FF1AAF9A7EB07A
234A,O,8AFF8B43EC3E547F
234A,O,6B2A3162063E2B8D
234A,O,ED9E5ACF98190E5C
234A,O,9E970734315233A2
234A,O,40A0B70767CA3F13
234A,O,4BDF62F2A7C32429
234A,O,92A8281D80524F78
234A,O,716D84D1B7EA256E
234A,I,966267086A03D688
234A,I,060A70079F196C7C
234A,I,003D1263A14908F6
234A,I,BFA3460955AC820C
234A,I,B47C12A965D7B481
234A,I,5564CE644A0D7DBE
234A,I,1E4E9FB5763C3436
234A,I,305F5FBA023A7EE2
234A,I,FBC1C97A0A3D671C
234A,I,26EF34679134953C
234A,I,0C4F5FC61E73367C
234B,O,966267086A03D688
234B,O,060A70079F196C7C
234B,O,003D1263A14908F6
234B,O,BFA3460955AC820C
234B,O,5FB1FCAF80F3D97D
234B,O,9CD69A8A588B2F8D
234B,O,613A21BCEF50485D
234B,O,122BF72E5DBAEFC0
234B,O,C3009421E5B89EB0
234B,O,222694615BD60A65
234B,O,E182FE2A3C62252F
234B,O,AEA60911096D770F
234B,O,BC68B9C32B4267AB
234B,O,62AA23787294A36E
234B,O,7550FEE23DA5615D
234B,O,B47C12A965D7B481
234B,O,5564CE644A0D7DBE
234B,O,1E4E9FB5763C3436
234B,O,305F5FBA023A7EE2
234B,O,FBC1C97A0A3D671C
234B,O,0C4F5FC61E73367C
234B,I,0C4F5FC61E73367C
234B,I,4A68B87D533BA937
234B,I,F4FF1AAF9A7EB07A
234B,I,8AFF8B43EC3E547F
234B,I,83C4F756489484B5
234B,I,ED9E5ACF98190E5C
234B,I,D7D5410F2F97D682
234B,I,DA87D4887F5FAF62
234B,I,81F1ECC7278CDC18
234B,I,2D36E1CF8C4FF699
234B,I,8316A5C8798768AF
234B,I,96D0ED04D761DBE4
234B,I,B069D9C12F89AAFA
234B,I,E5763322877BB340
234B,I,48769F0B9F6E6C1B
234B,I,93F4EA3D82B33BEF
234B,I,3DD784D9B2C30AFC
234B,I,9E970734315233A2
234B,I,40A0B70767CA3F13
234B,I,4BDF62F2A7C32429
234B,I,92A8281D80524F78
234B,I,716D84D1B7EA256E
234C,O,83C4F756489484B5
234C,O,ED9E5ACF98190E5C
234C,O,D7D5410F2F97D682
234C,O,DA87D4887F5FAF62
234C,O,81F1ECC7278CDC18
234C,O,2D36E1CF8C4FF699
234C,O,8316A5C8798768AF
234C,O,96D0ED04D761DBE4
234C,O,B069D9C12F89AAFA
234C,O,E5763322877BB340
234C,O,48769F0B9F6E6C1B
234C,O,93F4EA3D82B33BEF
234C,O,B8B04CD1E568B8F6
234C,O,95797E4D2901A516
234C,O,F9475B6C5F5B9C21
234C,O,B18C8718C0B7904F
234C,O,D1A1DF2BDC842EE5
234C,O,33A7AB58611A0F6D
234C,O,0A1DAEAFFDFF0B66
234C,O,3A2924B2461D053B
234C,O,066AA1A504714A20
234C,O,E615D61C588B8F9D
234C,O,34FBE7E973FE5EF5
234C,O,F5A44B89EFBC0B4F
234C,O,99EF4CA10B3E1F17
234C,O,BC7C325EE59235E4
234C,O,E5E15C5F7F0344AB
234C,O,598F766175BE3EF3
234C,O,CF579AAA2A4E506C
234C,O,F2127FD781019971
234C,O,CED060CB0E89E2B3
234C,O,71B7CB659DF54E28
234C,I,71B7CB659DF54E28
234C,I,3558FA1D8DCF1F12
234C,I,3CA81FA2944B754D
234C,I,671775E6AF279B42
234C,I,4B17C55C032D3A37
234C,I,266A4CDA19461A42
234C,I,E4DC4C1162E302AE
234C,I,26A996F589C84844
234C,I,29A62A8FE112766B
234C,I,9751EE79B103C9B8
234C,I,EBF4EB34B96BC242
234C,I,9161A6E5DCECCF39
234C,I,257A6E19DD7F156C
234C,I,28A57C043C111604
234C,I,F82CDE4D15A43CA3
234C,I,DEDD6247441C8C05
234C,I,3B54D43994CAC165
234C,I,D9655458715EBBF8
234C,I,EE3B40DBD54D6708
234C,I,D5252DAD51812506
234C,I,CE2E93A0D850F21F
234C,I,033CB7A21D6DC60C
234C,I,9CD69A8A588B2F8D
234C,I,613A21BCEF50485D
234C,I,122BF72E5DBAEFC0
234C,I,C3009421E5B89EB0
234C,I,222694615BD60A65
234C,I,E182FE2A3C62252F
234C,I,AEA60911096D770F
234C,I,BC68B9C32B4267AB
234C,I,62AA23787294A36E
234C,I,7550FEE23DA5615D
234C,I,B47C12A965D7B481
234C,I,5564CE644A0D7DBE
234D,O,1064E673770C38BC
234D,O,2DFE2D85D53C1114
234D,O,C4E03BB27317AF35
234D,O,30DD3451F8D64883
234D,O,8AFF8B43EC3E547F
234D,O,83C4F756489484B5
234D,O,ED9E5ACF98190E5C
234D,O,D7D5410F2F97D682
234D,O,DA87D4887F5FAF62
234D,O,81F1ECC7278CDC18
234D,O,2D36E1CF8C4FF699
234D,O,8316A5C8798768AF
234D,O,96D0ED04D761DBE4
234D,O,B069D9C12F89AAFA
234D,O,E5763322877BB340
234D,O,48769F0B9F6E6C1B
234D,O,93F4EA3D82B33BEF
234D,O,B8B04CD1E568B8F6
234D,O,95797E4D2901A516
234D,O,CAEEAD91F339D3DA
234D,O,033CB7A21D6DC60C
234D,O,F5A44B89EFBC0B4F
234D,O,99EF4CA10B3E1F17
234D,O,96A6FE5F07BDF203
234D,O,9DE875FD17C67097
234D,O,9A0959AB68FA5E1F
234D,O,94358F5481BAE505
234D,O,3CE7B5D1EBF9C5F7
234D,O,CF579AAA2A4E506C
234D,O,F2127FD781019971
234D,O,CED060CB0E89E2B3
234D,O,71B7CB659DF54E28
234D,I,71B7CB659DF54E28
234D,I,3558FA1D8DCF1F12
234D,I,3CA81FA2944B754D
234D,I,671775E6AF279B42
234D,I,D39533060940818A
234D,I,14894C859FDFE8C3
234D,I,A21BEB6F4E6D43E6
234D,I,2F1F9CF16B9E65AF
234D,I,62A1C8EFAC876BDB
234D,I,29A62A8FE112766B
234D,I,9751EE79B103C9B8
234D,I,9CD69A8A588B2F8D
234D,I,613A21BCEF50485D
234D,I,122BF72E5DBAEFC0
234D,I,C3009421E5B89EB0
234D,I,222694615BD60A65
234D,I,E182FE2A3C62252F
234D,I,AEA60911096D770F
234D,I,BC68B9C32B4267AB
234D,I,62AA23787294A36E
234D,I,7550FEE23DA5615D
234D,I,B47C12A965D7B481
234D,I,5564CE644A0D7DBE
234D,I,1E4E9FB5763C3436
234D,I,B5BB97F8CB889AB7
234D,I,9E4653BA0F25F731
234D,I,6A93E2E9F1A3F421
234D,I,3F41CA34634CC20C
234D,I,2E1127BAF33B34F7
234P,O,9386CDB16D533E27
234P,O,B8B04CD1E568B8F6
234P,O,04A3BB80D09B6106
234P,O,B2C63864D1C98F56
234P,O,033CB7A21D6DC60C
234P,O,6C1C752975B8A257
234P,O,C2685779C6B11E87
234P,O,8E3A5C15E42020BB
234P,O,EDF107F1315D6805
234P,O,77BFE3A169866C7D
234P,O,E10A0960D4E103B1
234P,O,EAE9158BE729E917
234P,O,11A1269F9B78F269
234P,O,DCFF4041D0C0ACF8
234X,O,1E5EADCD9F424F07
234X,O,CB2BC86A32D7C830
234X,O,1F2E60EDB4254D30
234X,O,EA4A3876639F21B4
234X,O,B0F64FFFBECE8AA4
234X,O,5EEFE2E2583B576B
234X,O,1E0C8A961881DE1D
234X,O,38F0C9768AA2AF93
234X,O,30FEA8A7071EDE48
234X,O,3CE4A2049409A6DD
234X,O,E6ED785726AED4AE
234X,O,E9F3DC5D89154BB7
234X,O,1A85B99EDE6D01D8
234X,O,04FC6E130D4953F4
234X,O,D355B700FF30B3D7
234X,O,1F51B830DD359962
234X,O,91C7F46612ADD9EF
234X,O,9B664F8FD4E76E48
234X,O,20E8B4520A802912
234X,O,4E224310C4B46C9A
234X,O,3F545756160D7BEA
234X,O,BFA3460955AC820C
234X,O,5FB1FCAF80F3D97D
234X,O,FF4785270078B487
234X,O,9386CDB16D533E27
234X,I,9386CDB16D533E27
234X,I,B8B04CD1E568B8F6
234X,I,9E970734315233A2
234X,I,B2C63864D1C98F56
234X,I,033CB7A21D6DC60C
234X,I,972145F4BB2B535F
234X,I,8EAD803DDD2C3BBA
234X,I,2035C91B61C6DFC0
234X,I,3A5C336CCB38A3FA
234X,I,789384E5DC5AF7A9
234X,I,0F4D809AED62F6E9
234X,I,833DE523F16B97C3
234X,I,A70DCB46EC98F43E
234X,I,C2685779C6B11E87
234X,I,8E3A5C15E42020BB
234X,I,EDF107F1315D6805
234X,I,77BFE3A169866C7D
234X,I,A37F8CF766FCF9F3
234X,I,EAE9158BE729E917
234X,I,11A1269F9B78F269
234X,I,1E5EADCD9F424F07
235,O,8E5F7476A45895C5
235,O,A13C2C1D5D3EE0D7
235,O,AE7C79C814E6BD95
235,O,C5294C92C5C6E334
235,O,A127BE370E970CE5
235,O,0B4807A5C0DAF24A
235,O,40A8EA2850B0979B
235,O,B943DBEE65B0B18F
235,O,939E0C584E1A1C3C
235,O,DBFB1B9BF53FC655
235,O,B2C63864D1C98F56
235,O,20E8B4520A802912
235,O,25290A19CDC7FF1E
235,O,18F1956E67A76915
235,O,81BBDC83713D1C2F
235,O,F3432DFEDE7E7AA0
235,O,AAB411C52D067AD1
235,O,6CD14DBE643D2995
235,O,75F02FF13CC7B34A
235,O,D6ABAF265F431EB9
235,O,8C6EF1266E4EE05B
235,O,D2ACD052AFD5900A
235,O,F718BAC64885E69E
235,O,C95751DB2112F279
235,O,F7AD8DE682AD5BB3
235,O,8E5F7476A45895C5
235M,O,51177BE1EFDE8D1E
235M,O,A13C2C1D5D3EE0D7
235M,O,AE7C79C814E6BD95
235M,O,C5294C92C5C6E334
235M,O,D39CFEB43490567F
235M,O,1423FCFF61709EAC
235M,O,B09E06FF6EF5A8C4
235M,O,508B02C5E209E802
235M,O,6C11A9780213BBBB
235M,O,7D5E9B7F9987C634
235M,I,7D5E9B7F9987C634
235M,I,D17DA49D5EFC6DD4
235M,I,140E4137EAC319B5
235M,I,8C6EF1266E4EE05B
235M,I,D2ACD052AFD5900A
235M,I,F718BAC64885E69E
235M,I,C95751DB2112F279
235M,I,F7AD8DE682AD5BB3
235M,I,51177BE1EFDE8D1E
238M,O,9CFF3C233ADB8D19
238M,O,9E9CD0E1663FFA99
238M,O,5D706A2A71B26811
238M,O,65784B3D2E189B56
238M,O,E5F3EF7B050DA88F
238M,O,8CD6C24187EC56A6
238M,O,C3D18DE248C7C435
238M,O,8A4C6A63C9F5FF43
238M,I,8A4C6A63C9F5FF43
238M,I,01642BC44DCFDB3C
238M,I,05391B53044E30A8
238M,I,A0C0A82ECC740D76
238M,I,6825AAECA55E0B01
238M,I,353B45E1D051707D
238M,I,9CFF3C233ADB8D19
238P,O,88E1C9BB0B80711F
238P,O,9E9CD0E1663FFA99
238P,O,170375F0819EB588
238P,O,6C1C752975B8A257
238P,O,68D0BC0C7164F763
238P,O,7BE18698D0E8FDCE
238P,O,8748720365CEA134
238P,O,25B94D808EC232D8
238P,O,F053C0080D5D5B62
238P,O,076E1E9D5874C41D
238P,O,D06E5A5B162EF1BA
238P,O,9DE5D48948C534CC
238X,O,88E1C9BB0B80711F
238X,O,9E9CD0E1663FFA99
238X,O,170375F0819EB588
238X,O,1E1F9E719E67766C
238X,O,A6013462EAC8AA50
238X,O,DAE9E14BA67CEC80
238X,O,AAB25066B96C6588
238X,O,7BA304A9D0662541
238X,O,0F4D809AED62F6E9
238X,O,833DE523F16B97C3
238X,O,B71D38598F3C942D
238X,O,68D0BC0C7164F763
238X,O,7BE18698D0E8FDCE
238X,O,8748720365CEA134
238X,O,25B94D808EC232D8
238X,O,F053C0080D5D5B62
238X,O,076E1E9D5874C41D
238X,O,D06E5A5B162EF1BA
238X,O,9DE5D48948C534CC
238X,I,9DE5D48948C534CC
238X,I,450A96AF1DA8E41C
238X,I,86E1C776C6D78DFC
238X,I,5EEFE2E2583B576B
238X,I,1E0C8A961881DE1D
238X,I,8552E415E0C7B113
238X,I,30FEA8A7071EDE48
238X,I,3CE4A2049409A6DD
238X,I,E6ED785726AED4AE
238X,I,D5C36653A51759C3
238X,I,1A85B99EDE6D01D8
238X,I,04FC6E130D4953F4
238X,I,D355B700FF30B3D7
238X,I,1F51B830DD359962
238X,I,91C7F46612ADD9EF
238X,I,2AB6DAEF7149F0FC
238X,I,6825AAECA55E0B01
238X,I,353B45E1D051707D
238X,I,88E1C9BB0B80711F
240X,O,D75CEF6318A515DE
240X,O,260B43921BAFD8CB
240X,O,D54A59914E577E3F
240X,O,3F01C915E856B018
240X,O,6282A73360ACEBEA
240X,O,52C1ADA57FFA7DD4
240X,O,CF75BC81CDF3D411
240X,O,F1FAD83F14FE22F6
240X,O,0ABE48106C953AC9
240X,O,66BF94751BD28BAD
240X,O,4432C7295979305C
240X,O,149ADEC589550041
240X,O,B6B1AB47AB07887F
240X,O,480DB16994F8FFEE
240X,O,9A26BDE49933CEA8
240X,O,F1DE119543E382D9
240X,O,1B68DD9D137F906D
240X,O,91C7F46612ADD9EF
240X,O,F39F638D34947E40
240X,O,246ECB0F3B94855D
240X,O,D17DA49D5EFC6DD4
240X,O,BA4CD6F5C93BB59E
240X,O,75AA9801B870CCE1
240X,I,75AA9801B870CCE1
240X,I,BB04686A2E0D7578
240X,I,D8828243CCA293B4
240X,I,F36F422FDC6B9D3F
240X,I,647AB0AD358F10DF
240X,I,6762DEA1B89E6354
240X,I,B4F2BAAED2470D0A
240X,I,3F21ED54F86D9B1D
240X,I,BF72FF473A660C0E
240X,I,8F8F2B65EFDC48FD
240X,I,023C6F2CCE65A42E
240X,I,EB0D8F8D1AF9DDDE
240X,I,A67E402790581309
240X,I,ABFB3F43ECB908B2
240X,I,C1E9F8237EDBBAD2
240X,I,4BFB5F2D496CDA56
240X,I,51FCE282462E418B
240X,I,F8BB84BC801E4C85
240X,I,BC39BFC3C7BC3009
240X,I,2FABE52A66DF7482
240X,I,C1E1199805BCC92D
240X,I,D75CEF6318A515DE
241X,O,D34C171F5A6DCDA9
241X,O,1A37A52F97A04C81
241X,O,13458794A52910B0
241X,O,67DFAB691BECE339
241X,O,6D016EBFA090D535
241X,O,04D3244DD2B38746
241X,O,59B81980AC8F7878
241X,O,3D1F700E1D244C5A
241X,O,42AC6356E7A6D159
241X,O,8D7CB6C3D48258D6
241X,O,5FCC47E16C9051C0
241X,O,5A0D9C9441ED6AC5
241X,O,9BF9C994F2DAE15D
241X,O,3F34A16B40CB1C7F
241X,O,75004E87386729D7
241X,O,DE56F722C9293A68
241X,O,D01D18C6EB79F84B
241X,O,68A3AF80BADFDE9F
241X,O,AB741CA56ABEA9F2
241X,O,853C70D76FF68196
241X,O,7CA14768A9D3B451
241X,O,F19BBC7D6F39B210
241X,O,05AB3A2B3816CD41
241X,O,2537C3F076011C21
241X,O,FACE6E102E2171B3
241X,O,A0F2A2C5182526AA
241X,O,73567AD9A1510A9B
241X,O,FEF7B371B95E5E13
241X,O,9E655CE3250647EA
241X,O,2C7AEE8C6B2BC06A
241X,O,0B8D095A45B05587
241X,O,D6BE89205CDC6645
241X,I,3241EDA71CCCF867
241X,I,F8D1049558163BE6
241X,I,7703B0499F66B205
241X,I,457C64EC8955C896
241X,I,4A0370F0CA6A89B2
241X,I,3D47C2B2D3342C85
241X,I,CB59198C6E7D00FF
241X,I,F3DA32A55B98363F
241X,I,BC3B37FDEE7EE51B
241X,I,5CE1C1296F98C6C4
241X,I,E24537CF3879CD25
241X,I,C0ACDED85452CFC8
241X,I,6E9A9467758898B7
241X,I,2A9C98A6B36F3B11
241X,I,7F3A1FC5F4533B4C
241X,I,ED244F7BBACAB14D
241X,I,8C44D48B9BAAB774
241X,I,300D1812E3A085C3
241X,I,1EC9ED318297A470
241X,I,5CA7841E84D52C8A
241X,I,22138E6C8051FDBD
241X,I,3B8B261C1DA409BD
241X,I,9DA7325E4238402B
241X,I,195C509959C6A799
241X,I,F9F4E00007242BED
241X,I,4E870B220826BEE0
241X,I,5AD2A4D21C226335
241X,I,A454170B2B59B587
241X,I,D6E7412666B1175B
241X,I,7E97DE06FCADF324
241X,I,43398296F1D1BD48
241X,I,65D1B50CC2E45985
241X,I,67F3E54FF145BA65
241X,I,F93448A5F1168FB1
241X,I,DFB7FD5832A4BA4E
241X,I,196A1E44C305C174
241X,I,D34C171F5A6DCDA9
242X,O,F88EE882E4B77399
242X,O,517D0A232BB15633
242X,O,AAAF715A5DC3A7CD
242X,O,3406C1A9DA760403
242X,O,0FC2713372030A4C
242X,O,B085DDE8E381E370
242X,O,972145F4BB2B535F
242X,O,6C1C752975B8A257
242X,O,AB4C15B92D4199BB
242X,O,10754E414E9B86F4
242X,O,9DDE74BD2D803D9C
242X,O,A37F8CF766FCF9F3
242X,O,EAE9158BE729E917
242X,O,45F2E2A508556D6E
242X,I,F388A6F066DE4562
242X,I,89D32777124F4039
242X,I,1F2E60EDB4254D30
242X,I,EA4A3876639F21B4
242X,I,B0F64FFFBECE8AA4
242X,I,5EEFE2E2583B576B
242X,I,1E0C8A961881DE1D
242X,I,C597F5C65774F91D
242X,I,5CA7841E84D52C8A
242X,I,22138E6C8051FDBD
242X,I,3B8B261C1DA409BD
242X,I,9DA7325E4238402B
242X,I,195C509959C6A799
242X,I,6DF1AF2871D4B7D9
242X,I,196A1E44C305C174
242X,I,BDE0F1679E1C8ABF
242X,I,13458794A52910B0
242X,I,3F13933D0157CFCF
242X,I,A2BE47AFF20CD4F6
242X,I,F88EE882E4B77399
243M,O,97411601C5B851AD
243M,O,196A1E44C305C174
243M,O,BDE0F1679E1C8ABF
243M,O,13458794A52910B0
243M,O,67DFAB691BECE339
243M,O,6D016EBFA090D535
243M,O,04D3244DD2B38746
243M,O,59B81980AC8F7878
243M,O,3D1F700E1D244C5A
243M,O,C78F66DF6FA871B6
243M,O,8D7CB6C3D48258D6
243M,O,AD09CB78CEDADB0B
243M,O,B7039F29C48A3CC2
243M,O,E5F3EF7B050DA88F
243M,O,8CD6C24187EC56A6
243M,O,D711AFA9658D51E9
243M,O,F4342617BAA19958
243M,I,F4342617BAA19958
243M,I,CA0CA201B9E91160
243M,I,01642BC44DCFDB3C
243M,I,F9F75324B8F1D7E3
243M,I,3357B55DE2539CA3
243M,I,7F8529494720703C
243M,I,F9F4E00007242BED
243M,I,4E870B220826BEE0
243M,I,5AD2A4D21C226335
243M,I,A454170B2B59B587
243M,I,D6E7412666B1175B
243M,I,7E97DE06FCADF324
243M,I,43398296F1D1BD48
243M,I,65D1B50CC2E45985
243M,I,67F3E54FF145BA65
243M,I,F93448A5F1168FB1
243M,I,DFB7FD5832A4BA4E
243M,I,0F60AAE48C3B22EE
243M,I,1A37A52F97A04C81
243M,I,5B5107DB7CE969DE
243M,I,97411601C5B851AD
243P,O,97411601C5B851AD
243P,O,5C0F112F92069F2B
243P,O,A3D1F413719E60F1
243P,O,B085DDE8E381E370
243P,O,B7039F29C48A3CC2
243P,O,E5F3EF7B050DA88F
243P,O,8CD6C24187EC56A6
243P,O,D711AFA9658D51E9
243P,O,3F545756160D7BEA
243P,O,50C0A622B149C308
243P,O,A73739F6D37090EE
243P,O,07814531B88CD829
243P,O,A722DAAC99CE03D4
243P,O,5FD70A34C55CE590
243P,O,33674BF8F361D2C3
248M,O,A7FCAD9C2AF7F468
248M,O,AFC36FC71B4E124E
248M,O,A2BE47AFF20CD4F6
248M,O,CC6B75E6D60B4C57
248M,O,79842A7E2FC0844F
248M,O,FF5CF18C5510B901
248M,O,6E22023A7DF1B381
248M,O,E45E7DB1786B6324
249M,O,A0E2F1B6E155C92F
249M,O,68DE9CB8E6AE046C
249M,O,D6E7412666B1175B
249M,O,7E97DE06FCADF324
249M,O,43398296F1D1BD48
249M,O,65D1B50CC2E45985
249M,O,67F3E54FF145BA65
249M,O,F93448A5F1168FB1
249M,O,DFB7FD5832A4BA4E
249M,O,0F60AAE48C3B22EE
249M,O,0CFB814CB6C356C1
249M,O,196A1E44C305C174
249M,O,BDE0F1679E1C8ABF
249M,O,13458794A52910B0
249M,O,67DFAB691BECE339
249M,O,6D016EBFA090D535
249M,O,04D3244DD2B38746
249M,O,59B81980AC8F7878
249M,O,143D7489C808BD46
249M,O,F4FC91D18962C4D0
249M,O,624D05A1E7A5A045
249M,O,E45E7DB1786B6324
249X,O,B0007A6CF106CA4B
249X,O,6953AEF8B3921959
249X,O,68D96D087701F3A3
249X,O,3ABF1C6B0195D580
249X,O,613ED01D077362A9
249X,O,BF24F3D6A39D8D99
249X,O,4E366AF78461E12D
249X,O,9ADE07CC443E4ACE
249X,O,3CEFE1F7CC598005
249X,O,2E299F1E89BC57CE
249X,O,480DB16994F8FFEE
249X,O,9A26BDE49933CEA8
249X,O,6DF1AF2871D4B7D9
249X,O,196A1E44C305C174
249X,O,BDE0F1679E1C8ABF
249X,O,13458794A52910B0
249X,O,3F13933D0157CFCF
249X,O,7E50BA0974C3B983
249X,O,6E22023A7DF1B381
249X,O,A2882A0EE6B8AF9B
249X,I,9E42D981C59B5762
249X,I,AFC36FC71B4E124E
249X,I,CA1C0FB0345F9675
249X,I,CC2886532E162A85
249X,I,3A9EE9221AB3E27C
249X,I,7192051038B36F08
249X,I,6E24D2D895228AC3
249X,I,CA60760D2303E6D0
249X,I,3F21ED54F86D9B1D
249X,I,897B26110ECE76B3
249X,I,A66159E033DDEA04
249X,I,C92E80A5D7E0E8EC
249X,I,07ADFF84F3502690
249X,I,B6B1AB47AB07887F
249X,I,CCC5BAA6257BBDAA
249X,I,D9111A160E3787AB
249X,I,19521C0A1CA93C52
249X,I,B0007A6CF106CA4B
249X,I,9E42D981C59B5762
249X,I,AFC36FC71B4E124E
249X,I,CA1C0FB0345F9675
249X,I,CC2886532E162A85
249X,I,3A9EE9221AB3E27C
249X,I,7192051038B36F08
249X,I,6E24D2D895228AC3
249X,I,CA60760D2303E6D0
249X,I,3F21ED54F86D9B1D
249X,I,897B26110ECE76B3
249X,I,3CEFE1F7CC598005
251A,O,3CE63268F3DE9794
251A,O,EA74F13EEC20AD91
251A,O,3502ABD7492B8C56
251A,O,B20A1163984772C9
251A,O,8D47F8C7AA27FCB8
251A,O,7AA3F7F89AD36B1B
251A,O,180648AA12CF6725
251A,O,7525EA3D297065CC
251A,O,5CB4727570240308
251A,O,BC05332A477AB8F9
251A,O,BC3E701090D7E56E
251A,O,8DDFE8598C7DA354
251A,O,8A0B04DDC3B321A4
251A,O,076E1AA3258C5D0A
251A,O,2FE9CA5CC344B5A3
251A,O,AEE5D5FDC38650DB
251A,O,B1E11C753EE8DC31
251A,O,CD364F8B176DE0EC
251A,O,B3CCAA9D93647348
251A,O,2D7EF40DC9C35085
251A,O,5CB3827F92F37568
251A,O,56ECE6365B40EF35
251A,O,F24053B64CEEE7D2
251A,O,475B0D727574F7B8
251A,O,77C4E5A2A47DD342
251A,O,042C0E83759B8B21
251A,O,D65ADB261B3B4BFB
251A,O,B0562915C29036D8
251A,O,A9F94ED7238542F5
251A,O,3F2DD4E3E4A5CCBB
251A,O,AB4FF374DA182B02
251A,O,131A8DDFC3837AD7
251A,O,D5FB5BA7E9E89E5A
251A,O,41C32F27390D0EF4
251A,O,3D29F886079F85E9
251A,O,7CFA6F0EF3D764C7
251A,O,8447E71E45CE5452
251A,O,083D8BB713878707
251A,O,6D76943277DC18FF
251A,O,3CE63268F3DE9794
251B,O,34AD4356DEF0E0BD
251B,O,80E207687865EDE7
251B,O,13C46D68CA99BF05
251B,O,AECF334FEF4E73C5
251B,O,E67CDE5E499A9529
251B,O,DA9E78C0D00A5C00
251B,O,754018D85575639C
251B,O,EFF76047DAB0578D
251B,O,D718ABC314AD4B3C
251B,O,B930AD84BC1A8655
251B,O,F3BA995562185F8D
251B,O,D790D851F74E29ED
251B,O,FF3C034E01D2F73B
251B,O,F3C6FD22BC86B80F
251B,O,784D9D1F3FFC2A71
251B,O,8581AEE08587F6AE
251B,O,9E082924A8362902
251B,O,0E7D925FC7469830
251B,O,22D8393C78C95BBC
251B,O,13362EE5DC44432F
251B,O,11387D20F8DCA372
251B,O,F853FAA669228E41
251B,O,6B35AF30748EDA1B
251B,O,2D10E16919B5A96E
251B,O,F0D6CB5F04988EA4
251B,O,3291342581C48037
251B,O,D1C1E33BB9350C65
251B,O,F6FDEAF741BFBD2E
251B,O,1345D70225C59BD3
251B,O,3210F3BCFFD74E61
251B,O,A4F1BEF1EEAD0910
251B,O,2562B3983ECD76C5
251B,O,E1C5246F946E2D86
251B,O,0E129862160C8DAD
251C,O,C03B5205F829DAD2
251C,O,8447E71E45CE5452
251C,O,083D8BB713878707
251C,O,6D76943277DC18FF
251C,O,B9CB8D64781C3323
251C,O,AECF334FEF4E73C5
251C,O,BFCFEBF6F5C35402
251C,O,F8B3A5C8D0D3CED7
251C,O,3D5F826FD00C0529
251C,O,876CF2E8C375F78B
251C,O,6386333EDAC64C96
251C,O,6A4B371546D489BF
251C,O,AC935792C88AF135
251C,O,43E5D3A445382F82
251C,O,D9CE618F99BAC2B6
251C,O,0D98A0E934584FD0
251C,O,6E85D42922E5A10C
251C,O,D54B0CA58FE5559D
251C,O,445B2A02DB891CA9
251C,O,0C943B7308FF4DCC
251C,O,73CDC61EBA1C9431
251C,O,36DC37F6A54BA5E0
251C,O,F5FA7ED5D5A6860D
251C,O,D05C7D74301D47C5
251C,O,41C9D989B8B874FF
251C,O,A4F1BEF1EEAD0910
251C,O,D4027BBC82CDBA61
251C,O,EA74F13EEC20AD91
251C,O,3502ABD7492B8C56
251C,O,B20A1163984772C9
251C,O,C03B5205F829DAD2
251C,O,C03B5205F829DAD2
251C,O,8447E71E45CE5452
251C,O,083D8BB713878707
251C,O,6D76943277DC18FF
251C,O,B9CB8D64781C3323
251C,O,AECF334FEF4E73C5
251C,O,BFCFEBF6F5C35402
251C,O,F8B3A5C8D0D3CED7
251C,O,3D5F826FD00C0529
251C,O,876CF2E8C375F78B
251C,O,6386333EDAC64C96
251C,O,6A4B371546D489BF
251C,O,AC935792C88AF135
251C,O,43E5D3A445382F82
251C,O,D9CE618F99BAC2B6
251M,O,92B983D6E149A880
251M,O,0E7D925FC7469830
251M,O,22D8393C78C95BBC
251M,O,13362EE5DC44432F
251M,O,11387D20F8DCA372
251M,O,F853FAA669228E41
251M,O,6B35AF30748EDA1B
251M,O,2D10E16919B5A96E
251M,O,F0D6CB5F04988EA4
251M,O,3291342581C48037
251M,O,D1C1E33BB9350C65
251M,O,F6FDEAF741BFBD2E
251M,O,1345D70225C59BD3
251M,O,3210F3BCFFD74E61
251M,O,3ECEF3B735084236
251M,O,7E2E1F1269E520DE
251M,O,D893FD9E88E2A98D
251M,O,40A0B70767CA3F13
251M,O,F8D8D0AED9889278
252,O,F80DF64ABE690251
252,O,3CCF4F6EA48CF505
252,O,7AECAF57AF679EE7
252,O,116624D40FDE852C
252,O,DA8B258D68133BDD
252,O,75DEBB78067301B8
252,O,D4CE0ED4DF009B66
252,O,B714B480F96C22D5
252,O,531B557CFBFFD232
252,O,46261DE8D4DFD821
252,O,5A3DB1CED74A109E
252,O,22E22257A0FA43D3
252,O,752B1B808E1B4CB5
252,O,E346E933481C3D83
252,O,130015EE1C05A484
252,O,68DD31B1EF55AF1A
252,O,FCE8D0E0D2A89B8B
252,O,D77779E531F14725
252,O,4F64DA53415F3128
252,O,BF7FD3BC4994EBE5
252,O,9DC117C78DBDB1A7
252,O,BD52FF1BA0AC99BE
252,O,1F2376A52800A2CA
252,O,0B72FFAB7F7230E4
252,O,212BFF5737D0116C
252,O,E3E5521CAFDD5DCE
252,O,F80DF64ABE690251
252,O,F80DF64ABE690251
252,O,3CCF4F6EA48CF505
252,O,7AECAF57AF679EE7
252,O,116624D40FDE852C
252,O,DA8B258D68133BDD
252,O,75DEBB78067301B8
252,O,D4CE0ED4DF009B66
252,O,B714B480F96C22D5
252,O,531B557CFBFFD232
252,O,46261DE8D4DFD821
252,O,5A3DB1CED74A109E
252,O,22E22257A0FA43D3
252,O,752B1B808E1B4CB5
252,O,E346E933481C3D83
252,O,130015EE1C05A484
252,O,68DD31B1EF55AF1A
252,O,22E22257A0FA43D3
252,O,752B1B808E1B4CB5
252,O,E346E933481C3D83
252,O,130015EE1C05A484
252,O,68DD31B1EF55AF1A
252,O,FCE8D0E0D2A89B8B
252,O,D77779E531F14725
252,O,4F64DA53415F3128
252,O,BF7FD3BC4994EBE5
252,O,9DC117C78DBDB1A7
252,O,BD52FF1BA0AC99BE
252,O,1F2376A52800A2CA
252,O,0B72FFAB7F7230E4
252,O,212BFF5737D0116C
252,O,E3E5521CAFDD5DCE
252,O,F80DF64ABE690251
252B,O,46D78D8886A71B3B
252B,O,630AA1866C5372B6
252B,O,C90375A74B02D2E8
252B,O,EEC48EC880FC63CB
252B,O,242418A9AB386596
252B,O,A9D85812EAEE6C17
252B,O,971554761E4413EF
252B,O,7FB2AE7FA13EDB0F
252B,O,4F64DA53415F3128
252B,O,BF7FD3BC4994EBE5
252B,O,9DC117C78DBDB1A7
252B,O,BD52FF1BA0AC99BE
252B,O,1F2376A52800A2CA
252B,O,0B72FFAB7F7230E4
252B,O,6C1C752975B8A257
252B,O,AB4C15B92D4199BB
252B,O,10754E414E9B86F4
252B,O,9DDE74BD2D803D9C
252B,O,E10A0960D4E103B1
252B,O,EAE9158BE729E917
252B,O,45F2E2A508556D6E
252S,O,46D78D8886A71B3B
252S,O,630AA1866C5372B6
252S,O,C90375A74B02D2E8
252S,O,EEC48EC880FC63CB
252S,O,242418A9AB386596
252S,O,A9D85812EAEE6C17
252S,O,971554761E4413EF
252S,O,7FB2AE7FA13EDB0F
252S,O,79D10A715EAC0EFF
252S,O,130015EE1C05A484
252S,O,0F9DE5E3F13FBABA
252S,O,FCE8D0E0D2A89B8B
252S,O,D77779E531F14725
252S,O,4F64DA53415F3128
252S,O,BF7FD3BC4994EBE5
252S,O,9DC117C78DBDB1A7
252S,O,BD52FF1BA0AC99BE
252S,O,1F2376A52800A2CA
252S,O,0B72FFAB7F7230E4
252S,O,9955DA9311A76BA4
252S,O,846872B8B3E76E7D
252S,O,416B7606A9A5FEEB
252S,O,327E4BC13954EA86
252S,O,81C6D8E74259157E
252S,O,5D8FCEF2915882FD
252S,O,C2605DED84199B84
252S,O,BF8E440F5584D39D
252S,O,2255A14989E8F149
252S,I,2255A14989E8F149
252S,I,D39533060940818A
252S,I,14894C859FDFE8C3
252S,I,A21BEB6F4E6D43E6
252S,I,2F1F9CF16B9E65AF
252S,I,29ED2073D6C52B5A
252S,I,F90ED764C7A95649
252S,I,C1590716F6FABC50
252S,I,3CCF4F6EA48CF505
252S,I,7AECAF57AF679EE7
252S,I,116624D40FDE852C
252S,I,DA8B258D68133BDD
252S,I,75DEBB78067301B8
252S,I,D4CE0ED4DF009B66
252S,I,B714B480F96C22D5
252S,I,531B557CFBFFD232
252S,I,46261DE8D4DFD821
252S,I,5A3DB1CED74A109E
252S,I,22E22257A0FA43D3
252S,I,752B1B808E1B4CB5
252S,I,79D10A715EAC0EFF
252S,I,F626C47C1F73E1AE
252S,I,813A44129E51981F
252S,I,8972CD96C0B11BB2
252S,I,4AA82FE086BA80FD
252S,I,3410D9B6EF36D674
252S,I,9D88EE061FF5E1D0
252S,I,3F0C9DF601178557
252S,I,2BD0ACE05ADB9AD1
252S,I,459BE083B86A8337
252X,O,46D78D8886A71B3B
252X,O,630AA1866C5372B6
252X,O,C90375A74B02D2E8
252X,O,EEC48EC880FC63CB
252X,O,242418A9AB386596
252X,O,A9D85812EAEE6C17
252X,O,971554761E4413EF
252X,O,7FB2AE7FA13EDB0F
252X,O,4F64DA53415F3128
252X,O,BF7FD3BC4994EBE5
252X,O,9DC117C78DBDB1A7
252X,O,BD52FF1BA0AC99BE
252X,O,1F2376A52800A2CA
252X,O,0B72FFAB7F7230E4
252X,O,F5A44B89EFBC0B4F
252X,O,99EF4CA10B3E1F17
252X,O,B27236FC63F891D9
252X,O,5D1E6432755E4F5F
252X,O,D80313EC29620E1D
252X,O,BA03816A38B9DA7F
252X,O,D0F8772D043C207E
252X,O,E5E15C5F7F0344AB
252X,O,598F766175BE3EF3
252X,O,0644E10571B8CA12
252X,O,5AAC6A858427D04E
252X,O,F36C1B3AC57D96FA
252X,O,79D10A715EAC0EFF
252X,O,130015EE1C05A484
252X,O,0F9DE5E3F13FBABA
252X,O,FCE8D0E0D2A89B8B
252X,O,D77779E531F14725
252X,O,4F64DA53415F3128
252X,O,BF7FD3BC4994EBE5
252X,O,9DC117C78DBDB1A7
252X,O,BD52FF1BA0AC99BE
252X,O,1F2376A52800A2CA
252X,O,0B72FFAB7F7230E4
252X,O,F5A44B89EFBC0B4F
252X,O,99EF4CA10B3E1F17
252X,O,B27236FC63F891D9
252X,O,5D1E6432755E4F5F
252X,O,D80313EC29620E1D
252X,O,BA03816A38B9DA7F
252X,O,D0F8772D043C207E
252X,O,E5E15C5F7F0344AB
252X,O,598F766175BE3EF3
252X,O,0644E10571B8CA12
252X,O,5AAC6A858427D04E
252X,O,F36C1B3AC57D96FA
252X,I,DA0947682FC19B0B
252X,I,25F3EF8ACD865DFB
252X,I,478A61BE44E34707
252X,I,9E1F0E5A57F3D3D5
252X,I,4B17C55C032D3A37
252X,I,52AE04E9C3E77BE1
252X,I,F727B37E25DC4C88
252X,I,DCC8F8655EB76754
252X,I,AA6F0A2661759A49
252X,I,52A8DA8958AFCCA6
252X,I,0EAFBD8737911A6A
252X,I,E435F72ACB8438ED
252X,I,60A445D9ACD40C12
252X,I,118450CCC68E42C6
252X,I,6AAC8E541D9BD80C
252X,I,116624D40FDE852C
252X,I,DA8B258D68133BDD
252X,I,75DEBB78067301B8
252X,I,D4CE0ED4DF009B66
252X,I,B714B480F96C22D5
252X,I,531B557CFBFFD232
252X,I,46261DE8D4DFD821
252X,I,5A3DB1CED74A109E
252X,I,22E22257A0FA43D3
252X,I,752B1B808E1B4CB5
252X,I,79D10A715EAC0EFF
252X,I,F626C47C1F73E1AE
252X,I,813A44129E51981F
252X,I,8972CD96C0B11BB2
252X,I,4AA82FE086BA80FD
252X,I,3410D9B6EF36D674
252X,I,9D88EE061FF5E1D0
252X,I,3F0C9DF601178557
252X,I,2BD0ACE05ADB9AD1
252X,I,459BE083B86A8337
258A,O,55E3A1A6E995A9CB
258A,O,EF43A73D4C0CC508
258A,O,BB4F24A4C6A9B222
258A,O,F61DB78CF72DB387
258A,O,92A09EC9B712A1ED
258A,O,4885700825A72F51
258A,O,A1541789F09C89BA
258A,O,D073CC71A1B4F79C
258A,O,B64EEA7F564C7853
258A,O,46D1A9FD1F84CA5C
258A,O,BDD49A91FF705B42
258A,O,6FB7BC1E5BC1E4EE
258A,O,CBBF3CAABD86AC14
258A,O,C2787E27F82716BF
258A,O,F5A44B89EFBC0B4F
258A,O,99EF4CA10B3E1F17
258A,O,C847B9021C407731
258A,O,5536C9E3A0CE1228
258A,O,A15FFC3149FB92A0
258A,O,5D1E6432755E4F5F
258A,O,D80313EC29620E1D
258A,O,BA03816A38B9DA7F
258A,O,D0F8772D043C207E
258A,O,E5E15C5F7F0344AB
258A,O,598F766175BE3EF3
258A,O,5FE12AC5660F89D6
258A,O,5AAC6A858427D04E
258A,O,F36C1B3AC57D96FA
258D,O,067F57DA0477D026
258D,O,594A765BE3A43C73
258D,O,BDFE021C3CF45C1C
258D,O,1F6BFDF34BABCE6A
258D,O,F7BE579A89615965
258D,O,629D4E7DD9EF1AC6
258D,O,C821EBC3DFFC50D8
258D,O,6AE148CA74FC4D53
258D,O,B3CCA98CC6CE7C8C
258D,O,1F5BF0C69F30C752
258D,O,854E787D0F56BF91
258D,O,376C4835851621D4
258D,O,6437BDE588337654
258D,O,D198122830A4FDE3
258D,O,99EF4CA10B3E1F17
258D,O,C847B9021C407731
258D,O,9FD865B00B2D54A1
258D,O,A15FFC3149FB92A0
258D,O,5D1E6432755E4F5F
258D,O,279C78D8C04A83BB
258D,O,BA03816A38B9DA7F
258D,O,D0F8772D043C207E
258D,O,E5E15C5F7F0344AB
258D,O,598F766175BE3EF3
258D,O,5FE12AC5660F89D6
258D,O,5AAC6A858427D04E
258D,O,F36C1B3AC57D96FA
258D,O,FBCC3CF2291E526E
258D,I,FBCC3CF2291E526E
258D,I,25F3EF8ACD865DFB
258D,I,478A61BE44E34707
258D,I,9E1F0E5A57F3D3D5
258D,I,4B17C55C032D3A37
258D,I,52AE04E9C3E77BE1
258D,I,F727B37E25DC4C88
258D,I,DCC8F8655EB76754
258D,I,AA6F0A2661759A49
258D,I,52A8DA8958AFCCA6
258D,I,0EAFBD8737911A6A
258D,I,E435F72ACB8438ED
258D,I,60A445D9ACD40C12
258D,I,118450CCC68E42C6
258D,I,6AAC8E541D9BD80C
258D,I,0269A1F9D98C737E
258D,I,88229183EDC0B6E9
258D,I,D010FF7CF77383B7
258D,I,F4D9335688592803
258D,I,1AD9C759A42F9003
258D,I,EB64718829DFC071
258D,I,92A8D40E66E76F6B
258D,I,78B537644BD4FE00
258D,I,542CC0EC83BAEA01
258D,I,840532B7C95DF870
258D,I,315BE0CA231DCD4F
258D,I,067F57DA0477D026
258P,O,55E3A1A6E995A9CB
258P,O,5FCE752FBBAB3B14
258P,O,8FA8E142E834CB7C
258P,O,92A09EC9B712A1ED
258P,O,4885700825A72F51
258P,O,A1541789F09C89BA
258P,O,D073CC71A1B4F79C
258P,O,B64EEA7F564C7853
258P,O,46D1A9FD1F84CA5C
258P,O,2B354AE312900DF1
258P,O,406864EDEB186C9A
258P,O,AA5DA45828958EAE
258P,O,876057D899CE09C9
258P,O,50DC968C90CE7CF4
258P,O,FA553D19AD960A9B
258P,O,642F7D358D36F715
258P,O,F269ACD809D1B43E
258P,O,68354B780EDFC52B
258P,O,665CE110A84542E9
258P,O,F5A44B89EFBC0B4F
258P,O,99EF4CA10B3E1F17
258P,O,C847B9021C407731
258P,O,5536C9E3A0CE1228
258P,O,A15FFC3149FB92A0
258P,O,5D1E6432755E4F5F
258P,O,D80313EC29620E1D
258P,O,BA03816A38B9DA7F
258P,O,D0F8772D043C207E
258P,O,E5E15C5F7F0344AB
258P,O,598F766175BE3EF3
258P,O,5FE12AC5660F89D6
258P,O,5AAC6A858427D04E
258P,O,DA0947682FC19B0B
258P,I,FBCC3CF2291E526E
258P,I,25F3EF8ACD865DFB
258P,I,478A61BE44E34707
258P,I,9E1F0E5A57F3D3D5
258P,I,4B17C55C032D3A37
258P,I,52AE04E9C3E77BE1
258P,I,F727B37E25DC4C88
258P,I,DCC8F8655EB76754
258P,I,AA6F0A2661759A49
258P,I,52A8DA8958AFCCA6
258P,I,0EAFBD8737911A6A
258P,I,E435F72ACB8438ED
258P,I,60A445D9ACD40C12
258P,I,118450CCC68E42C6
258P,I,6AAC8E541D9BD80C
258P,I,1E15CFA82F408124
258P,I,CD4626E2F32FE372
258P,I,25E34120CA3AD554
258P,I,6D9EB45795E40B40
258P,I,02824AAFC038FA20
258P,I,0FB4AEA370913FD2
258P,I,78B3C90A0D7DDDE3
258P,I,E2AE7A37634C8FE5
258P,I,B954B8082D1AA9B0
258P,I,7FE552E3792C9047
258P,I,5587F6CBEF8C74F1
258P,I,468DB19F9ECA7507
258P,I,030A0F57C577B5EA
258P,I,F1A6B3410C090751
258P,I,0BFC5F7FC4A2D431
258P,I,AC1A0FA3D0743FCC
258S,O,63E1BB3EDC884B4F
258S,O,C821EBC3DFFC50D8
258S,O,6AE148CA74FC4D53
258S,O,C192BEF2264E0CC6
258S,O,BDFE021C3CF45C1C
258S,O,1F6BFDF34BABCE6A
258S,O,F7BE579A89615965
258S,O,6FB7BC1E5BC1E4EE
258S,O,F5A44B89EFBC0B4F
258S,O,99EF4CA10B3E1F17
258S,O,C847B9021C407731
258S,O,5536C9E3A0CE1228
258S,O,A15FFC3149FB92A0
258S,O,5D1E6432755E4F5F
258S,O,D80313EC29620E1D
258S,O,BA03816A38B9DA7F
258S,O,D0F8772D043C207E
258S,O,E5E15C5F7F0344AB
258S,O,598F766175BE3EF3
258S,O,5FE12AC5660F89D6
258S,O,5AAC6A858427D04E
258S,O,DA0947682FC19B0B
258X,O,9F5B57C2FE7E786D
258X,O,594A765BE3A43C73
258X,O,BDFE021C3CF45C1C
258X,O,1F6BFDF34BABCE6A
258X,O,F7BE579A89615965
258X,O,629D4E7DD9EF1AC6
258X,O,C821EBC3DFFC50D8
258X,O,6AE148CA74FC4D53
258X,O,B3CCA98CC6CE7C8C
258X,O,1F5BF0C69F30C752
258X,O,854E787D0F56BF91
258X,O,846872B8B3E76E7D
258X,O,416B7606A9A5FEEB
258X,O,327E4BC13954EA86
258X,O,81C6D8E74259157E
258X,O,5D8FCEF2915882FD
258X,O,C2605DED84199B84
258X,O,BF8E440F5584D39D
258X,O,2255A14989E8F149
258X,I,2255A14989E8F149
258X,I,D39533060940818A
258X,I,14894C859FDFE8C3
258X,I,A21BEB6F4E6D43E6
258X,I,2F1F9CF16B9E65AF
258X,I,29ED2073D6C52B5A
258X,I,F90ED764C7A95649
258X,I,0269A1F9D98C737E
258X,I,88229183EDC0B6E9
258X,I,D010FF7CF77383B7
258X,I,F4D9335688592803
258X,I,1AD9C759A42F9003
258X,I,EB64718829DFC071
258X,I,92A8D40E66E76F6B
258X,I,78B537644BD4FE00
258X,I,542CC0EC83BAEA01
258X,I,840532B7C95DF870
258X,I,315BE0CA231DCD4F
258X,I,9F5B57C2FE7E786D
259B,O,2F332E8471F31F27
259B,O,015AD88813C61900
259B,O,B88E6F52E2BC2E34
259B,O,3FAE59A79C8BCC93
259B,O,F4332C65563587A2
259B,O,A1D3216AF158C117
259B,O,6C1C752975B8A257
259B,O,AB4C15B92D4199BB
259B,O,10754E414E9B86F4
259B,O,9DDE74BD2D803D9C
259B,O,E10A0960D4E103B1
259B,O,EAE9158BE729E917
259B,O,45F2E2A508556D6E
259C,O,F14939ECC571C33C
259C,O,3FAE59A79C8BCC93
259C,O,F4332C65563587A2
259C,O,A1D3216AF158C117
259C,O,62E0E61D5250535A
259C,O,6C1C752975B8A257
259C,O,AB4C15B92D4199BB
259C,O,10754E414E9B86F4
259C,O,9DDE74BD2D803D9C
259C,O,E10A0960D4E103B1
259C,O,EAE9158BE729E917
259C,O,45F2E2A508556D6E
259D,O,F18230D9F2792E77
259D,O,1E990292ADEF23A2
259D,O,83A02749D0CB2EE8
259D,O,3104B2FBA1EEE592
259D,O,86D1BF834F627D5C
259D,O,1D944152BA58ABF3
259D,O,216AEF6F6541ECF1
259D,O,1ACA45F806F2554A
259D,O,F69B2B317BEB37A3
259D,O,376C4835851621D4
259D,O,6437BDE588337654
259D,O,D198122830A4FDE3
259D,O,99EF4CA10B3E1F17
259D,O,C847B9021C407731
259D,O,38330C642568FE3F
259D,O,A15FFC3149FB92A0
259D,O,5D1E6432755E4F5F
259D,O,279C78D8C04A83BB
259D,O,BA03816A38B9DA7F
259D,O,4BD5CE5106BB0697
259D,O,6465DE9EE57F6C94
259D,O,598F766175BE3EF3
259D,O,0644E10571B8CA12
259D,O,144E9479168069DD
259D,O,7459D3AB11AFD6B5
259D,O,9C839C3824F47A6A
259D,O,CB4BB0008A87E4FC
259D,O,CD3092383ACEF208
259D,O,11FCA01F6AF8D08A
259D,O,E9DE17E28F733B31
259D,O,2F332E8471F31F27
259D,O,216AEF6F6541ECF1
259D,O,1ACA45F806F2554A
259D,O,F69B2B317BEB37A3
259D,O,376C4835851621D4
259D,O,6437BDE588337654
259D,O,D198122830A4FDE3
259D,O,99EF4CA10B3E1F17
259D,O,C847B9021C407731
259D,O,38330C642568FE3F
259D,O,A15FFC3149FB92A0
259D,O,5D1E6432755E4F5F
259D,O,279C78D8C04A83BB
259D,O,BA03816A38B9DA7F
259D,O,4BD5CE5106BB0697
259D,O,6465DE9EE57F6C94
259D,O,598F766175BE3EF3
259D,O,0644E10571B8CA12
259D,O,144E9479168069DD
259D,O,7459D3AB11AFD6B5
259D,O,9C839C3824F47A6A
259D,O,CB4BB0008A87E4FC
259D,O,CD3092383ACEF208
259D,I,CD3092383ACEF208
259D,I,500EB63FD4A41F66
259D,I,3EAFE91BF6223FA6
259D,I,5309D748976029CB
259D,I,3C6DAB7267F9E54F
259D,I,73E85E88E124EF2C
259D,I,6C6B36F7550907CE
259D,I,25F3EF8ACD865DFB
259D,I,478A61BE44E34707
259D,I,9E1F0E5A57F3D3D5
259D,I,4B17C55C032D3A37
259D,I,52AE04E9C3E77BE1
259D,I,6BB5645D03BE78E7
259D,I,DCC8F8655EB76754
259D,I,AA6F0A2661759A49
259D,I,52A8DA8958AFCCA6
259D,I,0EAFBD8737911A6A
259D,I,E435F72ACB8438ED
259D,I,60A445D9ACD40C12
259D,I,118450CCC68E42C6
259D,I,6AAC8E541D9BD80C
259D,I,0269A1F9D98C737E
259D,I,A8B22902BD665766
259D,I,320704B87EF998D4
259D,I,7CFE29DD74F71B2F
259D,I,667E322246C6F7FA
259D,I,015AD88813C61900
259D,I,B88E6F52E2BC2E34
259D,I,3FAE59A79C8BCC93
259D,I,F18230D9F2792E77
259E,O,9FC91153A17CB656
259E,O,1E990292ADEF23A2
259E,O,83A02749D0CB2EE8
259E,O,0C9D04F079377C44
259E,O,F69B2B317BEB37A3
259E,O,376C4835851621D4
259E,O,2560149CE75EABA0
259E,O,D893FD9E88E2A98D
259E,O,81C7DC25FD107DD2
259E,O,0653C07D043A0E97
259R,O,0B9496D247DBFFEE
259R,O,DB516EC0B8DAF046
259R,O,C1BF4509359B0895
259R,O,2D3D025684145373
259R,O,07B714029E91FD81
259R,O,4D777935A801201A
259R,O,C0E4673A18CF6D06
259R,O,AD25F24A6E6ACEE3
259R,O,83A02749D0CB2EE8
259R,O,3104B2FBA1EEE592
259R,O,86D1BF834F627D5C
259R,O,1D944152BA58ABF3
259R,O,722B3DD3D7BCFA21
259R,O,E3E171AEDE35ACDF
259S,O,F4332C65563587A2
259S,O,A1D3216AF158C117
259S,O,D010FF7CF77383B7
259S,O,490F1A302D8C32FC
259S,O,1B21C4E917FBA155
259S,O,C1BF4509359B0895
259S,O,276C17F1AFEA2C18
259S,O,07B714029E91FD81
259S,O,913F2DF20E573CEA
259S,O,846872B8B3E76E7D
259S,O,416B7606A9A5FEEB
259S,O,327E4BC13954EA86
259S,O,81C6D8E74259157E
259S,O,5D8FCEF2915882FD
259S,O,C2605DED84199B84
259S,O,BF8E440F5584D39D
259S,O,2255A14989E8F149
259S,I,2255A14989E8F149
259S,I,D39533060940818A
259S,I,14894C859FDFE8C3
259S,I,A21BEB6F4E6D43E6
259S,I,2F1F9CF16B9E65AF
259S,I,29ED2073D6C52B5A
259S,I,F90ED764C7A95649
259S,I,0269A1F9D98C737E
259S,I,88229183EDC0B6E9
259S,I,64312A5DFF11636C
259S,I,CB2A65E69B2B71BE
259S,I,5A592ED96E34B583
259S,I,4521D614AE85C1A5
259S,I,69EA07FBAB612E68
259S,I,16B7A6679BD8903B
259S,I,8983CAC3634DD53D
259S,I,F4332C65563587A2
259X,O,F4332C65563587A2
259X,O,1E990292ADEF23A2
259X,O,83A02749D0CB2EE8
259X,O,3104B2FBA1EEE592
259X,O,86D1BF834F627D5C
259X,O,1D944152BA58ABF3
259X,O,216AEF6F6541ECF1
259X,O,1ACA45F806F2554A
259X,O,F69B2B317BEB37A3
259X,O,846872B8B3E76E7D
259X,O,416B7606A9A5FEEB
259X,O,327E4BC13954EA86
259X,O,81C6D8E74259157E
259X,O,5D8FCEF2915882FD
259X,O,C2605DED84199B84
259X,O,BF8E440F5584D39D
259X,O,2255A14989E8F149
259X,I,2255A14989E8F149
259X,I,D39533060940818A
259X,I,14894C859FDFE8C3
259X,I,A21BEB6F4E6D43E6
259X,I,2F1F9CF16B9E65AF
259X,I,29ED2073D6C52B5A
259X,I,F90ED764C7A95649
259X,I,0269A1F9D98C737E
259X,I,A8B22902BD665766
259X,I,320704B87EF998D4
259X,I,7CFE29DD74F71B2F
259X,I,667E322246C6F7FA
259X,I,015AD88813C61900
259X,I,B88E6F52E2BC2E34
259X,I,3FAE59A79C8BCC93
259X,I,F4332C65563587A2
259X,I,327E4BC13954EA86
259X,I,A21BEB6F4E6D43E6
259X,I,2F1F9CF16B9E65AF
259X,I,29ED2073D6C52B5A
259X,I,F90ED764C7A95649
259X,I,0269A1F9D98C737E
259X,I,A8B22902BD665766
259X,I,320704B87EF998D4
259X,I,7CFE29DD74F71B2F
259X,I,667E322246C6F7FA
259X,I,015AD88813C61900
259X,I,B88E6F52E2BC2E34
259X,I,3FAE59A79C8BCC93
259X,I,F4332C65563587A2
260B,O,8660BDF2C013FAC2
260B,O,2D3D025684145373
260B,O,ABDD74161F650B6E
260B,O,4D777935A801201A
260B,O,6C1C752975B8A257
260B,O,AB4C15B92D4199BB
260B,O,10754E414E9B86F4
260B,O,9DDE74BD2D803D9C
260B,O,E10A0960D4E103B1
260B,O,EAE9158BE729E917
260B,O,45F2E2A508556D6E
260C,O,4B6E603162A11A02
260C,O,2659CEA57836F600
260C,O,81866FDF3A892313
260C,O,F69B2B317BEB37A3
260C,O,64312A5DFF11636C
260C,O,CB2A65E69B2B71BE
260C,O,F0536729876AA9D0
260C,O,10860B611840CF22
260C,O,D6C06E7091666AB4
260C,O,F8D8D0AED9889278
260C,O,CA8554613AAA6C49
260C,O,AAB411C52D067AD1
260C,O,6A20A74A8B3F78A3
260C,O,0E65D3EC41A1D34B
260C,O,508B02C5E209E802
260C,O,6C11A9780213BBBB
260C,O,F6FAA30D1632A880
260C,I,F6FAA30D1632A880
260C,I,3CB45560769AA11A
260C,I,2351E4570FFCE620
260C,I,AB10F01039440464
260C,I,354A2C15BD189228
260C,I,C7FC5050194509AE
260C,I,A8430DB27637D95F
260C,I,E78E2B8A6B0251F4
260C,I,20EB4ED56F4442E9
260C,I,ABDD74161F650B6E
260C,I,4D777935A801201A
260C,I,320704B87EF998D4
260C,I,30B6E2D8C299ED45
260C,I,E105131B41FBAF33
260C,I,4B6E603162A11A02
260R,O,1CCE3BEA08B61A96
260R,O,DB516EC0B8DAF046
260R,O,28C36BBE416103C2
260R,O,BC301D7E7F063331
260R,O,CBE54DB551C24A02
260R,O,629D4E7DD9EF1AC6
260R,O,B3B160F8F8017035
260R,O,6AE148CA74FC4D53
260R,O,C192BEF2264E0CC6
260R,O,542CC0EC83BAEA01
260R,O,840532B7C95DF870
260R,O,2F5F973821A594A9
260R,O,EDF4C2EAFDBD4693
260R,O,12CF2025741EF844
260R,O,580D52F4D93CAD9B
260R,O,503B8E06FF5253B5
260X,O,5B3258C7E0856895
260X,O,EDF4C2EAFDBD4693
260X,O,5AB4B6D054B4B8D3
260X,O,542CC0EC83BAEA01
260X,O,840532B7C95DF870
260X,O,33173A78A66E9FB9
260X,O,F7BE579A89615965
260X,O,6FB7BC1E5BC1E4EE
260X,O,CBBF3CAABD86AC14
260X,O,C2787E27F82716BF
260X,O,376C4835851621D4
260X,O,21FC719DAF5F9D28
260X,O,4DB8054CDFBB9E43
260X,O,F6EE4DC41A299593
260X,O,32947470F0E2275B
260X,O,B7A8F179CD71B22E
260X,O,0840B3F75A7B00BD
260X,O,36C11B4E5D248AE2
260X,O,F656A38D2A40F77D
260X,O,3D040EE809057C6E
260X,O,13A191322410A410
260X,O,63E1BB3EDC884B4F
260X,O,C821EBC3DFFC50D8
260X,O,EB64718829DFC071
260X,O,6FB7BC1E5BC1E4EE
260X,O,CBBF3CAABD86AC14
260X,O,C2787E27F82716BF
260X,O,376C4835851621D4
260X,O,21FC719DAF5F9D28
260X,O,4DB8054CDFBB9E43
260X,O,F6EE4DC41A299593
260X,O,32947470F0E2275B
260X,O,B7A8F179CD71B22E
260X,O,0840B3F75A7B00BD
260X,O,36C11B4E5D248AE2
260X,O,F656A38D2A40F77D
260X,O,3D040EE809057C6E
260X,O,13A191322410A410
260X,I,13A191322410A410
260X,I,C650BECDAF9D9EB0
260X,I,9CAF2FDA35EEF9E2
260X,I,AB057A63C24E990E
260X,I,62958067B9C06318
260X,I,5419928D472EAD8D
260X,I,EC07D92834F5430B
260X,I,B046BFB6CCD3E7CE
260X,I,076E1E9D5874C41D
260X,I,7B4FD0F182DCC294
260X,I,DFE346B2C7332BC0
260X,I,2B3A6C000BB085CD
260X,I,EC49B6F5634BC0C2
260X,I,BC301D7E7F063331
260X,I,CBE54DB551C24A02
260X,I,78B537644BD4FE00
260X,I,00B4635AE83E7EC5
260X,I,507D90B4B976DBD6
260X,I,1F6BFDF34BABCE6A
260X,I,0C677A6B6266DB52
260X,I,ECE3F3BE270C27E2
260X,I,5B3258C7E0856895
261,O,A3658E938F378588
261,O,2659CEA57836F600
261,O,00408DDF35401A43
261,O,1E15CFA82F408124
261,O,CD4626E2F32FE372
261,O,25E34120CA3AD554
261,O,6D9EB45795E40B40
261,O,02824AAFC038FA20
261,O,0FB4AEA370913FD2
261,O,0F35C99BABE4D40E
261,O,78B3C90A0D7DDDE3
261,O,E2AE7A37634C8FE5
261,O,B954B8082D1AA9B0
261,O,57E8A522E2C638FD
261,O,9170FC8FFFD12204
261,O,D2C1DACCC74B69C5
261,O,EBE1766B508217AF
261,O,C4F843F93CDCBE64
261,O,4235BA400EB10F0E
261,O,879A98CD29D9433F
261,O,A22E315AD21129EB
261,O,87F9F165B63331A5
261,O,C1210CE431B3BB88
261,I,C1210CE431B3BB88
261,I,9BE3D659E4C144D2
261,I,000CFEE2F92DC17B
261,I,53BB93AAB2D45F3B
261,I,1380D71251D0CBF9
261,I,B85E71E9AFF5B087
261,I,D78B86AB419E84B3
261,I,DF0C4F9561000773
261,I,EE775A73D626A46E
261,I,D417A444017171C6
261,I,53966A66C3108F4C
261,I,27462EF126F46599
261,I,AA5DA45828958EAE
261,I,876057D899CE09C9
261,I,50DC968C90CE7CF4
261,I,FA553D19AD960A9B
261,I,642F7D358D36F715
261,I,F269ACD809D1B43E
261,I,68354B780EDFC52B
261,I,665CE110A84542E9
261,I,1EF537D7BC3286E1
261,I,ABDD74161F650B6E
261,I,E105131B41FBAF33
261,I,A3658E938F378588
261B,O,377CE6B97D37B9FA
261B,O,C90375A74B02D2E8
261B,O,EEC48EC880FC63CB
261B,O,242418A9AB386596
261B,O,A9D85812EAEE6C17
261B,O,971554761E4413EF
261B,O,7FB2AE7FA13EDB0F
261B,O,4F64DA53415F3128
261B,O,BF7FD3BC4994EBE5
261B,O,9DC117C78DBDB1A7
261B,O,BD52FF1BA0AC99BE
261B,O,1F2376A52800A2CA
261B,O,0B72FFAB7F7230E4
261B,O,E3E5521CAFDD5DCE
261B,O,D3CA3780D3E342FC
261B,O,6FBEA411A4940B6C
261B,O,1064E673770C38BC
261B,O,2DFE2D85D53C1114
261B,O,C4E03BB27317AF35
261B,O,30DD3451F8D64883
261B,O,8AFF8B43EC3E547F
261B,O,83C4F756489484B5
261B,O,ED9E5ACF98190E5C
261B,O,6C1C752975B8A257
261B,O,AB4C15B92D4199BB
261B,O,10754E414E9B86F4
261B,O,25B94D808EC232D8
261B,O,E10A0960D4E103B1
261B,O,D6E03ECA84C07932
261B,O,45F2E2A508556D6E
261B,O,6265ADC5B1D37D6C
261B,O,2EEB9CB69FB6A58D
261B,O,0CC0B21EFF42EE19
261B,O,EDE9E3D28B42969D
261B,O,42FA8BD1F55BACEC
261B,O,130015EE1C05A484
261B,O,0F9DE5E3F13FBABA
261B,O,FCE8D0E0D2A89B8B
261B,O,D77779E531F14725
261B,O,4F64DA53415F3128
261B,O,BF7FD3BC4994EBE5
261B,O,9DC117C78DBDB1A7
261B,O,BD52FF1BA0AC99BE
261B,O,1F2376A52800A2CA
261B,O,0B72FFAB7F7230E4
261B,O,E3E5521CAFDD5DCE
261B,O,D3CA3780D3E342FC
261B,O,6FBEA411A4940B6C
261B,O,1064E673770C38BC
261B,O,2DFE2D85D53C1114
261B,O,C4E03BB27317AF35
261B,O,30DD3451F8D64883
261B,O,8AFF8B43EC3E547F
261B,O,83C4F756489484B5
261B,O,ED9E5ACF98190E5C
261B,O,6C1C752975B8A257
261B,O,AB4C15B92D4199BB
261B,O,10754E414E9B86F4
261B,O,25B94D808EC232D8
261B,O,E10A0960D4E103B1
261B,O,D6E03ECA84C07932
261B,O,45F2E2A508556D6E
261B,O,6265ADC5B1D37D6C
261B,O,2EEB9CB69FB6A58D
261B,O,0CC0B21EFF42EE19
261B,O,EDE9E3D28B42969D
261P,O,896148008606A47A
261P,O,3199543D3AE70527
261P,O,7FE552E3792C9047
261P,O,5587F6CBEF8C74F1
261P,O,468DB19F9ECA7507
261P,O,030A0F57C577B5EA
261P,O,F1A6B3410C090751
261P,O,0BFC5F7FC4A2D431
261P,O,AC1A0FA3D0743FCC
261P,O,57E8A522E2C638FD
261P,O,9170FC8FFFD12204
261P,O,D2C1DACCC74B69C5
261P,O,DF0C4F9561000773
261P,I,DF0C4F9561000773
261P,I,EE775A73D626A46E
261P,I,D417A444017171C6
261P,I,53966A66C3108F4C
261P,I,A856593C105D479B
261P,I,EF43A73D4C0CC508
261P,I,BB4F24A4C6A9B222
261P,I,F61DB78CF72DB387
261P,I,92A09EC9B712A1ED
261P,I,4885700825A72F51
261P,I,A1541789F09C89BA
261P,I,D073CC71A1B4F79C
261P,I,B64EEA7F564C7853
261P,I,46D1A9FD1F84CA5C
261P,I,E01BD8E1BEC29EA6
261P,I,E16D49ECA536ECC6
261P,I,896148008606A47A
261S,O,9F5B57C2FE7E786D
261S,O,594A765BE3A43C73
261S,O,16F5EB4168069F73
261S,O,1F6BFDF34BABCE6A
261S,O,19B569A51034271F
261S,O,1AD9C759A42F9003
261S,O,EB64718829DFC071
261S,O,92A8D40E66E76F6B
261S,O,57E8A522E2C638FD
261S,O,9170FC8FFFD12204
261S,O,D2C1DACCC74B69C5
261S,O,4442A9A5E7FABAB8
261X,O,752B1B808E1B4CB5
261X,O,3C3AFAA5179D7F6D
261X,O,130015EE1C05A484
261X,O,0F9DE5E3F13FBABA
261X,O,FCE8D0E0D2A89B8B
261X,O,D77779E531F14725
261X,O,F626C47C1F73E1AE
261X,O,813A44129E51981F
261X,O,8972CD96C0B11BB2
261X,O,4AA82FE086BA80FD
261X,O,3410D9B6EF36D674
261X,O,9D88EE061FF5E1D0
261X,O,3F0C9DF601178557
261X,O,2BD0ACE05ADB9AD1
261X,O,459BE083B86A8337
261X,O,CD4626E2F32FE372
261X,O,26B5D3C001417E0E
261X,O,EC49B6F5634BC0C2
261X,O,7AC6625D894BA101
261X,O,CBE54DB551C24A02
261X,O,093289C2E4F6F408
261X,O,3FAC6C2592812331
261X,O,CF94083CB24CF4E5
261X,O,4A76CDB32FA69BC6
261X,O,6F11F73C749338DB
261X,O,98EBAB9468C80DD2
261X,O,6DD6B837EF1FA76C
261X,O,AFD29CB1A4F71AB9
261X,O,65ECD19EFD09FB74
261X,O,D67917549F3DC8A3
261X,O,6633B4885C8A3EE7
261X,O,0F3FA9B7D07A91F3
261X,O,C837C3C549793472
261X,O,C1210CE431B3BB88
261X,I,C1210CE431B3BB88
261X,I,BFAE1E951D3B63EC
261X,I,C67060F448591E4F
261X,I,14BDB94A8F3ED3EC
261X,I,FA7A3D77713061E9
261X,I,C7120BD9A94B4F6A
261X,I,825199DC3BC0C5A3
261X,I,ADB9356BBF06F7C7
261X,I,8E3F5AE0A97053F9
261X,I,68C7CBB4CAB9FE69
261X,I,9CD9BFAE2BC91336
261X,I,1BA6858FEF337645
261X,I,4E655B25ABAE103A
261X,I,AD4E0E8DC8ACEFB6
261X,I,DF8F6AA868615D47
261X,I,6FB7BC1E5BC1E4EE
261X,I,5238463F47B490D6
261X,I,C1BF4509359B0895
261X,I,1E15CFA82F408124
261X,I,46D78D8886A71B3B
261X,I,630AA1866C5372B6
261X,I,C90375A74B02D2E8
261X,I,EEC48EC880FC63CB
261X,I,242418A9AB386596
261X,I,A9D85812EAEE6C17
261X,I,971554761E4413EF
261X,I,7FB2AE7FA13EDB0F
261X,I,46261DE8D4DFD821
261X,I,5A3DB1CED74A109E
261X,I,22E22257A0FA43D3
261X,I,752B1B808E1B4CB5
261X,I,3C3AFAA5179D7F6D
263,O,7A501670303C90F8
263,O,0E5FDDFE21A01A0D
263,O,1EF537D7BC3286E1
263,O,07B714029E91FD81
263,O,123A364D76B2CE5D
263,O,376C4835851621D4
263,O,1D5D89F395EA4948
263,O,81B719F7DC3F0FAD
263,O,9E8E99C5BB698AC2
263,O,3418D6822E151335
263,I,3418D6822E151335
263,I,620E14F31DA31490
263,I,5FDA47671B5557B3
263,I,0269A1F9D98C737E
263,I,47FF0EDCD6926932
263,I,64312A5DFF11636C
263,I,CB2A65E69B2B71BE
263,I,59081A58EA5BC728
263,I,5D14B75687F60509
263,I,79D68EE7C6CBAB9D
263,I,7A501670303C90F8
263A,O,584E6744385F6463
263A,O,0E5FDDFE21A01A0D
263A,O,1EF537D7BC3286E1
263A,O,07B714029E91FD81
263A,O,123A364D76B2CE5D
263A,O,376C4835851621D4
263A,O,1D5D89F395EA4948
263A,O,91481C9100917BA7
263A,O,8ECFB7DFFC0023DA
263A,O,548DB838B4673D93
263A,O,739A5DDE0CF1970C
263A,O,9E95343C77BB85E2
263A,O,F808AF482CCA028E
263A,O,9C6800DD6E0CD683
263A,O,6E821768CA09E8C9
263A,I,27F96537744C6792
263A,I,5C2A974134634635
263A,I,A0D379E172F5BC93
263A,I,853CD1316EB5227B
263A,I,BE6EC9708F5FB613
263A,I,548DB838B4673D93
263A,I,823E3EE2413E40E2
263A,I,45AB0EC4F195CA7A
263A,I,620E14F31DA31490
263A,I,5FDA47671B5557B3
263A,I,0269A1F9D98C737E
263A,I,47FF0EDCD6926932
263A,I,64312A5DFF11636C
263A,I,CB2A65E69B2B71BE
263A,I,59081A58EA5BC728
263A,I,5D14B75687F60509
263A,I,79D68EE7C6CBAB9D
263B,O,584E6744385F6463
263B,O,0E5FDDFE21A01A0D
263B,O,1EF537D7BC3286E1
263B,O,07B714029E91FD81
263B,O,123A364D76B2CE5D
263B,O,376C4835851621D4
263B,O,1D5D89F395EA4948
263B,O,81B719F7DC3F0FAD
263B,O,9E8E99C5BB698AC2
263B,O,72EE8A033E4260A3
263B,O,61A21B70C10E9722
263B,O,7234BEA4242461F7
263B,I,7234BEA4242461F7
263B,I,C458B4A40BFCC4FF
263B,I,620E14F31DA31490
263B,I,5FDA47671B5557B3
263B,I,0269A1F9D98C737E
263B,I,47FF0EDCD6926932
263B,I,64312A5DFF11636C
263B,I,CB2A65E69B2B71BE
263B,I,59081A58EA5BC728
263B,I,5D14B75687F60509
263B,I,79D68EE7C6CBAB9D
263C,O,584E6744385F6463
263C,O,0E5FDDFE21A01A0D
263C,O,1EF537D7BC3286E1
263C,O,07B714029E91FD81
263C,O,123A364D76B2CE5D
263C,O,376C4835851621D4
263C,O,1D5D89F395EA4948
263C,O,739A5DDE0CF1970C
263C,O,9E95343C77BB85E2
263C,O,2D1A8946EF054FC9
263C,O,DADEC4FDAD7C58B3
263C,O,E8F5E085BAEFE100
263C,O,79FD1B44D37205B8
263C,O,369A5601F8A63B5E
263C,O,A339426A8F633D63
263C,O,CDB292D507E4302D
263C,O,05485C36CA334A81
263C,O,FDDA176977136CD9
263C,O,6716018C3EE42733
263C,O,27222F0DE22582ED
263C,O,32C1F605CAAD7861
263C,O,DAC33107054B9FED
263C,O,4705F639E370A9AD
263C,O,CAB927254C5D8892
263C,O,45E245505155AFF3
263C,O,BB33B8049C297ADD
263C,O,5998A11C63EAB82E
263C,O,22B76E4C5793EFB9
263C,I,23F5EB70746CFF94
263C,I,551DEE0C7120DECD
263C,I,916501787D3948F1
263C,I,4197D80D370042C2
263C,I,6E1E84A8BAF508AC
263C,I,DB241439B4E2785A
263C,I,43531EDD45A4B0C1
263C,I,4249ED0CD65130CC
263C,I,CB7FA5CF40D4413A
263C,I,A6D60802BD8DDED0
263C,I,12E4BAFA2B73435B
263C,I,74648B92E0E80E2E
263C,I,4DD5EC5516B360D7
263C,I,33ABA49F0E91A247
263C,I,023E9E5A9E073E1A
263C,I,B464BD6334A93FA1
263C,I,5C2A974134634635
263C,I,A0D379E172F5BC93
263C,I,853CD1316EB5227B
263C,I,BE6EC9708F5FB613
263C,I,620E14F31DA31490
263C,I,5FDA47671B5557B3
263C,I,0269A1F9D98C737E
263C,I,47FF0EDCD6926932
263C,I,64312A5DFF11636C
263C,I,CB2A65E69B2B71BE
263C,I,59081A58EA5BC728
263C,I,5D14B75687F60509
263C,I,79D68EE7C6CBAB9D
264X,O,8581908CE476D2CF
264X,O,05485C36CA334A81
264X,O,DA30F5393480B81D
264X,O,6716018C3EE42733
264X,O,1A0BF02F827F6A20
264X,O,CCC4773031BC0FD8
264X,O,6A4B371546D489BF
264X,O,F63C4B8B958E9830
264X,O,78AD2432201EF5EE
264X,O,1B0FD9C27F5FE0BE
264X,O,A010FE2C473103A8
264X,O,70FEB409760C77EE
264X,O,D813C93D9AD1C45B
264X,O,7BB395B6FE66E102
264X,O,6D4E7B9D5F9584E7
264X,O,47AB1894215AECEE
264X,O,42AEF6365E78DA56
264X,O,8753A8442C2FFF53
264X,O,8D56DB404D264D5A
264X,O,A00D00FC2F4F8400
264X,O,C052B4D46E1F48EA
264X,O,AFB9321F7CD2C2E4
264X,O,7898B605E39613A8
264X,O,D4377A1796E80098
264X,I,D4377A1796E80098
264X,I,6A90A40248059768
264X,I,48D55BCE2E97E1DE
264X,I,FBBF4EB577663A13
264X,I,F97A667725CDEB82
264X,I,73FE2D32F218DA9C
264X,I,A264255E81F51111
264X,I,4C86E1F44AE9C25B
264X,I,A6C169DA579FC45B
264X,I,308112BE50081258
264X,I,D2425B7147B58E1D
264X,I,A4607B71730E8F46
264X,I,1C0A89BD67A4CFF0
264X,I,0D98A0E934584FD0
264X,I,6E85D42922E5A10C
264X,I,D54B0CA58FE5559D
264X,I,445B2A02DB891CA9
264X,I,0C943B7308FF4DCC
264X,I,73CDC61EBA1C9431
264X,I,399EF919E10C7F33
264X,I,56F79FB1FC157E22
264X,I,95B249916F323BD4
264X,I,45628FA7B8D7C5D2
264X,I,13E458C819D90940
264X,I,A6D60802BD8DDED0
264X,I,46604706EE6CC765
264X,I,8581908CE476D2CF
265B,O,105E0AF98899CAEE
265B,O,8753A8442C2FFF53
265B,O,8D56DB404D264D5A
265B,O,A00D00FC2F4F8400
265B,O,0F46D557819BD600
265B,O,FE801C732EC6EA42
265B,O,0EB12ABC31301AA5
265B,O,A4607B71730E8F46
265B,O,021872C0E263AC46
265B,O,3ECEF3B735084236
265B,O,447C1D79A10C83E2
265B,O,F36F422FDC6B9D3F
265B,O,50E78EB09845863E
265B,O,8BCB786E1F1A2457
265B,O,BD34A7B702373B12
265B,O,3A5C336CCB38A3FA
265B,O,8CE4B83B45F22F1F
265B,O,89F6B64B28A21D34
265B,O,18A85DD43DFA12AF
265B,O,C4B0E899FAE72350
265B,O,8C7C1212A1196A1A
265B,O,996EC6B4E40A2E4A
265B,O,5CA7841E84D52C8A
265B,O,22138E6C8051FDBD
265B,O,405DE12B9200AD9F
265B,O,145515B1D2C60CAF
265B,O,FC3C8F9B155E41DE
265B,I,FC3C8F9B155E41DE
265B,I,51288CE4C842111E
265B,I,B76B249D3D253008
265B,I,73129107791388E6
265B,I,91B6FD557EEB82F9
265B,I,11ED493F674F4888
265B,I,704AF52FDCA7AE1B
265B,I,BE1A19A3705F5B70
265B,I,EBE72869FC78A62D
265B,I,4AFCFC726ADBD5F7
265B,I,DD9DF46F3BA040EE
265B,I,B7C0A83790F94D99
265B,I,01E580BD435E9301
265B,I,7DD772B7D55C54B2
265B,I,62742CFBA2BE9854
265B,I,643D73028E9E8490
265B,I,E3B0A57678CFD140
265B,I,1D202282C0A82F12
265B,I,D813C93D9AD1C45B
265B,I,7BB395B6FE66E102
265B,I,56C0EAB471B9D966
265B,I,F97A667725CDEB82
265B,I,73FE2D32F218DA9C
265B,I,A264255E81F51111
265B,I,105E0AF98899CAEE
265M,O,223DAE7E925E3BB9
265M,O,8753A8442C2FFF53
265M,O,8D56DB404D264D5A
265M,O,63DF37D89C356A04
265M,O,FE801C732EC6EA42
265M,O,6E460327848C5225
265M,O,3ECEF3B735084236
265M,O,7E2E1F1269E520DE
265M,O,ED364A58F885DC92
265M,O,D6C06E7091666AB4
265M,O,F8D8D0AED9889278
265M,O,2D33D39F61B74C5D
265M,O,AAB411C52D067AD1
265M,O,558D298696B57A4D
265M,O,898337E6181E5E66
265M,O,4E3FEA4E559A5D16
265M,O,BB04686A2E0D7578
265M,O,68758E936DF9B173
265M,O,EC14900F4BD3744B
265M,O,36348FA62122EA3C
265M,I,36348FA62122EA3C
265M,I,E3B77FDA167AE325
265M,I,3C9E0D9FBEA28AC6
265M,I,DC28E30AF099D339
265M,I,95A8334E0385A5E7
265M,I,4A68E282FEB3DAED
265M,I,AB10F01039440464
265M,I,354A2C15BD189228
265M,I,87668BC629020844
265M,I,645D996BAD54FBBC
265M,I,A68A34F71D94FF13
265M,I,643D73028E9E8490
265M,I,E3B0A57678CFD140
265M,I,324EF7E116289941
265M,I,B10F5697E4DA810B
265M,I,73FE2D32F218DA9C
265M,I,A264255E81F51111
265M,I,223DAE7E925E3BB9
265P,O,03FC9E0BC770B677
265P,O,73FE2D32F218DA9C
265P,O,A264255E81F51111
265P,O,4C86E1F44AE9C25B
265P,O,79C0E2525F4B50FF
265P,O,3ECEF3B735084236
265P,O,7E2E1F1269E520DE
265P,O,D893FD9E88E2A98D
265P,O,40A0B70767CA3F13
265P,O,F8D8D0AED9889278
265P,I,87668BC629020844
265P,I,645D996BAD54FBBC
265P,I,A68A34F71D94FF13
265P,I,643D73028E9E8490
265P,I,E3B0A57678CFD140
265P,I,71D916F7E97D18A3
265P,I,42AEF6365E78DA56
265P,I,8753A8442C2FFF53
265P,I,8D56DB404D264D5A
265P,I,03FC9E0BC770B677
265S,O,0AE307AC4840B867
265S,O,D813C93D9AD1C45B
265S,O,7BB395B6FE66E102
265S,O,6D4E7B9D5F9584E7
265S,O,47AB1894215AECEE
265S,O,42AEF6365E78DA56
265S,O,8753A8442C2FFF53
265S,O,8D56DB404D264D5A
265S,O,A00D00FC2F4F8400
265S,O,C052B4D46E1F48EA
265S,O,AFB9321F7CD2C2E4
265S,O,7898B605E39613A8
265S,O,0BC0F64B076ED373
265S,O,C20316E552E64387
265S,O,CDB292D507E4302D
265S,O,0D9F5E10DA9CCE02
265S,O,05485C36CA334A81
265S,O,FDDA176977136CD9
265S,O,95B249916F323BD4
265S,O,446E33686D9C02E0
265S,O,F9C14690633CE7E0
265S,O,7BCFD79F22F60457
265S,O,32C1F605CAAD7861
265S,O,DAC33107054B9FED
265S,O,4705F639E370A9AD
265S,O,CAB927254C5D8892
265S,O,39B46EEDBF9E5988
265S,O,BB33B8049C297ADD
265S,O,5998A11C63EAB82E
265S,O,22B76E4C5793EFB9
265S,O,0AE307AC4840B867
265S,O,D813C93D9AD1C45B
265S,O,7BB395B6FE66E102
265S,O,6D4E7B9D5F9584E7
265S,O,47AB1894215AECEE
265S,O,42AEF6365E78DA56
265S,O,8753A8442C2FFF53
265S,O,8D56DB404D264D5A
265S,O,A00D00FC2F4F8400
265S,O,C052B4D46E1F48EA
265S,O,AFB9321F7CD2C2E4
265S,O,7898B605E39613A8
265S,O,0BC0F64B076ED373
265S,O,C20316E552E64387
265S,O,1C0A89BD67A4CFF0
265S,O,0D98A0E934584FD0
265S,O,6E85D42922E5A10C
265S,O,D54B0CA58FE5559D
265S,O,445B2A02DB891CA9
265S,O,0C943B7308FF4DCC
265S,O,73CDC61EBA1C9431
265S,O,CDB292D507E4302D
265S,O,0D9F5E10DA9CCE02
265S,O,05485C36CA334A81
265S,O,FDDA176977136CD9
265S,O,95B249916F323BD4
265S,O,446E33686D9C02E0
265S,O,F9C14690633CE7E0
265S,O,7BCFD79F22F60457
265S,O,32C1F605CAAD7861
265S,O,DAC33107054B9FED
265S,O,4705F639E370A9AD
265S,O,CAB927254C5D8892
265S,O,39B46EEDBF9E5988
265S,O,BB33B8049C297ADD
265S,O,5998A11C63EAB82E
265S,O,22B76E4C5793EFB9
265S,I,39B46EEDBF9E5988
265S,I,551DEE0C7120DECD
265S,I,6E1E84A8BAF508AC
265S,I,DB241439B4E2785A
265S,I,378DA3C43904CFF9
265S,I,9FBD2D7974A0AB50
265S,I,1A0BF02F827F6A20
265S,I,6DE63371E5E799BA
265S,I,3CE4F8574F4F9D72
265S,I,A6D60802BD8DDED0
265S,I,12E4BAFA2B73435B
265S,I,A264A7BA921EEE6E
265S,I,ABE1BADF8D43CB24
265S,I,6A90A40248059768
265S,I,48D55BCE2E97E1DE
265S,I,FBBF4EB577663A13
265S,I,F97A667725CDEB82
265S,I,73FE2D32F218DA9C
265S,I,A264255E81F51111
265S,I,4C86E1F44AE9C25B
265S,I,A6C169DA579FC45B
265S,I,308112BE50081258
265S,I,537F93CCE45CB56F
265S,I,0AE307AC4840B867
267X,O,33D5CDFE9FBE56A1
267X,O,3199543D3AE70527
267X,O,2B354AE312900DF1
267X,O,AA5DA45828958EAE
267X,O,876057D899CE09C9
267X,O,FA553D19AD960A9B
267X,O,642F7D358D36F715
267X,O,F269ACD809D1B43E
267X,O,68354B780EDFC52B
267X,O,665CE110A84542E9
267X,O,F5A44B89EFBC0B4F
267X,O,99EF4CA10B3E1F17
267X,O,B27236FC63F891D9
267X,O,5D1E6432755E4F5F
267X,O,D80313EC29620E1D
267X,O,BA03816A38B9DA7F
267X,O,D0F8772D043C207E
267X,O,E5E15C5F7F0344AB
267X,O,598F766175BE3EF3
267X,O,0644E10571B8CA12
267X,O,5AAC6A858427D04E
267X,O,DA0947682FC19B0B
267X,I,DA0947682FC19B0B
267X,I,25F3EF8ACD865DFB
267X,I,478A61BE44E34707
267X,I,9E1F0E5A57F3D3D5
267X,I,4B17C55C032D3A37
267X,I,52AE04E9C3E77BE1
267X,I,F727B37E25DC4C88
267X,I,DCC8F8655EB76754
267X,I,AA6F0A2661759A49
267X,I,52A8DA8958AFCCA6
267X,I,0EAFBD8737911A6A
267X,I,E435F72ACB8438ED
267X,I,60A445D9ACD40C12
267X,I,118450CCC68E42C6
267X,I,6AAC8E541D9BD80C
267X,I,1E15CFA82F408124
267X,I,CD4626E2F32FE372
267X,I,25E34120CA3AD554
267X,I,6D9EB45795E40B40
267X,I,02824AAFC038FA20
267X,I,0FB4AEA370913FD2
267X,I,78B3C90A0D7DDDE3
267X,I,E2AE7A37634C8FE5
267X,I,B954B8082D1AA9B0
267X,I,E01BD8E1BEC29EA6
267X,I,E16D49ECA536ECC6
267X,I,33D5CDFE9FBE56A1
268,O,D212D9782E80AF47
268,O,EC6FDF2670147F12
268,O,843A6966DEAB2C1E
268,O,C6D0AD0AA59CB197
268,O,75BCC884A3620498
268,O,D2FCC678B1D160E1
268,O,217E82F6FF3F89E3
268,O,BF598D4B90407BB9
268,O,DB11DC6D1BA11F9A
268,O,F5FA7ED5D5A6860D
268,O,D05C7D74301D47C5
268,O,41C9D989B8B874FF
268,O,A4F1BEF1EEAD0910
268,O,2562B3983ECD76C5
268,O,E1C5246F946E2D86
268,O,0E129862160C8DAD
268,I,131A8DDFC3837AD7
268,I,80E207687865EDE7
268,I,C1FA7F4BEE80A723
268,I,AECF334FEF4E73C5
268,I,BFCFEBF6F5C35402
268,I,F8B3A5C8D0D3CED7
268,I,3D5F826FD00C0529
268,I,65F77C74AB618A8D
268,I,0492DA388B6FDA92
268,I,1F5D9F81AB034CAE
268,I,E329DEA067F8BF02
268,I,14FDBB259636B76C
268,I,B13D9345C84F088E
268,I,ED758B6955F44E30
268,I,4D258A35FECA3A0C
268,I,A068B6BB68299035
268,I,D212D9782E80AF47
268A,O,72B24F5DD57E3AE3
268A,O,5A7002CB1DBD5B96
268A,O,BA60686E2E81F573
268A,O,93933C15FFC9F4CC
268A,O,53AC50E46ABDA85B
268A,O,30A583775F35FD7D
268A,O,3ECEF3B735084236
268A,O,211D93217331B040
268A,O,D198122830A4FDE3
268A,O,99EF4CA10B3E1F17
268A,O,326199D24220A42B
268A,O,C847B9021C407731
268A,O,5536C9E3A0CE1228
268A,O,96A6FE5F07BDF203
268A,O,5D1E6432755E4F5F
268A,O,D80313EC29620E1D
268A,O,D9B53E4B3A192940
268A,O,BC7C325EE59235E4
268A,O,9E256D7EE9FE68BC
268A,O,DF942A6B97EABDC4
268A,O,5C6F557AA652B05C
268A,O,CF579AAA2A4E506C
268A,O,80B56E2C7719DAF4
268A,O,71E3EB7E709522C7
268A,O,2D3C0F18F9131DA2
268A,I,2D3C0F18F9131DA2
268A,I,E70EDF92FE8553E2
268A,I,D52BE142BBBD69D9
268A,I,2C7BF1ADFCFB5545
268A,I,0306B53F46955E3E
268A,I,4B17C55C032D3A37
268A,I,266A4CDA19461A42
268A,I,99D25E17B32126B4
268A,I,1DF17F085C6C1B78
268A,I,7917BB962CCB11C0
268A,I,93D9D88C2D990D67
268A,I,60A445D9ACD40C12
268A,I,118450CCC68E42C6
268A,I,6AAC8E541D9BD80C
268A,I,643D73028E9E8490
268A,I,E481F7170B1F6FC3
268A,I,21DA1E33BF580B96
268A,I,21BC36A2065CB667
268A,I,0D005977F208D030
268A,I,0CF8C59B80E70369
268A,I,76DD0B50D30CF140
268A,I,72B24F5DD57E3AE3
268B,O,FB45B8223CB9312F
268B,O,E5CD4F98F31F239C
268B,O,0CF8C59B80E70369
268B,O,72B24F5DD57E3AE3
268B,O,E0E2097354500456
268B,O,BCC6E5BA6810FED6
268B,O,22D525468860D203
268B,O,C296D9B3313C1F77
268B,O,53AC50E46ABDA85B
268B,O,445A166A348A82DB
268B,O,3ECEF3B735084236
268B,O,447C1D79A10C83E2
268B,O,4DB8054CDFBB9E43
268B,O,F6EE4DC41A299593
268B,O,FE56DD70DEDE0395
268B,O,D2217D7746597D10
268B,O,576538E1395C8508
268B,O,1864222D8939BD69
268B,O,EE5D9C9A5622C786
268B,O,8FFE414EC5D76825
268B,O,A856593C105D479B
268B,O,EF43A73D4C0CC508
268B,O,BB4F24A4C6A9B222
268B,O,F61DB78CF72DB387
268B,O,0BFC5F7FC4A2D431
268B,O,5F616585205DDDF9
268B,O,147D513A708AA741
268B,O,B88640E0CA83F12C
268B,O,A8482B15AD6E89A3
268B,O,BCC6E5BA6810FED6
268B,O,22D525468860D203
268B,O,C296D9B3313C1F77
268B,O,53AC50E46ABDA85B
268B,O,445A166A348A82DB
268B,O,3ECEF3B735084236
268B,O,447C1D79A10C83E2
268B,O,4DB8054CDFBB9E43
268B,O,F6EE4DC41A299593
268B,O,FE56DD70DEDE0395
268B,O,D2217D7746597D10
268B,O,576538E1395C8508
268B,O,1864222D8939BD69
268B,O,EE5D9C9A5622C786
268B,O,8FFE414EC5D76825
268B,I,8FFE414EC5D76825
268B,I,95FAB1D2AD752ECE
268B,I,AE264B401D72411A
268B,I,C650BECDAF9D9EB0
268B,I,9CAF2FDA35EEF9E2
268B,I,AB057A63C24E990E
268B,I,62958067B9C06318
268B,I,5419928D472EAD8D
268B,I,EC07D92834F5430B
268B,I,B046BFB6CCD3E7CE
268B,I,076E1E9D5874C41D
268B,I,7B4FD0F182DCC294
268B,I,643D73028E9E8490
268B,I,E481F7170B1F6FC3
268B,I,21DA1E33BF580B96
268B,I,CCBBE2779B1765C4
268B,I,74C51A8A3D783F40
268B,I,0E2B8E1D544C6889
268B,I,A010FE2C473103A8
268B,I,70FEB409760C77EE
268B,I,1C0A89BD67A4CFF0
268B,I,6723518D536070AB
268B,I,FB45B8223CB9312F
268C,O,F7EA40235ECCBA38
268C,O,E5CD4F98F31F239C
268C,O,0CF8C59B80E70369
268C,O,72B24F5DD57E3AE3
268C,O,E0E2097354500456
268C,O,6A435795576D92E8
268C,O,22D525468860D203
268C,O,51BD0FD05C62F3F4
268C,O,53AC50E46ABDA85B
268C,O,30A583775F35FD7D
268C,O,3ECEF3B735084236
268C,O,211D93217331B040
268C,O,D198122830A4FDE3
268C,O,99EF4CA10B3E1F17
268C,O,326199D24220A42B
268C,O,C847B9021C407731
268C,O,38330C642568FE3F
268C,O,96A6FE5F07BDF203
268C,O,5D1E6432755E4F5F
268C,O,EDDE9311F49AC296
268C,O,D9B53E4B3A192940
268C,O,BC7C325EE59235E4
268C,O,9E256D7EE9FE68BC
268C,O,DF942A6B97EABDC4
268C,O,CF579AAA2A4E506C
268C,O,80B56E2C7719DAF4
268C,O,71E3EB7E709522C7
268C,O,2D3C0F18F9131DA2
268C,O,F5727C4B7EEBA1B3
268C,O,50B398D31C6B2D28
268C,O,B896D9459B2C84FA
268C,O,E53367ABE6927F27
268C,O,3DE45DC85392F3E9
268C,O,6225FE329900326D
268C,O,C187E3771B7032EC
268C,O,41C9CAACDC573B48
268C,O,3ECEF3B735084236
268C,O,211D93217331B040
268C,O,D198122830A4FDE3
268C,O,99EF4CA10B3E1F17
268C,O,326199D24220A42B
268C,O,C847B9021C407731
268C,O,38330C642568FE3F
268C,O,96A6FE5F07BDF203
268C,O,5D1E6432755E4F5F
268C,O,EDDE9311F49AC296
268C,O,D9B53E4B3A192940
268C,O,BC7C325EE59235E4
268C,O,9E256D7EE9FE68BC
268C,O,DF942A6B97EABDC4
268C,O,CF579AAA2A4E506C
268C,O,80B56E2C7719DAF4
268C,O,71E3EB7E709522C7
268C,O,2D3C0F18F9131DA2
268C,I,2D3C0F18F9131DA2
268C,I,E70EDF92FE8553E2
268C,I,D52BE142BBBD69D9
268C,I,2C7BF1ADFCFB5545
268C,I,0306B53F46955E3E
268C,I,4B17C55C032D3A37
268C,I,266A4CDA19461A42
268C,I,99D25E17B32126B4
268C,I,DCC8F8655EB76754
268C,I,AA6F0A2661759A49
268C,I,E8B52C5A78E48365
268C,I,1DF17F085C6C1B78
268C,I,7917BB962CCB11C0
268C,I,93D9D88C2D990D67
268C,I,60A445D9ACD40C12
268C,I,118450CCC68E42C6
268C,I,6AAC8E541D9BD80C
268C,I,643D73028E9E8490
268C,I,E481F7170B1F6FC3
268C,I,21DA1E33BF580B96
268C,I,CCBBE2779B1765C4
268C,I,74C51A8A3D783F40
268C,I,0E2B8E1D544C6889
268C,I,A010FE2C473103A8
268C,I,70FEB409760C77EE
268C,I,1C0A89BD67A4CFF0
268C,I,6723518D536070AB
268C,I,F7EA40235ECCBA38
268C,I,4B17C55C032D3A37
268C,I,266A4CDA19461A42
268C,I,99D25E17B32126B4
268C,I,DCC8F8655EB76754
268C,I,AA6F0A2661759A49
268C,I,E8B52C5A78E48365
268C,I,1DF17F085C6C1B78
268C,I,7917BB962CCB11C0
268C,I,93D9D88C2D990D67
268C,I,60A445D9ACD40C12
268C,I,118450CCC68E42C6
268C,I,6AAC8E541D9BD80C
268C,I,643D73028E9E8490
268C,I,E481F7170B1F6FC3
268C,I,21DA1E33BF580B96
268C,I,CCBBE2779B1765C4
268C,I,74C51A8A3D783F40
268C,I,0E2B8E1D544C6889
268C,I,A010FE2C473103A8
268C,I,70FEB409760C77EE
268C,I,1C0A89BD67A4CFF0
268C,I,6723518D536070AB
268C,I,F7EA40235ECCBA38
268C,I,2D3C0F18F9131DA2
268C,I,E70EDF92FE8553E2
268C,I,D52BE142BBBD69D9
268C,I,2C7BF1ADFCFB5545
268C,I,0306B53F46955E3E
268C,I,4B17C55C032D3A37
268C,I,266A4CDA19461A42
268C,I,99D25E17B32126B4
268C,I,DCC8F8655EB76754
268C,I,AA6F0A2661759A49
268C,I,1DF17F085C6C1B78
268C,I,7917BB962CCB11C0
268C,I,93D9D88C2D990D67
268C,I,60A445D9ACD40C12
268C,I,118450CCC68E42C6
268C,I,6AAC8E541D9BD80C
268C,I,643D73028E9E8490
268C,I,E481F7170B1F6FC3
268C,I,21DA1E33BF580B96
268C,I,CCBBE2779B1765C4
268C,I,74C51A8A3D783F40
268C,I,0E2B8E1D544C6889
268C,I,A010FE2C473103A8
268C,I,70FEB409760C77EE
268C,I,1C0A89BD67A4CFF0
268C,I,6723518D536070AB
268C,I,F7EA40235ECCBA38
268M,O,C20893EE82D32C84
268M,O,DB11DC6D1BA11F9A
268M,O,F5FA7ED5D5A6860D
268M,O,D05C7D74301D47C5
268M,O,41C9D989B8B874FF
268M,O,189AC37A164008A6
268M,O,9B664F8FD4E76E48
268M,O,20E8B4520A802912
268M,O,716D84D1B7EA256E
268M,I,6296109576D60CBB
268M,I,033CB7A21D6DC60C
268M,I,E55FA660A59AB64A
268M,I,E481F7170B1F6FC3
268M,I,BFCFEBF6F5C35402
268M,I,F8B3A5C8D0D3CED7
268M,I,3D5F826FD00C0529
268M,I,65F77C74AB618A8D
268M,I,C20893EE82D32C84
268P,O,E0E2097354500456
268P,O,6A435795576D92E8
268P,O,22D525468860D203
268P,O,51BD0FD05C62F3F4
268P,O,53AC50E46ABDA85B
268P,O,30A583775F35FD7D
268P,O,3ECEF3B735084236
268P,O,211D93217331B040
268P,O,416B7606A9A5FEEB
268P,O,327E4BC13954EA86
268P,O,81C6D8E74259157E
268P,O,5D8FCEF2915882FD
268P,O,C2605DED84199B84
268P,O,BF8E440F5584D39D
268P,O,2D3C0F18F9131DA2
268P,I,2D3C0F18F9131DA2
268P,I,D39533060940818A
268P,I,14894C859FDFE8C3
268P,I,A21BEB6F4E6D43E6
268P,I,9268B442F0C2807E
268P,I,29ED2073D6C52B5A
268P,I,F90ED764C7A95649
268P,I,643D73028E9E8490
268P,I,E481F7170B1F6FC3
268P,I,21DA1E33BF580B96
268P,I,CCBBE2779B1765C4
268P,I,74C51A8A3D783F40
268P,I,0E2B8E1D544C6889
268P,I,A010FE2C473103A8
268P,I,70FEB409760C77EE
268P,I,1C0A89BD67A4CFF0
268P,I,6723518D536070AB
268P,I,F7EA40235ECCBA38
268X,O,2DDEDEFABFB2ED87
268X,O,0BFC5F7FC4A2D431
268X,O,5F616585205DDDF9
268X,O,147D513A708AA741
268X,O,B88640E0CA83F12C
268X,O,A8482B15AD6E89A3
268X,O,6A435795576D92E8
268X,O,6258E0091BFF52C3
268X,O,1DEFCF90AB170FD7
268X,O,FEE97828AB584E76
268X,O,723EF8D7809D3ADB
268X,O,AB0F79ED382081D0
268X,O,3ECEF3B735084236
268X,O,447C1D79A10C83E2
268X,O,6C1C752975B8A257
268X,O,68D0BC0C7164F763
268X,O,102CF3166EF7ABFF
268X,O,25B94D808EC232D8
268X,O,2F165341B07CBDB9
268X,O,FD1B403FD4EC3E8D
268X,O,DE620CFFEE15A211
268X,O,6723518D536070AB
268X,O,FF39B95C2931B8A1
268X,O,E5CD4F98F31F239C
268X,O,BA60686E2E81F573
268X,O,93933C15FFC9F4CC
268X,O,723EF8D7809D3ADB
268X,O,AB0F79ED382081D0
268X,O,3ECEF3B735084236
268X,O,447C1D79A10C83E2
268X,O,6C1C752975B8A257
268X,O,68D0BC0C7164F763
268X,O,102CF3166EF7ABFF
268X,O,25B94D808EC232D8
268X,O,2F165341B07CBDB9
268X,O,FD1B403FD4EC3E8D
268X,O,DE620CFFEE15A211
268X,I,DE620CFFEE15A211
268X,I,457F82CA73DB77ED
268X,I,1032583A59C3521F
268X,I,0E9F8B5A3734D9CE
268X,I,B046BFB6CCD3E7CE
268X,I,FC46B100B69573B7
268X,I,4A1CFF0BEA83DE78
268X,I,221A18C37331E6FD
268X,I,7ADC6D521E6BECE6
268X,I,6E764374E3F36BBB
268X,I,E55FA660A59AB64A
268X,I,E481F7170B1F6FC3
268X,I,14157BA5C06B0B6B
268X,I,F63C4B8B958E9830
268X,I,74C51A8A3D783F40
268X,I,0E2B8E1D544C6889
268X,I,A010FE2C473103A8
268X,I,70FEB409760C77EE
268X,I,A1A1B10F5CE291AC
268X,I,A2C36DF7152EE93F
268X,I,60A4F4A41CD61FAC
268X,I,8F6C8CEB9F17D97D
268X,I,B09E18636F184247
268X,I,CDA68FDFB046D09F
269B,O,7A37046C302EFBEE
269B,O,D813C93D9AD1C45B
269B,O,7BB395B6FE66E102
269B,O,B10F5697E4DA810B
269B,O,67D80F37744E1277
269B,O,080EF1BEA737A5D3
269B,O,AFB9321F7CD2C2E4
269B,O,7898B605E39613A8
269B,O,CB853E4BCBB13F30
269B,O,A12E1F37C7D98567
269B,O,3ECEF3B735084236
269B,O,447C1D79A10C83E2
269B,O,4DB8054CDFBB9E43
269B,O,F6EE4DC41A299593
269B,O,32947470F0E2275B
269B,O,B7A8F179CD71B22E
269B,O,576538E1395C8508
269B,O,1864222D8939BD69
269B,O,EE5D9C9A5622C786
269B,O,10D3BDFDB1B2A43E
269B,O,03FC9E0BC770B677
269B,O,63DF37D89C356A04
269B,O,FE801C732EC6EA42
269B,O,6D4E7B9D5F9584E7
269B,O,5D9E516680412A3E
269B,O,A264255E81F51111
269B,O,4C86E1F44AE9C25B
269B,O,A6C169DA579FC45B
269B,O,308112BE50081258
269B,O,537F93CCE45CB56F
269B,O,A4607B71730E8F46
269B,O,3ECEF3B735084236
269B,O,447C1D79A10C83E2
269B,O,4DB8054CDFBB9E43
269B,O,F6EE4DC41A299593
269B,O,32947470F0E2275B
269B,O,B7A8F179CD71B22E
269B,O,576538E1395C8508
269B,O,1864222D8939BD69
269B,O,EE5D9C9A5622C786
269B,O,10D3BDFDB1B2A43E
269B,I,10D3BDFDB1B2A43E
269B,I,95FAB1D2AD752ECE
269B,I,AE264B401D72411A
269B,I,C650BECDAF9D9EB0
269B,I,9CAF2FDA35EEF9E2
269B,I,AB057A63C24E990E
269B,I,62958067B9C06318
269B,I,5419928D472EAD8D
269B,I,EC07D92834F5430B
269B,I,B046BFB6CCD3E7CE
269B,I,076E1E9D5874C41D
269B,I,7B4FD0F182DCC294
269B,I,643D73028E9E8490
269B,I,0D7A1D0AECA1D999
269B,I,A264A7BA921EEE6E
269B,I,ABE1BADF8D43CB24
269B,I,656B4BCCDC618419
269B,I,48D55BCE2E97E1DE
269B,I,FBBF4EB577663A13
269B,I,F97A667725CDEB82
269B,I,63DF37D89C356A04
269B,I,FE801C732EC6EA42
269B,I,537F93CCE45CB56F
269B,I,7A37046C302EFBEE
269C,O,DFC270E9F05B557E
269C,O,D813C93D9AD1C45B
269C,O,7BB395B6FE66E102
269C,O,B10F5697E4DA810B
269C,O,67D80F37744E1277
269C,O,080EF1BEA737A5D3
269C,O,AFB9321F7CD2C2E4
269C,O,7898B605E39613A8
269C,O,CB853E4BCBB13F30
269C,O,A12E1F37C7D98567
269C,O,3ECEF3B735084236
269C,O,211D93217331B040
269C,O,D198122830A4FDE3
269C,O,99EF4CA10B3E1F17
269C,O,326199D24220A42B
269C,O,C847B9021C407731
269C,O,38330C642568FE3F
269C,O,96A6FE5F07BDF203
269C,O,5D1E6432755E4F5F
269C,O,EDDE9311F49AC296
269C,O,D9B53E4B3A192940
269C,O,BC7C325EE59235E4
269C,O,9E256D7EE9FE68BC
269C,O,DF942A6B97EABDC4
269C,O,CF579AAA2A4E506C
269C,O,80B56E2C7719DAF4
269C,O,71E3EB7E709522C7
269C,O,6F58AF0D366EB8CA
269C,O,A131EEC027755D72
269C,O,7898B605E39613A8
269C,O,CB853E4BCBB13F30
269C,O,71C5FC4FF2FDE0CA
269C,O,EE642EBB8CAD513D
269C,O,3ECEF3B735084236
269C,O,211D93217331B040
269C,O,D198122830A4FDE3
269C,O,99EF4CA10B3E1F17
269C,O,326199D24220A42B
269C,O,C847B9021C407731
269C,O,38330C642568FE3F
269C,O,96A6FE5F07BDF203
269C,O,5D1E6432755E4F5F
269C,O,EDDE9311F49AC296
269C,O,D9B53E4B3A192940
269C,O,BC7C325EE59235E4
269C,O,9E256D7EE9FE68BC
269C,O,DF942A6B97EABDC4
269C,O,CF579AAA2A4E506C
269C,O,80B56E2C7719DAF4
269C,O,71E3EB7E709522C7
269C,O,6F58AF0D366EB8CA
269C,I,6F58AF0D366EB8CA
269C,I,E70EDF92FE8553E2
269C,I,D52BE142BBBD69D9
269C,I,2C7BF1ADFCFB5545
269C,I,0306B53F46955E3E
269C,I,4B17C55C032D3A37
269C,I,266A4CDA19461A42
269C,I,99D25E17B32126B4
269C,I,DCC8F8655EB76754
269C,I,AA6F0A2661759A49
269C,I,8373F7DDB88D19C4
269C,I,1DF17F085C6C1B78
269C,I,7917BB962CCB11C0
269C,I,93D9D88C2D990D67
269C,I,60A445D9ACD40C12
269C,I,118450CCC68E42C6
269C,I,6AAC8E541D9BD80C
269C,I,643D73028E9E8490
269C,I,0D7A1D0AECA1D999
269C,I,A264A7BA921EEE6E
269C,I,ABE1BADF8D43CB24
269C,I,656B4BCCDC618419
269C,I,48D55BCE2E97E1DE
269C,I,FBBF4EB577663A13
269C,I,F97A667725CDEB82
269C,I,63DF37D89C356A04
269C,I,FE801C732EC6EA42
269C,I,537F93CCE45CB56F
269C,I,DFC270E9F05B557E
269D,O,D834EE67780F47CD
269D,O,FE801C732EC6EA42
269D,O,6D4E7B9D5F9584E7
269D,O,5D9E516680412A3E
269D,O,8D56DB404D264D5A
269D,O,A00D00FC2F4F8400
269D,O,C052B4D46E1F48EA
269D,O,AFB9321F7CD2C2E4
269D,O,7898B605E39613A8
269D,O,0BC0F64B076ED373
269D,O,5DE9BD1D773946A0
269D,O,1C0A89BD67A4CFF0
269D,O,E0E2097354500456
269D,O,BCC6E5BA6810FED6
269D,O,4EE417C5EF5FEF4E
269D,O,51BD0FD05C62F3F4
269D,O,53AC50E46ABDA85B
269D,O,30A583775F35FD7D
269D,O,878E5C4AF6C4B0D4
269D,O,81B719F7DC3F0FAD
269D,O,9E8E99C5BB698AC2
269D,O,B9270C10E51D95F4
269D,O,D507B4722D750F5A
269D,O,7377B802B9C37904
269D,O,4639CEC8D4B587C7
269D,O,71C5FC4FF2FDE0CA
269D,O,EE642EBB8CAD513D
269D,O,A856593C105D479B
269D,O,2FA997A1BE419A52
269D,O,5F616585205DDDF9
269D,O,147D513A708AA741
269D,O,B88640E0CA83F12C
269D,O,A8482B15AD6E89A3
269D,O,F05E718C02104BAC
269D,O,5A7002CB1DBD5B96
269D,O,BA60686E2E81F573
269D,O,93933C15FFC9F4CC
269D,O,53AC50E46ABDA85B
269D,O,30A583775F35FD7D
269D,O,878E5C4AF6C4B0D4
269D,O,81B719F7DC3F0FAD
269D,O,9E8E99C5BB698AC2
269D,O,B9270C10E51D95F4
269D,O,D507B4722D750F5A
269D,O,7377B802B9C37904
269D,O,1C0880C222B43889
269D,O,FE801C732EC6EA42
269D,O,6E460327848C5225
269D,O,71D916F7E97D18A3
269D,O,42AEF6365E78DA56
269D,O,8753A8442C2FFF53
269D,O,8D56DB404D264D5A
269D,O,354E46F8DC71E908
269D,O,BD53690B9DA1C956
269D,O,DC5B5F4350685442
269D,O,1C8B2E9FA7FFEB2D
269D,O,14380311740FE44A
269D,O,34BA638C9E27EB46
269D,O,878E5C4AF6C4B0D4
269D,O,81B719F7DC3F0FAD
269D,O,9E8E99C5BB698AC2
269D,O,B9270C10E51D95F4
269D,O,D507B4722D750F5A
269D,O,7377B802B9C37904
269D,O,D834EE67780F47CD
269D,O,A00D00FC2F4F8400
269D,O,C052B4D46E1F48EA
269D,O,AFB9321F7CD2C2E4
269D,O,7898B605E39613A8
269D,O,0BC0F64B076ED373
269D,O,5DE9BD1D773946A0
269D,O,1C0A89BD67A4CFF0
269D,O,E0E2097354500456
269D,O,BCC6E5BA6810FED6
269D,O,4EE417C5EF5FEF4E
269D,O,51BD0FD05C62F3F4
269D,O,53AC50E46ABDA85B
269D,O,30A583775F35FD7D
269D,O,878E5C4AF6C4B0D4
269D,O,81B719F7DC3F0FAD
269D,O,9E8E99C5BB698AC2
269D,O,B9270C10E51D95F4
269D,O,D507B4722D750F5A
269D,O,7377B802B9C37904
269D,I,7377B802B9C37904
269D,I,4E56DD827C1F571A
269D,I,94AB6A106FC79817
269D,I,620E14F31DA31490
269D,I,5FDA47671B5557B3
269D,I,E55FA660A59AB64A
269D,I,E481F7170B1F6FC3
269D,I,14157BA5C06B0B6B
269D,I,F63C4B8B958E9830
269D,I,78AD2432201EF5EE
269D,I,D9CE618F99BAC2B6
269D,I,1B0FD9C27F5FE0BE
269D,I,A010FE2C473103A8
269D,I,70FEB409760C77EE
269D,I,A264A7BA921EEE6E
269D,I,ABE1BADF8D43CB24
269D,I,6A90A40248059768
269D,I,48D55BCE2E97E1DE
269D,I,FBBF4EB577663A13
269D,I,F97A667725CDEB82
269D,I,92E4643EE475EDE1
269M,O,498C8934EAACBE51
269M,O,73FE2D32F218DA9C
269M,O,A264255E81F51111
269M,O,4C86E1F44AE9C25B
269M,O,A6C169DA579FC45B
269M,O,308112BE50081258
269M,O,D2425B7147B58E1D
269M,O,A4607B71730E8F46
269M,O,021872C0E263AC46
269M,O,3ECEF3B735084236
269M,O,7E2E1F1269E520DE
269M,O,ED364A58F885DC92
269M,O,D6C06E7091666AB4
269M,O,F8D8D0AED9889278
269M,O,2D33D39F61B74C5D
269M,O,AAB411C52D067AD1
269M,O,558D298696B57A4D
269M,O,898337E6181E5E66
269M,O,4E3FEA4E559A5D16
269M,O,BB04686A2E0D7578
269M,O,952DD8539E6DAC75
269M,O,E3AB394138EDE467
269M,O,F275A85A9CF9BBC4
269M,O,8C87D5196ECC1057
269M,I,8C87D5196ECC1057
269M,I,044D07048F45F915
269M,I,6E6EBC9D1AF2DA52
269M,I,DC28E30AF099D339
269M,I,95A8334E0385A5E7
269M,I,4173C3AEE8B6F33E
269M,I,AB10F01039440464
269M,I,354A2C15BD189228
269M,I,87668BC629020844
269M,I,645D996BAD54FBBC
269M,I,A68A34F71D94FF13
269M,I,643D73028E9E8490
269M,I,0D7A1D0AECA1D999
269M,I,1D202282C0A82F12
269M,I,D813C93D9AD1C45B
269M,I,7BB395B6FE66E102
269M,I,6D4E7B9D5F9584E7
269M,I,47AB1894215AECEE
269M,I,42AEF6365E78DA56
269M,I,8753A8442C2FFF53
269M,I,8D56DB404D264D5A
269M,I,498C8934EAACBE51
269P,O,95A8334E0385A5E7
269P,O,4173C3AEE8B6F33E
269P,O,AB10F01039440464
269P,O,354A2C15BD189228
269P,O,87668BC629020844
269P,O,645D996BAD54FBBC
269P,O,A68A34F71D94FF13
269P,O,643D73028E9E8490
269P,O,0D7A1D0AECA1D999
269P,O,1D202282C0A82F12
269P,O,D813C93D9AD1C45B
269P,O,7BB395B6FE66E102
269P,O,6D4E7B9D5F9584E7
269P,O,5D9E516680412A3E
269P,O,8D56DB404D264D5A
269P,O,498C8934EAACBE51
269P,I,498C8934EAACBE51
269P,I,73FE2D32F218DA9C
269P,I,1BE574CAE40EFF17
269P,I,797CC0222B9EFBEF
269P,I,308112BE50081258
269P,I,D2425B7147B58E1D
269P,I,A4607B71730E8F46
269P,I,3ECEF3B735084236
269P,I,7E2E1F1269E520DE
269P,I,ED364A58F885DC92
269P,I,D6C06E7091666AB4
269P,I,F8D8D0AED9889278
269P,I,2D33D39F61B74C5D
269P,I,AAB411C52D067AD1
269P,I,558D298696B57A4D
269P,I,0E65D3EC41A1D34B
269P,I,4E3FEA4E559A5D16
269P,I,DA17B01A4A61A358
269R,O,CF5DC4E6AD2F4621
269R,O,E55FA660A59AB64A
269R,O,14157BA5C06B0B6B
269R,O,605B05317A40A2A4
269R,O,78AD2432201EF5EE
269R,O,D9CE618F99BAC2B6
269R,O,0E2B8E1D544C6889
269R,O,A010FE2C473103A8
269R,O,70FEB409760C77EE
269R,O,A264A7BA921EEE6E
269R,O,ABE1BADF8D43CB24
269R,O,6A90A40248059768
269R,O,48D55BCE2E97E1DE
269R,O,FBBF4EB577663A13
269R,O,F97A667725CDEB82
269R,O,73FE2D32F218DA9C
269R,O,A264255E81F51111
269R,O,223DAE7E925E3BB9
269S,O,DFC270E9F05B557E
269S,O,98927BE83CD53CC3
269S,O,D813C93D9AD1C45B
269S,O,7BB395B6FE66E102
269S,O,B10F5697E4DA810B
269S,O,67D80F37744E1277
269S,O,080EF1BEA737A5D3
269S,O,AFB9321F7CD2C2E4
269S,O,7898B605E39613A8
269S,O,CB853E4BCBB13F30
269S,O,A12E1F37C7D98567
269S,O,3ECEF3B735084236
269S,O,211D93217331B040
269S,O,416B7606A9A5FEEB
269S,O,327E4BC13954EA86
269S,O,81C6D8E74259157E
269S,O,5D8FCEF2915882FD
269S,O,C2605DED84199B84
269S,O,BF8E440F5584D39D
269S,O,6F58AF0D366EB8CA
269S,O,DFC270E9F05B557E
269S,O,98927BE83CD53CC3
269S,O,D813C93D9AD1C45B
269S,O,7BB395B6FE66E102
269S,O,6D4E7B9D5F9584E7
269S,O,5D9E516680412A3E
269S,O,A264255E81F51111
269S,O,4C86E1F44AE9C25B
269S,O,79C0E2525F4B50FF
269S,O,3ECEF3B735084236
269S,O,211D93217331B040
269S,O,416B7606A9A5FEEB
269S,O,327E4BC13954EA86
269S,O,81C6D8E74259157E
269S,O,5D8FCEF2915882FD
269S,O,C2605DED84199B84
269S,O,BF8E440F5584D39D
269S,O,6F58AF0D366EB8CA
269S,I,6F58AF0D366EB8CA
269S,I,D39533060940818A
269S,I,14894C859FDFE8C3
269S,I,A21BEB6F4E6D43E6
269S,I,9268B442F0C2807E
269S,I,29ED2073D6C52B5A
269S,I,F90ED764C7A95649
269S,I,643D73028E9E8490
269S,I,0D7A1D0AECA1D999
269S,I,A264A7BA921EEE6E
269S,I,ABE1BADF8D43CB24
269S,I,656B4BCCDC618419
269S,I,48D55BCE2E97E1DE
269S,I,FBBF4EB577663A13
269S,I,F97A667725CDEB82
269S,I,63DF37D89C356A04
269S,I,FE801C732EC6EA42
269S,I,537F93CCE45CB56F
269S,I,DFC270E9F05B557E
269S,I,6F58AF0D366EB8CA
269S,I,D39533060940818A
269S,I,14894C859FDFE8C3
269S,I,A21BEB6F4E6D43E6
269S,I,9268B442F0C2807E
269S,I,29ED2073D6C52B5A
269S,I,F90ED764C7A95649
269S,I,643D73028E9E8490
269S,I,0D7A1D0AECA1D999
269S,I,71D916F7E97D18A3
269S,I,42AEF6365E78DA56
269S,I,8753A8442C2FFF53
269S,I,1BE574CAE40EFF17
269S,I,797CC0222B9EFBEF
269S,I,308112BE50081258
269S,I,537F93CCE45CB56F
269S,I,DFC270E9F05B557E
269X,O,6DD025C559ABD59D
269X,O,FBBF4EB577663A13
269X,O,F97A667725CDEB82
269X,O,73FE2D32F218DA9C
269X,O,A264255E81F51111
269X,O,4C86E1F44AE9C25B
269X,O,79C0E2525F4B50FF
269X,O,324EF7E116289941
269X,O,D2425B7147B58E1D
269X,O,A4607B71730E8F46
269X,O,3ECEF3B735084236
269X,O,447C1D79A10C83E2
269X,O,6C1C752975B8A257
269X,O,68D0BC0C7164F763
269X,O,102CF3166EF7ABFF
269X,O,25B94D808EC232D8
269X,O,2F165341B07CBDB9
269X,O,FD1B403FD4EC3E8D
269X,O,DE620CFFEE15A211
269X,I,DE620CFFEE15A211
269X,I,457F82CA73DB77ED
269X,I,1032583A59C3521F
269X,I,0E9F8B5A3734D9CE
269X,I,B046BFB6CCD3E7CE
269X,I,FC46B100B69573B7
269X,I,4A1CFF0BEA83DE78
269X,I,221A18C37331E6FD
269X,I,7ADC6D521E6BECE6
269X,I,6E764374E3F36BBB
269X,I,3B8B261C1DA409BD
269X,I,9DA7325E4238402B
269X,I,195C509959C6A799
269X,I,E55FA660A59AB64A
269X,I,0D7A1D0AECA1D999
269X,I,D813C93D9AD1C45B
269X,I,7BB395B6FE66E102
269X,I,6E460327848C5225
269X,I,71D916F7E97D18A3
269X,I,42AEF6365E78DA56
269X,I,8753A8442C2FFF53
269X,I,8D56DB404D264D5A
269X,I,A00D00FC2F4F8400
269X,I,6DD025C559ABD59D
270,O,DE9F24A5FF5A89E9
270,O,1A900DC34DE206FD
270,O,EE775A73D626A46E
270,O,D417A444017171C6
270,O,57E8A522E2C638FD
270,O,9170FC8FFFD12204
270,O,D2C1DACCC74B69C5
270,O,EBE1766B508217AF
270,O,EE775A73D626A46E
270,O,D417A444017171C6
270,O,D876A83244ECB838
270,O,9170FC8FFFD12204
270,O,D2C1DACCC74B69C5
270,O,11B894BF379B1BFC
270,O,DE9F24A5FF5A89E9
270,O,EBE1766B508217AF
270,O,EE775A73D626A46E
270,O,D417A444017171C6
270,O,D876A83244ECB838
270,O,9170FC8FFFD12204
270,O,D2C1DACCC74B69C5
270,O,11B894BF379B1BFC
270,O,DE9F24A5FF5A89E9
270A,O,CF0C67920B22ED62
270A,O,98EBAB9468C80DD2
270A,O,6DD6B837EF1FA76C
270A,O,AFD29CB1A4F71AB9
270A,O,60952B4A38F3D82E
270A,O,0E41E02CD9055626
270A,O,EE81A30BE4BDC8AC
270A,O,F129DD8D9E3268FB
270A,O,D0FB28B8EED62431
270A,O,FA52803E2628A212
270A,O,E6022594DB48E35B
270A,O,E34E3D48842C9B66
270A,O,2431FF3100478DEE
270A,O,ED6FCB0422D541F5
270A,O,850F72123F644500
270A,O,98FCC750B322B706
270A,O,BC294083A50B89DB
270A,O,71C9731001C9C773
270A,O,F63C76EC97E38A91
270A,O,777ED0B1F3CF10DD
270A,O,9DDE74BD2D803D9C
270A,O,A37F8CF766FCF9F3
270A,O,1DEB855D55528B03
270A,O,D2217D7746597D10
270A,O,576538E1395C8508
270A,O,F3D86A2A72FF3582
270A,I,F3D86A2A72FF3582
270A,I,940A31DA2A6051A9
270A,I,B0028A481BF4ACC7
270A,I,5419928D472EAD8D
270A,I,36DD78B37B828DD8
270A,I,4624AC39DB25D456
270A,I,088B858E4B54D8AC
270A,I,F56B1C6169FFC940
270A,I,4A2B9089021412CD
270A,I,F2B574FB059E895F
270A,I,141A31AE3569958B
270A,I,89A4D25AC31A8388
270A,I,6465986EF7824816
270A,I,C53A00F15DC2DB20
270A,I,48E5A1EED91712EE
270A,I,D099C45C9443AFC8
270A,I,45D0CFA28B3FEFE5
270A,I,14BDB94A8F3ED3EC
270A,I,D0FB28B8EED62431
270A,I,C7120BD9A94B4F6A
270A,I,825199DC3BC0C5A3
270A,I,A8F178C255CF9783
270A,I,ADB9356BBF06F7C7
270A,I,8E3F5AE0A97053F9
270A,I,D876A83244ECB838
270A,I,CF0C67920B22ED62
270B,O,CF0C67920B22ED62
270B,O,CF94083CB24CF4E5
270B,O,4A76CDB32FA69BC6
270B,O,6F11F73C749338DB
270B,O,98EBAB9468C80DD2
270B,O,6DD6B837EF1FA76C
270B,O,AFD29CB1A4F71AB9
270B,O,60952B4A38F3D82E
270B,O,0E41E02CD9055626
270B,O,EE81A30BE4BDC8AC
270B,O,F129DD8D9E3268FB
270B,O,2129B2A72F881300
270B,O,FA52803E2628A212
270B,O,E6022594DB48E35B
270B,O,480DB16994F8FFEE
270B,O,FD8181D7574BB373
270B,O,F1DE119543E382D9
270B,O,8EAD803DDD2C3BBA
270B,O,2035C91B61C6DFC0
270B,O,3A5C336CCB38A3FA
270B,O,8CE4B83B45F22F1F
270B,O,89F6B64B28A21D34
270B,O,18A85DD43DFA12AF
270B,O,C4B0E899FAE72350
270B,O,8C7C1212A1196A1A
270B,O,996EC6B4E40A2E4A
270B,O,5CA7841E84D52C8A
270B,O,22138E6C8051FDBD
270B,O,17B8C938E2E113D0
270B,O,CF0C67920B22ED62
270B,O,CF94083CB24CF4E5
270B,O,4A76CDB32FA69BC6
270B,O,6F11F73C749338DB
270B,O,98EBAB9468C80DD2
270B,O,6DD6B837EF1FA76C
270B,O,AFD29CB1A4F71AB9
270B,O,60952B4A38F3D82E
270B,O,0E41E02CD9055626
270B,O,EE81A30BE4BDC8AC
270B,O,F129DD8D9E3268FB
270B,O,FA52803E2628A212
270B,O,E6022594DB48E35B
270B,O,480DB16994F8FFEE
270B,O,FD8181D7574BB373
270B,O,F1DE119543E382D9
270B,O,8EAD803DDD2C3BBA
270B,O,2035C91B61C6DFC0
270B,O,3A5C336CCB38A3FA
270B,O,8CE4B83B45F22F1F
270B,O,89F6B64B28A21D34
270B,O,18A85DD43DFA12AF
270B,O,C4B0E899FAE72350
270B,O,8C7C1212A1196A1A
270B,O,996EC6B4E40A2E4A
270B,O,5CA7841E84D52C8A
270B,O,22138E6C8051FDBD
270B,O,F5098BFD784B8FAB
270B,O,1C7C526A52EF9171
270B,I,17B8C938E2E113D0
270B,I,E6915B4BA88D2DB5
270B,I,A7F35DC09E1A1528
270B,I,D242B538BA760551
270B,I,11ED493F674F4888
270B,I,704AF52FDCA7AE1B
270B,I,BE1A19A3705F5B70
270B,I,C13E41666B5A1394
270B,I,1A85B99EDE6D01D8
270B,I,04FC6E130D4953F4
270B,I,EEBBD352B7F16E3F
270B,I,01E580BD435E9301
270B,I,B4F2BAAED2470D0A
270B,I,3F21ED54F86D9B1D
270B,I,2F202818B5A6F424
270B,I,14BDB94A8F3ED3EC
270B,I,D0FB28B8EED62431
270B,I,C7120BD9A94B4F6A
270B,I,825199DC3BC0C5A3
270B,I,ADB9356BBF06F7C7
270B,I,8E3F5AE0A97053F9
270B,I,68C7CBB4CAB9FE69
270B,I,9CD9BFAE2BC91336
270B,I,1BA6858FEF337645
270B,I,396DD38F2E41E117
270B,I,D876A83244ECB838
270B,I,CF0C67920B22ED62
270B,I,C13E41666B5A1394
270B,I,1A85B99EDE6D01D8
270B,I,04FC6E130D4953F4
270B,I,EEBBD352B7F16E3F
270B,I,01E580BD435E9301
270B,I,B4F2BAAED2470D0A
270B,I,3F21ED54F86D9B1D
270B,I,2F202818B5A6F424
270B,I,14BDB94A8F3ED3EC
270B,I,D0FB28B8EED62431
270B,I,C7120BD9A94B4F6A
270B,I,825199DC3BC0C5A3
270B,I,ADB9356BBF06F7C7
270B,I,8E3F5AE0A97053F9
270B,I,68C7CBB4CAB9FE69
270B,I,9CD9BFAE2BC91336
270B,I,1BA6858FEF337645
270B,I,396DD38F2E41E117
270B,I,D876A83244ECB838
270B,I,CF0C67920B22ED62
270B,I,17B8C938E2E113D0
270B,I,E6915B4BA88D2DB5
270B,I,A7F35DC09E1A1528
270B,I,D242B538BA760551
270B,I,11ED493F674F4888
270B,I,704AF52FDCA7AE1B
270B,I,BE1A19A3705F5B70
270B,I,C13E41666B5A1394
270B,I,1A85B99EDE6D01D8
270B,I,04FC6E130D4953F4
270B,I,EEBBD352B7F16E3F
270B,I,01E580BD435E9301
270B,I,B4F2BAAED2470D0A
270B,I,3F21ED54F86D9B1D
270B,I,2F202818B5A6F424
270B,I,D876A83244ECB838
270B,I,CF0C67920B22ED62
270C,O,0132863D9F66CE6B
270C,O,1380D71251D0CBF9
270C,O,EDFAC4F35C0E51C7
270C,O,944EC71DD1731BE0
270C,O,EF78DD9F765C6565
270C,O,BFAE1E951D3B63EC
270C,O,C67060F448591E4F
270C,O,E6022594DB48E35B
270C,O,2431FF3100478DEE
270C,O,ED6FCB0422D541F5
270C,O,850F72123F644500
270C,O,98FCC750B322B706
270C,O,BC294083A50B89DB
270C,O,71C9731001C9C773
270C,O,F63C76EC97E38A91
270C,O,777ED0B1F3CF10DD
270C,O,9DDE74BD2D803D9C
270C,O,A37F8CF766FCF9F3
270C,O,1DEB855D55528B03
270C,O,D2217D7746597D10
270C,O,576538E1395C8508
270C,O,F3D86A2A72FF3582
270C,I,F3D86A2A72FF3582
270C,I,940A31DA2A6051A9
270C,I,B0028A481BF4ACC7
270C,I,5419928D472EAD8D
270C,I,36DD78B37B828DD8
270C,I,4624AC39DB25D456
270C,I,088B858E4B54D8AC
270C,I,F56B1C6169FFC940
270C,I,4A2B9089021412CD
270C,I,F2B574FB059E895F
270C,I,141A31AE3569958B
270C,I,89A4D25AC31A8388
270C,I,6465986EF7824816
270C,I,C53A00F15DC2DB20
270C,I,48E5A1EED91712EE
270C,I,D099C45C9443AFC8
270C,I,45D0CFA28B3FEFE5
270C,I,0F3FA9B7D07A91F3
270C,I,C837C3C549793472
270C,I,2AC85D87661D5AF6
270C,I,000CFEE2F92DC17B
270C,I,53BB93AAB2D45F3B
270C,I,0132863D9F66CE6B
270D,O,0132863D9F66CE6B
270D,O,1380D71251D0CBF9
270D,O,B85E71E9AFF5B087
270D,O,D78B86AB419E84B3
270D,O,DF0C4F9561000773
270D,O,F8D7946AFDBA377E
270D,O,E6022594DB48E35B
270D,O,480DB16994F8FFEE
270D,O,FD8181D7574BB373
270D,O,F1DE119543E382D9
270D,O,8EAD803DDD2C3BBA
270D,O,2035C91B61C6DFC0
270D,O,3A5C336CCB38A3FA
270D,O,789384E5DC5AF7A9
270D,O,0F4D809AED62F6E9
270D,I,099E9950742D6414
270D,I,1A85B99EDE6D01D8
270D,I,04FC6E130D4953F4
270D,I,EEBBD352B7F16E3F
270D,I,01E580BD435E9301
270D,I,B4F2BAAED2470D0A
270D,I,3F21ED54F86D9B1D
270D,I,2F202818B5A6F424
270D,I,F8D7946AFDBA377E
270D,I,D876A83244ECB838
270D,I,9170FC8FFFD12204
270D,I,D2C1DACCC74B69C5
270D,I,EBE1766B508217AF
270D,I,C4F843F93CDCBE64
270D,I,4235BA400EB10F0E
270D,I,879A98CD29D9433F
270D,I,0132863D9F66CE6B
270E,O,F3D86A2A72FF3582
270E,O,940A31DA2A6051A9
270E,O,B0028A481BF4ACC7
270E,O,5419928D472EAD8D
270E,O,36DD78B37B828DD8
270E,O,4624AC39DB25D456
270E,O,088B858E4B54D8AC
270E,O,E173F2DA030C6AAB
270E,O,4A1CFF0BEA83DE78
270E,O,221A18C37331E6FD
270E,O,5CA7841E84D52C8A
270E,O,22138E6C8051FDBD
270E,O,3B8B261C1DA409BD
270E,O,9DA7325E4238402B
270E,O,195C509959C6A799
270E,O,3F21ED54F86D9B1D
270E,O,2F202818B5A6F424
270E,O,F8D7946AFDBA377E
270E,O,D876A83244ECB838
270E,O,9170FC8FFFD12204
270E,O,D2C1DACCC74B69C5
270E,O,EBE1766B508217AF
270E,O,C4F843F93CDCBE64
270E,O,4235BA400EB10F0E
270E,O,879A98CD29D9433F
270E,O,0132863D9F66CE6B
270P,O,CF0C67920B22ED62
270P,O,4EB92F34598243DB
270P,O,98EBAB9468C80DD2
270P,O,6DD6B837EF1FA76C
270P,O,AFD29CB1A4F71AB9
270P,O,60952B4A38F3D82E
270P,O,0E41E02CD9055626
270P,O,EE81A30BE4BDC8AC
270P,O,F129DD8D9E3268FB
270P,O,2129B2A72F881300
270P,O,FA52803E2628A212
270P,O,E6022594DB48E35B
270P,O,480DB16994F8FFEE
270P,O,673B33867260EBB7
270P,O,7EC4B2C80047770A
270P,O,9B62732E0E1E537C
270P,O,B76B249D3D253008
270P,O,3F34A16B40CB1C7F
270P,O,14DDE929D10FE4B7
270P,O,C2685779C6B11E87
270P,O,E93113C9CA615B0C
270P,O,25B94D808EC232D8
270P,O,2F165341B07CBDB9
270P,O,FD1B403FD4EC3E8D
270P,O,DD161A7AB0D39192
270P,O,8611CE1D516C6A6F
270R,O,0A3466DCC6F4196C
270R,O,E3B0A57678CFD140
270R,O,3106E04BB81D74A8
270R,O,8717C0140C940AE3
270R,O,093289C2E4F6F408
270R,O,3FAC6C2592812331
270R,O,396DD38F2E41E117
270R,O,98EBAB9468C80DD2
270R,O,6DD6B837EF1FA76C
270R,O,AFD29CB1A4F71AB9
270R,O,65ECD19EFD09FB74
270R,O,D67917549F3DC8A3
270R,O,6633B4885C8A3EE7
270R,O,0F3FA9B7D07A91F3
270R,O,C837C3C549793472
270R,O,2AC85D87661D5AF6
270R,O,000CFEE2F92DC17B
270R,O,53BB93AAB2D45F3B
270R,O,E057FE733052DDD7
270S,O,F3D86A2A72FF3582
270S,O,940A31DA2A6051A9
270S,O,B0028A481BF4ACC7
270S,O,5419928D472EAD8D
270S,O,36DD78B37B828DD8
270S,O,4624AC39DB25D456
270S,O,088B858E4B54D8AC
270S,O,E173F2DA030C6AAB
270S,O,221A18C37331E6FD
270S,O,14DDE929D10FE4B7
270S,O,DE27CD3EB0AF43D8
270S,O,68A3AF80BADFDE9F
270S,O,14BDB94A8F3ED3EC
270S,O,923E5B79E1B48739
270S,O,C7120BD9A94B4F6A
270S,O,825199DC3BC0C5A3
270S,O,A8F178C255CF9783
270S,O,ADB9356BBF06F7C7
270S,O,8E3F5AE0A97053F9
270S,O,F8D7946AFDBA377E
270S,O,D876A83244ECB838
270S,O,FC6CB9607D36FBD7
270S,O,A67D189D438E1534
270S,O,B986375ED4762DA9
270S,O,A7C1A969F48B62C0
270S,O,D3E18D04B69DF388
270S,O,C4F843F93CDCBE64
270S,O,879A98CD29D9433F
270S,O,E960E8842F9C633D
271,O,67FC11E66080F9C2
271,O,2CC694E5A84B05A0
271,O,5A1A5F0DEB7F8EBE
271,O,7081CE830F3E9B50
271,O,45628FA7B8D7C5D2
271,O,F7DD5A5E7E4D41C9
271,O,3FD481FB9B9DC36C
271,O,E026DEF40AE536AA
271,O,DF9E89A391CAC245
271,O,657E5836BC932790
271,O,850F72123F644500
271,O,98FCC750B322B706
271,O,BC294083A50B89DB
271,O,71C9731001C9C773
271,O,F63C76EC97E38A91
271,O,777ED0B1F3CF10DD
271,O,25B94D808EC232D8
271,O,56E5C65B4893D75C
271,O,D6E03ECA84C07932
271,O,452AD79BA74CF8F3
271,O,6265ADC5B1D37D6C
271,O,2EEB9CB69FB6A58D
271,O,450A96AF1DA8E41C
271,O,58C01C52768108CC
271,I,58C01C52768108CC
271,I,F6EE4DC41A299593
271,I,83EB94899B6BBB4B
271,I,E6F6DEA4AC4E1E5F
271,I,F57E1173086C7A51
271,I,940A31DA2A6051A9
271,I,62958067B9C06318
271,I,5419928D472EAD8D
271,I,4624AC39DB25D456
271,I,088B858E4B54D8AC
271,I,2E9166ECCD0DB0E5
271,I,4A2B9089021412CD
271,I,F2B574FB059E895F
271,I,141A31AE3569958B
271,I,89A4D25AC31A8388
271,I,6465986EF7824816
271,I,C53A00F15DC2DB20
271,I,48E5A1EED91712EE
271,I,D099C45C9443AFC8
271,I,CDB292D507E4302D
271,I,C55F50E43F6108EB
271,I,530F970BB56D778D
271,I,512C07C3D131AB5A
271,I,BBFADA4889A61FCC
271,I,9316961F98692D0A
271,I,67FC11E66080F9C2
271,I,58C01C52768108CC
271,I,F6EE4DC41A299593
271,I,83EB94899B6BBB4B
271,I,E6F6DEA4AC4E1E5F
271,I,F57E1173086C7A51
271,I,940A31DA2A6051A9
271,I,62958067B9C06318
271,I,5419928D472EAD8D
271,I,4624AC39DB25D456
271,I,088B858E4B54D8AC
271,I,2E9166ECCD0DB0E5
271,I,4A2B9089021412CD
271,I,F2B574FB059E895F
271,I,141A31AE3569958B
271,I,89A4D25AC31A8388
271,I,6465986EF7824816
271,I,C53A00F15DC2DB20
271,I,48E5A1EED91712EE
271,I,D099C45C9443AFC8
271,I,CDB292D507E4302D
271,I,C55F50E43F6108EB
271,I,530F970BB56D778D
271,I,9F481C8D1469C29C
271,I,9316961F98692D0A
271,I,67FC11E66080F9C2
271A,O,5C97567FE14D1836
271A,O,62266836D5ACF227
271A,O,81293E4174C24FD5
271A,O,378DA3C43904CFF9
271A,O,9FBD2D7974A0AB50
271A,O,F9AB54847EF884BB
271A,O,480DB16994F8FFEE
271A,O,F3433105FE5F6865
271A,O,7EC4B2C80047770A
271A,O,9B62732E0E1E537C
271A,O,DE1F8505C6154534
271A,O,029EA5F3C2AEFBC9
271A,O,6E4C75B59DEF3D89
271A,O,4DB8054CDFBB9E43
271A,O,F6EE4DC41A299593
271A,O,83EB94899B6BBB4B
271A,O,E6F6DEA4AC4E1E5F
271A,O,F57E1173086C7A51
271A,O,576538E1395C8508
271A,O,68DF2B78CD2B9C76
271A,I,9E376227A51AB6BE
271A,I,6265ADC5B1D37D6C
271A,I,2EEB9CB69FB6A58D
271A,I,450A96AF1DA8E41C
271A,I,01633AD5B1B978B4
271A,I,B96E368FC17CD0B0
271A,I,420E7970087AD769
271A,I,3B8B261C1DA409BD
271A,I,9DA7325E4238402B
271A,I,195C509959C6A799
271A,I,3F21ED54F86D9B1D
271A,I,2F202818B5A6F424
271A,I,E796B592A3D045F0
271A,I,F9C14690633CE7E0
271A,I,7BCFD79F22F60457
271A,I,EA01416B0BB7E485
271A,I,0920C5393C3560ED
271B,O,67FC11E66080F9C2
271B,O,2CC694E5A84B05A0
271B,O,5A1A5F0DEB7F8EBE
271B,O,7081CE830F3E9B50
271B,O,45628FA7B8D7C5D2
271B,O,F7DD5A5E7E4D41C9
271B,O,3FD481FB9B9DC36C
271B,O,E026DEF40AE536AA
271B,O,74648B92E0E80E2E
271B,O,261392BB77CC768D
271B,O,07AB149DAD888683
271B,O,3A7AC3A5F9530786
271B,O,B644204AEDE7A031
271B,O,1C6EAAF5F48167F9
271B,O,A0D379E172F5BC93
271B,O,64101F297D3C1C55
271B,O,5B39CC28607910E4
271B,O,DF9E89A391CAC245
271B,O,657E5836BC932790
271B,O,850F72123F644500
271B,O,98FCC750B322B706
271B,O,BC294083A50B89DB
271B,O,71C9731001C9C773
271B,O,F63C76EC97E38A91
271B,O,777ED0B1F3CF10DD
271B,O,25B94D808EC232D8
271B,O,56E5C65B4893D75C
271B,O,D6E03ECA84C07932
271B,O,452AD79BA74CF8F3
271B,O,6265ADC5B1D37D6C
271B,O,2EEB9CB69FB6A58D
271B,O,450A96AF1DA8E41C
271B,O,58C01C52768108CC
271B,I,58C01C52768108CC
271B,I,F6EE4DC41A299593
271B,I,83EB94899B6BBB4B
271B,I,E6F6DEA4AC4E1E5F
271B,I,F57E1173086C7A51
271B,I,940A31DA2A6051A9
271B,I,62958067B9C06318
271B,I,5419928D472EAD8D
271B,I,4624AC39DB25D456
271B,I,088B858E4B54D8AC
271B,I,2E9166ECCD0DB0E5
271B,I,4A2B9089021412CD
271B,I,F2B574FB059E895F
271B,I,141A31AE3569958B
271B,I,89A4D25AC31A8388
271B,I,6465986EF7824816
271B,I,C53A00F15DC2DB20
271B,I,48E5A1EED91712EE
271B,I,D099C45C9443AFC8
271B,I,739A5DDE0CF1970C
271B,I,9E95343C77BB85E2
271B,I,F808AF482CCA028E
271B,I,9C6800DD6E0CD683
271B,I,6E821768CA09E8C9
271B,I,79FD1B44D37205B8
271B,I,369A5601F8A63B5E
271B,I,A339426A8F633D63
271B,I,CDB292D507E4302D
271B,I,C55F50E43F6108EB
271B,I,530F970BB56D778D
271B,I,512C07C3D131AB5A
271B,I,BBFADA4889A61FCC
271B,I,9316961F98692D0A
271B,I,67FC11E66080F9C2
271P,O,37E653F1DC727EB2
271P,O,CB295B56D3762A1F
271P,O,F8B3E5A11921AD1B
271P,O,C66CDE62B5AEB8DA
271P,O,832EFD8F5165814E
271P,O,F7670D87C1847D31
271P,O,8C1810DE2419A30B
271P,O,56F79FB1FC157E22
271P,O,95B249916F323BD4
271P,O,45628FA7B8D7C5D2
271P,O,F7DD5A5E7E4D41C9
271P,O,3FD481FB9B9DC36C
271P,O,062FFE8F1560E8A4
271P,O,DF9E89A391CAC245
271P,O,657E5836BC932790
271P,O,850F72123F644500
271P,O,98FCC750B322B706
271P,O,BC294083A50B89DB
271P,O,71C9731001C9C773
271P,O,F63C76EC97E38A91
271P,O,777ED0B1F3CF10DD
271P,O,9DDE74BD2D803D9C
271P,O,A6AED77D365E7011
271P,O,EAE9158BE729E917
271P,O,11A1269F9B78F269
271P,O,E3A083E4F64D93CD
271P,O,E6F6DEA4AC4E1E5F
271R,O,0A3466DCC6F4196C
271R,O,739A5DDE0CF1970C
271R,O,9E95343C77BB85E2
271R,O,F808AF482CCA028E
271R,O,DADEC4FDAD7C58B3
271R,O,E8F5E085BAEFE100
271R,O,79FD1B44D37205B8
271R,O,369A5601F8A63B5E
271R,O,A339426A8F633D63
271R,O,CDB292D507E4302D
271R,O,C55F50E43F6108EB
271R,O,2AEDE966C122B71E
271R,O,6716018C3EE42733
271R,O,27222F0DE22582ED
271R,O,9316961F98692D0A
271R,O,67FC11E66080F9C2
271R,O,378DA3C43904CFF9
271R,O,9FBD2D7974A0AB50
271R,O,1A0BF02F827F6A20
271R,O,18E4449F4C5CE30B
271R,O,9FD5C5940A1D7212
271S,O,F5D322119DCA0F5A
271S,O,FE2815CBCD21C57C
271S,O,F2508598F5A43655
271S,O,3313287185163530
271S,O,9CAF2FDA35EEF9E2
271S,O,940A31DA2A6051A9
271S,O,62958067B9C06318
271S,O,5419928D472EAD8D
271S,O,4624AC39DB25D456
271S,O,2DB47A3C263E4F5C
271S,O,088B858E4B54D8AC
271S,O,05D8591BD5405ED4
271S,O,258EDF9D3C3FD200
271S,O,DE27CD3EB0AF43D8
271S,O,48E5A1EED91712EE
271S,O,CDB292D507E4302D
271S,O,05485C36CA334A81
271S,O,530F970BB56D778D
271S,O,6716018C3EE42733
271S,O,27222F0DE22582ED
271S,O,9316961F98692D0A
271S,O,D3EC6E5D48291437
271S,O,378DA3C43904CFF9
271S,O,9FBD2D7974A0AB50
271S,O,1A0BF02F827F6A20
271S,O,18E4449F4C5CE30B
271S,O,9FD5C5940A1D7212
271X,O,58C01C52768108CC
271X,O,E6F6DEA4AC4E1E5F
271X,O,F57E1173086C7A51
271X,O,940A31DA2A6051A9
271X,O,62958067B9C06318
271X,O,5419928D472EAD8D
271X,O,4624AC39DB25D456
271X,O,D7C7D86E923EEAE1
271X,O,076E1E9D5874C41D
271X,O,7B4FD0F182DCC294
271X,O,3F21ED54F86D9B1D
271X,O,2F202818B5A6F424
271X,O,CDB292D507E4302D
271X,O,C55F50E43F6108EB
271X,O,530F970BB56D778D
271X,O,512C07C3D131AB5A
271X,O,BBFADA4889A61FCC
271X,O,9316961F98692D0A
271X,O,67FC11E66080F9C2
272A,O,9F542D4B6CF41651
272A,O,739A5DDE0CF1970C
272A,O,9E95343C77BB85E2
272A,O,F808AF482CCA028E
272A,O,BE940A2F1B154D6E
272A,O,E8F5E085BAEFE100
272A,O,3313B37BF82AFF18
272A,O,F8F0E91589F099CD
272A,O,5747450359C7907C
272A,O,D31420E8C08168FC
272A,O,3F24CFF9046300D9
272A,O,B34F59A0270AEDA4
272A,O,39E7051B17D302DA
272A,O,1C6EAAF5F48167F9
272A,O,DA9490C24D6E6026
272A,O,64101F297D3C1C55
272A,O,5B39CC28607910E4
272A,O,EC5018363D5C45EB
272A,O,9F542D4B6CF41651
272A,O,739A5DDE0CF1970C
272A,O,9E95343C77BB85E2
272A,O,F808AF482CCA028E
272A,O,BE940A2F1B154D6E
272A,O,E8F5E085BAEFE100
272A,O,3313B37BF82AFF18
272A,O,F8F0E91589F099CD
272A,O,5747450359C7907C
272A,O,D31420E8C08168FC
272A,O,F8F0E91589F099CD
272A,O,5747450359C7907C
272A,O,D31420E8C08168FC
272A,O,3F24CFF9046300D9
272A,O,B34F59A0270AEDA4
272A,O,39E7051B17D302DA
272A,O,1C6EAAF5F48167F9
272A,O,DA9490C24D6E6026
272A,O,64101F297D3C1C55
272A,O,5B39CC28607910E4
272A,O,EC5018363D5C45EB
272A,O,9F542D4B6CF41651
272A,O,739A5DDE0CF1970C
272A,O,9E95343C77BB85E2
272A,O,F808AF482CCA028E
272A,O,730AEBA1D2D8B20E
272A,O,A9459D38A4A41F36
272A,O,3313B37BF82AFF18
272A,O,F8F0E91589F099CD
272A,O,5747450359C7907C
272A,O,D31420E8C08168FC
272A,O,3F24CFF9046300D9
272A,O,B34F59A0270AEDA4
272A,O,39E7051B17D302DA
272A,O,1C6EAAF5F48167F9
272A,O,DA9490C24D6E6026
272A,O,64101F297D3C1C55
272A,O,5B39CC28607910E4
272A,O,EC5018363D5C45EB
272E,O,4283F5F48ABBEBD2
272E,O,56F79FB1FC157E22
272E,O,95B249916F323BD4
272E,O,4249ED0CD65130CC
272E,O,42A5DBE7D21EADE3
272E,O,3FD481FB9B9DC36C
272E,O,062FFE8F1560E8A4
272E,O,480DB16994F8FFEE
272E,O,FD8181D7574BB373
272E,O,F1DE119543E382D9
272E,O,8EAD803DDD2C3BBA
272E,O,2035C91B61C6DFC0
272E,O,3A5C336CCB38A3FA
272E,O,8CE4B83B45F22F1F
272E,O,89F6B64B28A21D34
272E,O,18A85DD43DFA12AF
272E,O,C4B0E899FAE72350
272E,O,8C7C1212A1196A1A
272E,O,996EC6B4E40A2E4A
272E,O,7ADC6D521E6BECE6
272E,O,E02E10C9135624F9
272E,O,145515B1D2C60CAF
272E,O,63FEDEFACDBC761E
272E,I,63FEDEFACDBC761E
272E,I,51288CE4C842111E
272E,I,B76B249D3D253008
272E,I,A7F35DC09E1A1528
272E,I,D242B538BA760551
272E,I,11ED493F674F4888
272E,I,704AF52FDCA7AE1B
272E,I,BE1A19A3705F5B70
272E,I,C13E41666B5A1394
272E,I,1A85B99EDE6D01D8
272E,I,04FC6E130D4953F4
272E,I,EEBBD352B7F16E3F
272E,I,6762DEA1B89E6354
272E,I,B4F2BAAED2470D0A
272E,I,3F21ED54F86D9B1D
272E,I,2F202818B5A6F424
272E,I,CDB292D507E4302D
272E,I,C55F50E43F6108EB
272E,I,6716018C3EE42733
272E,I,1A0BF02F827F6A20
272E,I,18E4449F4C5CE30B
272E,I,4283F5F48ABBEBD2
272K,O,878A6FDD75689A2D
272K,O,739A5DDE0CF1970C
272K,O,9E95343C77BB85E2
272K,O,F808AF482CCA028E
272K,O,730AEBA1D2D8B20E
272K,O,A9459D38A4A41F36
272K,O,1C6EAAF5F48167F9
272K,O,DA9490C24D6E6026
272K,O,64101F297D3C1C55
272K,O,5B39CC28607910E4
272K,O,9F542D4B6CF41651
272P,O,D3EC6E5D48291437
272P,O,B58772294234CF74
272P,O,3DDE81FE5DB08180
272P,O,4249ED0CD65130CC
272P,O,3CE4F8574F4F9D72
272P,O,CAD1ABCBA72CF365
272P,O,AF04BB6F5FFF4C45
272P,O,062FFE8F1560E8A4
272P,O,74648B92E0E80E2E
272P,O,4DD5EC5516B360D7
272P,O,33ABA49F0E91A247
272P,O,023E9E5A9E073E1A
272P,O,B464BD6334A93FA1
272P,O,5C2A974134634635
272P,O,A0D379E172F5BC93
272P,O,853CD1316EB5227B
272P,O,BE6EC9708F5FB613
272P,O,480DB16994F8FFEE
272P,O,9A26BDE49933CEA8
272P,O,F1DE119543E382D9
272P,O,1B68DD9D137F906D
272P,O,0CC9C5E5DBB3FF89
272P,O,F39F638D34947E40
272P,O,246ECB0F3B94855D
272P,O,3E8426FA1832BA50
272P,O,E6FB42A68818D9F4
272P,O,45A499CD3132E90A
272P,O,4E12586C551A48D3
272P,O,D72656F177EAD9E0
272P,O,2D2F0A476CB1FEF5
272P,O,81293E4174C24FD5
272P,O,3DDE81FE5DB08180
272P,O,4249ED0CD65130CC
272P,O,3CE4F8574F4F9D72
272P,O,3FD481FB9B9DC36C
272P,O,062FFE8F1560E8A4
272P,O,74648B92E0E80E2E
272P,O,4DD5EC5516B360D7
272P,O,33ABA49F0E91A247
272P,O,023E9E5A9E073E1A
272P,O,B464BD6334A93FA1
272P,O,5C2A974134634635
272P,O,A0D379E172F5BC93
272P,O,853CD1316EB5227B
272P,O,BE6EC9708F5FB613
272P,O,480DB16994F8FFEE
272P,O,9A26BDE49933CEA8
272P,O,F1DE119543E382D9
272P,O,1B68DD9D137F906D
272P,O,0CC9C5E5DBB3FF89
272P,O,F39F638D34947E40
272P,O,246ECB0F3B94855D
272P,O,3E8426FA1832BA50
272P,O,E6FB42A68818D9F4
272P,O,45A499CD3132E90A
272P,O,4E12586C551A48D3
272P,I,6A5061ED084A2E4E
272P,I,DA17B01A4A61A358
272P,I,D8828243CCA293B4
272P,I,F36F422FDC6B9D3F
272P,I,647AB0AD358F10DF
272P,I,6762DEA1B89E6354
272P,I,B4F2BAAED2470D0A
272P,I,3F21ED54F86D9B1D
272P,I,2F202818B5A6F424
272P,I,739A5DDE0CF1970C
272P,I,9E95343C77BB85E2
272P,I,2D1A8946EF054FC9
272P,I,DADEC4FDAD7C58B3
272P,I,E8F5E085BAEFE100
272P,I,79FD1B44D37205B8
272P,I,369A5601F8A63B5E
272P,I,A339426A8F633D63
272P,I,CDB292D507E4302D
272P,I,403CF34C7A6517DF
272P,I,10D38620E5CAEBB3
272P,I,9DF152ED984CD4A0
272P,I,6716018C3EE42733
272P,I,9F481C8D1469C29C
272P,I,9316961F98692D0A
272P,I,D3EC6E5D48291437
272P,I,6A5061ED084A2E4E
272P,I,DA17B01A4A61A358
272P,I,D8828243CCA293B4
272P,I,F36F422FDC6B9D3F
272P,I,647AB0AD358F10DF
272P,I,6762DEA1B89E6354
272P,I,B4F2BAAED2470D0A
272P,I,3F21ED54F86D9B1D
272P,I,2F202818B5A6F424
272P,I,739A5DDE0CF1970C
272P,I,9E95343C77BB85E2
272P,I,2D1A8946EF054FC9
272P,I,DADEC4FDAD7C58B3
272P,I,E8F5E085BAEFE100
272P,I,79FD1B44D37205B8
272P,I,369A5601F8A63B5E
272P,I,A339426A8F633D63
272P,I,CDB292D507E4302D
272P,I,4EF065C6D7FCCFE7
272P,I,2AEDE966C122B71E
272P,I,6716018C3EE42733
272P,I,9F481C8D1469C29C
272P,I,628613296EF92C64
272P,I,0962265A8720C38C
272P,I,0920C5393C3560ED
272S,O,D7132C4D6287B688
272S,O,9961C7ED914E87DD
272S,O,739A5DDE0CF1970C
272S,O,9E95343C77BB85E2
272S,O,F808AF482CCA028E
272S,O,9C6800DD6E0CD683
272S,O,6E821768CA09E8C9
272S,I,9C6800DD6E0CD683
272S,I,6E821768CA09E8C9
272S,I,1D1571E9D1588FBE
272S,I,853CD1316EB5227B
272S,I,BE6EC9708F5FB613
272S,I,3114213F8975F536
272S,I,E89B2315750AB2FD
272S,I,D7132C4D6287B688
272X,O,8259A9EF4DB191A6
272X,O,45628FA7B8D7C5D2
272X,O,F7DD5A5E7E4D41C9
272X,O,3FD481FB9B9DC36C
272X,O,062FFE8F1560E8A4
272X,O,74648B92E0E80E2E
272X,O,261392BB77CC768D
272X,O,33ABA49F0E91A247
272X,O,023E9E5A9E073E1A
272X,O,B644204AEDE7A031
272X,O,5C2A974134634635
272X,O,A0D379E172F5BC93
272X,O,853CD1316EB5227B
272X,O,BE6EC9708F5FB613
272X,O,480DB16994F8FFEE
272X,O,673B33867260EBB7
272X,O,5A0D9C9441ED6AC5
272X,O,9BF9C994F2DAE15D
272X,O,B76B249D3D253008
272X,O,3F34A16B40CB1C7F
272X,O,14DDE929D10FE4B7
272X,O,4459E386C8525C34
272X,O,DB22EE221876DD43
272X,I,DB22EE221876DD43
272X,I,F7CAA2D4FF9D61F7
272X,I,DE27CD3EB0AF43D8
272X,I,9B1BE296C2AC5F97
272X,I,7ADC6D521E6BECE6
272X,I,E02E10C9135624F9
272X,I,3B8B261C1DA409BD
272X,I,9DA7325E4238402B
272X,I,195C509959C6A799
272X,I,2F202818B5A6F424
272X,I,739A5DDE0CF1970C
272X,I,9E95343C77BB85E2
272X,I,2D1A8946EF054FC9
272X,I,DADEC4FDAD7C58B3
272X,I,E8F5E085BAEFE100
272X,I,79FD1B44D37205B8
272X,I,369A5601F8A63B5E
272X,I,A339426A8F633D63
272X,I,CDB292D507E4302D
272X,I,4EF065C6D7FCCFE7
272X,I,2AEDE966C122B71E
272X,I,6716018C3EE42733
272X,I,8259A9EF4DB191A6
273,O,3CAE3C9F0D263D94
273,O,FA7A3D77713061E9
273,O,C7120BD9A94B4F6A
273,O,825199DC3BC0C5A3
273,O,AFD29CB1A4F71AB9
273,O,65ECD19EFD09FB74
273,O,4C97BE87FBF959C4
273,O,FA52803E2628A212
273,O,3AD4DADA5B941CF2
273,O,3CAE3C9F0D263D94
273A,O,26A1D2969A15C3AF
273A,O,F8C20FE9111D486A
273A,O,D97A36CE8D65B198
273A,O,CF94083CB24CF4E5
273A,O,4A76CDB32FA69BC6
273A,O,6F11F73C749338DB
273A,O,98EBAB9468C80DD2
273A,O,CA1317F5A0B8A8B2
273A,O,AFD29CB1A4F71AB9
273A,O,65ECD19EFD09FB74
273A,O,4C97BE87FBF959C4
273A,O,FA52803E2628A212
273A,O,3AD4DADA5B941CF2
273A,O,8237ED597A8A948B
273A,O,A4455CCA999A234C
273A,O,3C821C86ADED2B9D
273A,O,14BDB94A8F3ED3EC
273A,O,FA7A3D77713061E9
273A,O,C7120BD9A94B4F6A
273A,O,825199DC3BC0C5A3
273A,O,A8F178C255CF9783
273A,O,ADB9356BBF06F7C7
273A,O,8E3F5AE0A97053F9
273A,O,68C7CBB4CAB9FE69
273A,O,9CD9BFAE2BC91336
273A,O,E86A26B1A389C290
273A,O,4E655B25ABAE103A
273A,O,18785E68EAD3D9B8
273A,O,26A1D2969A15C3AF
273A,O,F8C20FE9111D486A
273A,O,D97A36CE8D65B198
273A,O,CF94083CB24CF4E5
273A,O,08A46530B241544D
273A,O,4A76CDB32FA69BC6
273A,O,6F11F73C749338DB
273A,O,98EBAB9468C80DD2
273A,O,CA1317F5A0B8A8B2
273A,O,AFD29CB1A4F71AB9
273A,O,65ECD19EFD09FB74
273A,O,4C97BE87FBF959C4
273A,O,FA52803E2628A212
273A,O,3AD4DADA5B941CF2
273A,O,8237ED597A8A948B
273A,O,A4455CCA999A234C
273A,O,3C821C86ADED2B9D
273A,O,14BDB94A8F3ED3EC
273A,O,FA7A3D77713061E9
273A,O,C7120BD9A94B4F6A
273A,O,825199DC3BC0C5A3
273A,O,A8F178C255CF9783
273A,O,ADB9356BBF06F7C7
273A,O,8E3F5AE0A97053F9
273A,O,68C7CBB4CAB9FE69
273A,O,9CD9BFAE2BC91336
273A,O,017BCFA7DC246519
273A,O,E86A26B1A389C290
273A,O,4E655B25ABAE103A
273A,O,18785E68EAD3D9B8
273A,O,8237ED597A8A948B
273A,O,A4455CCA999A234C
273A,O,3C821C86ADED2B9D
273A,O,14BDB94A8F3ED3EC
273A,O,FA7A3D77713061E9
273A,O,C7120BD9A94B4F6A
273A,O,825199DC3BC0C5A3
273A,O,A8F178C255CF9783
273A,O,ADB9356BBF06F7C7
273A,O,8E3F5AE0A97053F9
273A,O,68C7CBB4CAB9FE69
273A,O,9CD9BFAE2BC91336
273A,O,E86A26B1A389C290
273A,O,4E655B25ABAE103A
273A,O,18785E68EAD3D9B8
273A,O,80C387D87AFBCE3E
273A,O,31005C82D70F6B09
273A,O,26A1D2969A15C3AF
273A,O,F8C20FE9111D486A
273A,O,D97A36CE8D65B198
273A,O,CF94083CB24CF4E5
273A,O,4A76CDB32FA69BC6
273A,O,6F11F73C749338DB
273A,O,98EBAB9468C80DD2
273A,O,CA1317F5A0B8A8B2
273A,O,AFD29CB1A4F71AB9
273A,O,65ECD19EFD09FB74
273A,O,4C97BE87FBF959C4
273A,O,FA52803E2628A212
273A,O,3AD4DADA5B941CF2
273A,O,8237ED597A8A948B
273A,O,A4455CCA999A234C
273A,O,3C821C86ADED2B9D
273A,O,14BDB94A8F3ED3EC
273A,O,FA7A3D77713061E9
273A,O,C7120BD9A94B4F6A
273A,O,825199DC3BC0C5A3
273A,O,A8F178C255CF9783
273A,O,ADB9356BBF06F7C7
273A,O,8E3F5AE0A97053F9
273A,O,68C7CBB4CAB9FE69
273A,O,9CD9BFAE2BC91336
273A,O,E86A26B1A389C290
273A,O,4E655B25ABAE103A
273A,O,AD4E0E8DC8ACEFB6
273A,O,A4AA1D2CA4E92950
273A,O,80C387D87AFBCE3E
273A,O,31005C82D70F6B09
273A,O,26A1D2969A15C3AF
273A,O,F8C20FE9111D486A
273A,O,D97A36CE8D65B198
273A,O,CF94083CB24CF4E5
273A,O,08A46530B241544D
273A,O,4A76CDB32FA69BC6
273A,O,6F11F73C749338DB
273A,O,98EBAB9468C80DD2
273A,O,CA1317F5A0B8A8B2
273A,O,AFD29CB1A4F71AB9
273A,O,65ECD19EFD09FB74
273A,O,4C97BE87FBF959C4
273A,O,FA52803E2628A212
273A,O,3AD4DADA5B941CF2
273A,O,8237ED597A8A948B
273A,O,A4455CCA999A234C
273A,O,3C821C86ADED2B9D
273A,O,14BDB94A8F3ED3EC
273A,O,FA7A3D77713061E9
273A,O,C7120BD9A94B4F6A
273A,O,825199DC3BC0C5A3
273A,O,A8F178C255CF9783
273A,O,ADB9356BBF06F7C7
273A,O,8E3F5AE0A97053F9
273A,O,68C7CBB4CAB9FE69
273A,O,9CD9BFAE2BC91336
273A,O,017BCFA7DC246519
273A,O,E86A26B1A389C290
273A,O,4E655B25ABAE103A
273A,O,AD4E0E8DC8ACEFB6
273A,O,A4AA1D2CA4E92950
273A,O,26A1D2969A15C3AF
273A,O,F8C20FE9111D486A
273A,O,D97A36CE8D65B198
273A,O,CF94083CB24CF4E5
273A,O,08A46530B241544D
273A,O,4A76CDB32FA69BC6
273A,O,6F11F73C749338DB
273A,O,98EBAB9468C80DD2
273A,O,CA1317F5A0B8A8B2
273A,O,AFD29CB1A4F71AB9
273A,O,65ECD19EFD09FB74
273A,O,4C97BE87FBF959C4
273A,O,FA52803E2628A212
273A,O,3AD4DADA5B941CF2
273A,O,8237ED597A8A948B
273A,O,A4455CCA999A234C
273A,O,3C821C86ADED2B9D
273A,O,14BDB94A8F3ED3EC
273A,O,FA7A3D77713061E9
273A,O,C7120BD9A94B4F6A
273A,O,825199DC3BC0C5A3
273A,O,A8F178C255CF9783
273A,O,ADB9356BBF06F7C7
273A,O,8E3F5AE0A97053F9
273A,O,68C7CBB4CAB9FE69
273A,O,9CD9BFAE2BC91336
273A,O,E86A26B1A389C290
273A,O,4E655B25ABAE103A
273A,O,18785E68EAD3D9B8
273A,O,80C387D87AFBCE3E
273A,O,31005C82D70F6B09
273A,O,26A1D2969A15C3AF
273A,O,F8C20FE9111D486A
273A,O,CF94083CB24CF4E5
273A,O,08A46530B241544D
273A,O,4A76CDB32FA69BC6
273A,O,6F11F73C749338DB
273A,O,98EBAB9468C80DD2
273A,O,CA1317F5A0B8A8B2
273A,O,AFD29CB1A4F71AB9
273A,O,65ECD19EFD09FB74
273A,O,4C97BE87FBF959C4
273A,O,FA52803E2628A212
273A,O,3AD4DADA5B941CF2
273A,O,8237ED597A8A948B
273A,O,A4455CCA999A234C
273A,O,3C821C86ADED2B9D
273A,O,14BDB94A8F3ED3EC
273A,O,FA7A3D77713061E9
273A,O,C7120BD9A94B4F6A
273A,O,825199DC3BC0C5A3
273A,O,A8F178C255CF9783
273A,O,ADB9356BBF06F7C7
273A,O,8E3F5AE0A97053F9
273A,O,68C7CBB4CAB9FE69
273A,O,9CD9BFAE2BC91336
273A,O,E86A26B1A389C290
273A,O,4E655B25ABAE103A
273A,O,AD4E0E8DC8ACEFB6
273A,O,A4AA1D2CA4E92950
273B,O,583E102838FA4D0A
273B,O,6F11F73C749338DB
273B,O,9CA76C3AEAB52DC2
273B,O,F19EA5A24A38C94C
273B,O,583E102838FA4D0A
273B,O,583E102838FA4D0A
273B,O,6F11F73C749338DB
273B,O,9CA76C3AEAB52DC2
273C,O,37E653F1DC727EB2
273C,O,CB295B56D3762A1F
273C,O,F8B3E5A11921AD1B
273C,O,C66CDE62B5AEB8DA
273C,O,832EFD8F5165814E
273C,O,F7670D87C1847D31
273C,O,C65C38558F2F978B
273C,O,56F79FB1FC157E22
273C,O,95B249916F323BD4
273C,O,4249ED0CD65130CC
273C,O,3CE4F8574F4F9D72
273C,O,CAD1ABCBA72CF365
273C,O,C289F0DD208B531D
273C,O,620E14F31DA31490
273C,O,09B4297CB90AF3EC
273C,O,97BB9CE7A058E809
273C,O,9FD6AAFA1318E3D9
273C,O,03A5552B84E8214B
273C,O,0B4807A5C0DAF24A
273C,O,40A8EA2850B0979B
273C,O,B943DBEE65B0B18F
273C,O,939E0C584E1A1C3C
273C,O,92A8281D80524F78
273C,O,716D84D1B7EA256E
273D,O,4A35BB617F75F41D
273D,O,98EBAB9468C80DD2
273D,O,CA1317F5A0B8A8B2
273D,O,AFD29CB1A4F71AB9
273D,O,65ECD19EFD09FB74
273D,O,3325529D981E23A1
273D,O,A4455CCA999A234C
273D,O,3C821C86ADED2B9D
273D,O,8237ED597A8A948B
273D,O,D0FB28B8EED62431
273D,O,C7120BD9A94B4F6A
273D,O,825199DC3BC0C5A3
273D,O,A8F178C255CF9783
273D,O,ADB9356BBF06F7C7
273D,O,8E3F5AE0A97053F9
273D,O,4A35BB617F75F41D
273D,O,4A35BB617F75F41D
273D,O,42B28B8C4C1227A3
273D,O,6F11F73C749338DB
273D,O,98EBAB9468C80DD2
273D,O,CA1317F5A0B8A8B2
273D,O,AFD29CB1A4F71AB9
273D,O,65ECD19EFD09FB74
273D,O,3325529D981E23A1
273D,O,A4455CCA999A234C
273D,O,3C821C86ADED2B9D
273D,O,8237ED597A8A948B
273D,O,D0FB28B8EED62431
273D,O,C7120BD9A94B4F6A
273D,O,825199DC3BC0C5A3
273D,O,A8F178C255CF9783
273D,O,ADB9356BBF06F7C7
273D,O,8E3F5AE0A97053F9
273D,O,F8D7946AFDBA377E
273D,O,4A35BB617F75F41D
273P,O,C65C38558F2F978B
273P,O,56F79FB1FC157E22
273P,O,95B249916F323BD4
273P,O,4249ED0CD65130CC
273P,O,3CE4F8574F4F9D72
273P,O,CAD1ABCBA72CF365
273P,O,C289F0DD208B531D
273P,O,620E14F31DA31490
273P,O,09B4297CB90AF3EC
273P,O,97BB9CE7A058E809
273P,O,9FD6AAFA1318E3D9
273P,O,03A5552B84E8214B
273P,O,0B4807A5C0DAF24A
273P,O,40A8EA2850B0979B
273P,O,B943DBEE65B0B18F
273P,O,939E0C584E1A1C3C
273P,O,01642BC44DCFDB3C
273P,O,716D84D1B7EA256E
273S,O,B9B740E8C5E027BB
273S,O,DDC8BA73EDCE6705
273S,O,FA7A3D77713061E9
273S,O,9D388587636920DA
273S,O,825199DC3BC0C5A3
273S,O,AFD29CB1A4F71AB9
273S,O,65ECD19EFD09FB74
273S,I,65ECD19EFD09FB74
273S,I,3325529D981E23A1
273S,I,A4455CCA999A234C
273S,I,3CAE3C9F0D263D94
274,O,3C450B715D06675A
274,O,CF94083CB24CF4E5
274,O,4A76CDB32FA69BC6
274,O,6F11F73C749338DB
274,O,98EBAB9468C80DD2
274,O,6DD6B837EF1FA76C
274,O,AFD29CB1A4F71AB9
274,O,60952B4A38F3D82E
274,O,D67917549F3DC8A3
274,O,EE81A30BE4BDC8AC
274,O,CACE8456C1A48D50
274,O,74648B92E0E80E2E
274,O,F3243F2A0BC4DEAD
274,O,3F24CFF9046300D9
274,O,B34F59A0270AEDA4
274,O,39E7051B17D302DA
274,O,1C6EAAF5F48167F9
274,O,1D1571E9D1588FBE
274,O,64101F297D3C1C55
274,O,5B39CC28607910E4
274,O,ECE98AAA81373891
274,O,305B120AF37FE8BD
274,O,6B46C7E695EF21CF
274,O,F489213E82621D3F
274,O,31DA09E74ABD87CD
274,O,B31E6B9D8E5B4493
274,O,180DC2E520E7A4D0
274,O,5E082FCF5C58328C
274,O,4B5F39DBC6671C81
274,O,4CC126E0B1E42F14
274,O,A90443FD0C19C4B1
274,O,E22B819E638307CC
274P,O,91CD1740B6AC752B
274P,O,8337F935242C5CC3
274P,O,B311A7AB3140FBC9
274P,O,761CDB62DC025007
274P,O,5ED989C30DF49DE4
274P,O,D96A94B0ED4E873A
274P,O,7FD05121B0A4A750
274P,O,664BAA2EA12B80B1
274P,O,739A5DDE0CF1970C
274P,O,34E1E68A3C2AFE81
274P,O,2D1A8946EF054FC9
274P,O,DADEC4FDAD7C58B3
274P,O,E8F5E085BAEFE100
274P,O,79FD1B44D37205B8
274P,O,369A5601F8A63B5E
274P,O,A339426A8F633D63
274P,O,0D9F5E10DA9CCE02
274P,O,05485C36CA334A81
274P,O,FDDA176977136CD9
274P,O,6716018C3EE42733
274P,O,446E33686D9C02E0
274P,O,F9C14690633CE7E0
274P,O,7BCFD79F22F60457
274P,O,32C1F605CAAD7861
274P,O,DAC33107054B9FED
274P,O,4705F639E370A9AD
274P,O,95CEED87CBDA3B02
274P,O,CAB927254C5D8892
274P,O,3D8A0FB3051B32EC
274P,I,3D8A0FB3051B32EC
274P,I,551DEE0C7120DECD
274P,I,916501787D3948F1
274P,I,4197D80D370042C2
274P,I,6E1E84A8BAF508AC
274P,I,DB241439B4E2785A
274P,I,378DA3C43904CFF9
274P,I,9FBD2D7974A0AB50
274P,I,1A0BF02F827F6A20
274P,I,6DE63371E5E799BA
274P,I,42A5DBE7D21EADE3
274P,I,A6D60802BD8DDED0
274P,I,12E4BAFA2B73435B
274P,I,74648B92E0E80E2E
274P,I,F3243F2A0BC4DEAD
274P,I,3F24CFF9046300D9
274P,I,B34F59A0270AEDA4
274P,I,39E7051B17D302DA
274P,I,1C6EAAF5F48167F9
274P,I,1D1571E9D1588FBE
274P,I,64101F297D3C1C55
274P,I,5B39CC28607910E4
274P,I,E27820FF0AF73D52
274P,I,CB667DC000F66D40
274P,I,857F6F958A96DCDB
274P,I,3A450B5AD5AF1605
274P,I,0E2175C0750054FE
274P,I,A90443FD0C19C4B1
274P,I,91CD1740B6AC752B
274X,O,53FC6F95C61542C1
274X,O,E70EDF92FE8553E2
274X,O,FAAD25334A972923
274X,O,42AF8D1ADA2FA6C0
274X,O,C9A46DDC082BAEE0
274X,O,BBDFF2D05E37EE61
274X,O,266A4CDA19461A42
274X,O,F97399CFEEB9219B
274X,O,26A996F589C84844
274X,O,F374B56E275194D8
274X,O,9274EF6791CA3ED8
274X,O,CDB292D507E4302D
274X,O,4EF065C6D7FCCFE7
274X,O,2AEDE966C122B71E
274X,O,6716018C3EE42733
274X,O,7BECB2120CD69543
275R,O,94A3E9298FD887C6
275R,O,11B658F68A9F577C
275R,O,FB5500F0D32629B2
275R,O,55D37B4406A049FB
275R,O,75BC2D1936D0EACD
275R,O,DAC33107054B9FED
275R,O,F71DE7248DAAFAF7
275R,O,1A5B7BF397988C96
275R,O,C1AE59CABFFE3F21
275R,O,9076C3C55544591A
275R,O,EE0564AA4EA08E5D
275R,O,FF435BF47EA33D74
275R,O,EEF2A14EF9A8E0C3
275R,O,1AEC1D13DFEDEEEE
275R,O,C21F7A494FFEAC2C
275R,O,70B01F3E554003C9
275R,O,45AAE55CB6B5699F
275R,O,391FD1F8D3A9167F
275R,O,5A264033612771AA
275R,O,D517E296CB051677
275R,O,87723BB571C3E7BD
275R,O,A6AE2448FFB2CCF3
275R,O,29831C0D4D930225
275R,O,5ABB7576D1BAC0E7
275R,O,88AC366AD0AEF0BF
275R,O,4592EF85D20AB0E0
275R,I,4592EF85D20AB0E0
275R,I,24C3C62F633948AD
275R,I,79AB35C49EC6A4A9
275R,I,F31B9B0CD79FCC8F
275R,I,16C01C6D1E671ED7
275R,I,819BDBC902E323E0
275R,I,20B7C6B56788E484
275R,I,49AE5D2FF5562B95
275R,I,94A08BC49C306C1C
275R,I,6EAC23CB146AE03C
275R,I,DF5DA8A8487E05C7
275R,I,CD442C8FBAD8FD45
275R,I,232D88071DA925C2
275R,I,C6131E2EFE859240
275R,I,5E4C8880C9A5E6E1
275R,I,3FAC7CF6EAD17A92
275R,I,CF925A6BCC55379F
275R,I,40CEC3119FC1ECCC
275R,I,3096269306B60988
275R,I,4197D80D370042C2
275R,I,790B8E94D15A0888
275R,I,597CE200C2824BEE
275R,I,7AC279608B65128C
275R,I,12E4BAFA2B73435B
275R,I,46604706EE6CC765
275R,I,94A3E9298FD887C6
275X,O,C67CDF76A28A4E0E
275X,O,8C21D2D96DA6D045
275X,O,5D6FB6C3F67A70DC
275X,O,A47A663F7AF92B77
275X,O,D7D25DCF873DAE7A
275X,O,53C49B85EBFF8AAE
275X,O,3114213F8975F536
275X,O,D1AAD1771F3FA9A0
275X,O,C80FB453C9F53569
275X,O,2A01E3163DF9A954
275X,O,AE4D7869B643DAA2
275X,O,AE2A53D953B640BE
275X,O,F5795A904B483F33
275X,O,91929D42214F3D7F
275X,O,97B7EC0354E020B7
275X,O,ED03E689B88CE0E8
275X,O,B122FA4A77BABF24
275X,O,2A35C305E68FCD65
275X,I,2A35C305E68FCD65
275X,I,EF5A5CD9C3A038C9
275X,I,A5E27C280260D008
275X,I,009760575EA9F85D
275X,I,21581A1F9544F6E4
275X,I,4B03758AF99951A6
275X,I,4850531F57582BD9
275X,I,D28AA79AF38D1601
275X,I,C5BDCDF9B4D7C514
275X,I,2F7C67769B9FB896
275X,I,A46B6AC99CE8722E
275X,I,D7A05B5BAF07A89B
275X,I,9274EF6791CA3ED8
275X,I,CDB292D507E4302D
275X,I,C55F50E43F6108EB
275X,I,530F970BB56D778D
275X,I,512C07C3D131AB5A
275X,I,BBFADA4889A61FCC
275X,I,C67CDF76A28A4E0E
276,O,A131EEC027755D72
276,O,7898B605E39613A8
276,O,4BE4E6D4F5A06A51
276,O,2C0C842FA050B03D
276,O,D79CB4C4C66E7DBC
276,O,2280D10BC985E036
276,O,A8482B15AD6E89A3
276,O,1C0A89BD67A4CFF0
276,O,0D98A0E934584FD0
276,O,F87A56BD0A2640ED
276,O,D747ADD80335605C
276,O,445B2A02DB891CA9
276,O,4E2EC89B41600D7E
276,O,73CDC61EBA1C9431
276,O,D9AB3B959A46E411
276,O,D876A83244ECB838
276,O,F0FB5EC850A66722
276,I,F0FB5EC850A66722
276,I,0FD6C16477F1F0E8
276,I,14157BA5C06B0B6B
276,I,605B05317A40A2A4
276,I,78AD2432201EF5EE
276,I,D9CE618F99BAC2B6
276,I,A010FE2C473103A8
276,I,70FEB409760C77EE
276,I,A1A1B10F5CE291AC
276,I,A11650027CA0992C
276,I,41D1C3067A2D555F
276,I,88F23AAD9EC3F5C6
276,I,86C5B251AF5F68BF
276,I,6A90A40248059768
276,I,A6F5C93F89B0969B
276,I,A131EEC027755D72
276A,O,A22733425D08E68A
276A,O,8753A8442C2FFF53
276A,O,8D56DB404D264D5A
276A,O,A00D00FC2F4F8400
276A,O,C052B4D46E1F48EA
276A,O,AFB9321F7CD2C2E4
276A,O,7898B605E39613A8
276A,O,4BE4E6D4F5A06A51
276A,O,C20316E552E64387
276A,O,093289C2E4F6F408
276A,O,3FAC6C2592812331
276A,O,D97A36CE8D65B198
276A,O,5501654D47E432D4
276A,O,8D56DB404D264D5A
276A,O,A00D00FC2F4F8400
276A,O,C052B4D46E1F48EA
276A,O,AFB9321F7CD2C2E4
276A,O,7898B605E39613A8
276A,O,4BE4E6D4F5A06A51
276A,O,C20316E552E64387
276A,O,093289C2E4F6F408
276A,O,3FAC6C2592812331
276A,O,D97A36CE8D65B198
276A,O,5501654D47E432D4
276A,I,5501654D47E432D4
276A,I,4E655B25ABAE103A
276A,I,AD4E0E8DC8ACEFB6
276A,I,DF8F6AA868615D47
276A,I,A264A7BA921EEE6E
276A,I,ABE1BADF8D43CB24
276A,I,6A90A40248059768
276A,I,48D55BCE2E97E1DE
276A,I,FBBF4EB577663A13
276A,I,F97A667725CDEB82
276A,I,73FE2D32F218DA9C
276A,I,A264255E81F51111
276A,I,A22733425D08E68A
276B,O,430C6E88A93B42DE
276B,O,73FE2D32F218DA9C
276B,O,A264255E81F51111
276B,O,4C86E1F44AE9C25B
276B,O,A6C169DA579FC45B
276B,O,308112BE50081258
276B,O,D2425B7147B58E1D
276B,O,A4607B71730E8F46
276B,O,021872C0E263AC46
276B,O,3106E04BB81D74A8
276B,O,093289C2E4F6F408
276B,O,3FAC6C2592812331
276B,O,26A1D2969A15C3AF
276B,I,26A1D2969A15C3AF
276B,I,4E655B25ABAE103A
276B,I,AD4E0E8DC8ACEFB6
276B,I,DF8F6AA868615D47
276B,I,FFFB0F940CA7BEA7
276B,I,1D202282C0A82F12
276B,I,D813C93D9AD1C45B
276B,I,7BB395B6FE66E102
276B,I,6D4E7B9D5F9584E7
276B,I,47AB1894215AECEE
276B,I,42AEF6365E78DA56
276B,I,8753A8442C2FFF53
276B,I,8D56DB404D264D5A
276B,I,430C6E88A93B42DE
276C,O,4639CEC8D4B587C7
276C,O,C20316E552E64387
276C,O,F05E718C02104BAC
276C,O,0D98A0E934584FD0
276C,O,F87A56BD0A2640ED
276C,O,D747ADD80335605C
276C,O,445B2A02DB891CA9
276C,O,4E2EC89B41600D7E
276C,O,73CDC61EBA1C9431
276C,O,093289C2E4F6F408
276C,O,3FAC6C2592812331
276C,O,CF94083CB24CF4E5
276C,O,4A76CDB32FA69BC6
276C,O,6F11F73C749338DB
276C,O,98EBAB9468C80DD2
276C,O,6DD6B837EF1FA76C
276C,O,AFD29CB1A4F71AB9
276C,O,65ECD19EFD09FB74
276C,O,D67917549F3DC8A3
276C,O,6633B4885C8A3EE7
276C,O,0F3FA9B7D07A91F3
276C,O,C837C3C549793472
276C,O,C1210CE431B3BB88
276C,I,C1210CE431B3BB88
276C,I,BFAE1E951D3B63EC
276C,I,C67060F448591E4F
276C,I,14BDB94A8F3ED3EC
276C,I,FA7A3D77713061E9
276C,I,C7120BD9A94B4F6A
276C,I,825199DC3BC0C5A3
276C,I,ADB9356BBF06F7C7
276C,I,8E3F5AE0A97053F9
276C,I,68C7CBB4CAB9FE69
276C,I,9CD9BFAE2BC91336
276C,I,1BA6858FEF337645
276C,I,4E655B25ABAE103A
276C,I,AD4E0E8DC8ACEFB6
276C,I,DF8F6AA868615D47
276C,I,E7057BF64CF7D89D
276C,I,65F591143DC7CF9C
276C,I,0CF8C59B80E70369
276C,I,76DD0B50D30CF140
276C,I,C480A2E59BC05FB0
276C,I,A264A7BA921EEE6E
276C,I,4639CEC8D4B587C7
276P,O,4639CEC8D4B587C7
276P,O,71C5FC4FF2FDE0CA
276P,O,EE642EBB8CAD513D
276P,O,A856593C105D479B
276P,O,EF43A73D4C0CC508
276P,O,BB4F24A4C6A9B222
276P,O,F61DB78CF72DB387
276P,O,0BFC5F7FC4A2D431
276P,O,5F616585205DDDF9
276P,O,147D513A708AA741
276P,O,B88640E0CA83F12C
276P,O,A8482B15AD6E89A3
276P,O,BCC6E5BA6810FED6
276P,O,F87A56BD0A2640ED
276P,O,D747ADD80335605C
276P,O,445B2A02DB891CA9
276P,O,4E2EC89B41600D7E
276P,O,73CDC61EBA1C9431
276P,O,D876A83244ECB838
276P,O,F0FB5EC850A66722
276P,I,F0FB5EC850A66722
276P,I,14157BA5C06B0B6B
276P,I,F63C4B8B958E9830
276P,I,74C51A8A3D783F40
276P,I,D9CE618F99BAC2B6
276P,I,A010FE2C473103A8
276P,I,70FEB409760C77EE
276P,I,A1A1B10F5CE291AC
276P,I,A2C36DF7152EE93F
276P,I,60A4F4A41CD61FAC
276P,I,8F6C8CEB9F17D97D
276P,I,B09E18636F184247
276P,I,B113E1371D5AC497
276P,I,8FA8E142E834CB7C
276P,I,D86A74227012EAD3
276P,I,FFF1B4F48E111EAD
276P,I,87BCEC3D8C6951B2
276P,I,2FA997A1BE419A52
276P,I,023F856BE4F830F2
276P,I,5CAF0B805C12DDD9
276P,I,4639CEC8D4B587C7
277A,O,AC1FD9BDD09D1DD6
277A,O,6E31EAD2D04F8310
277A,O,F8E6D797A84D5328
277A,O,11DB53AE44D5FB17
277A,O,D5FDE0F2F444CE0E
277A,O,40B96472183BDCC5
277A,O,085E45F8000A7EFE
277A,O,D3EE57AA0CC7FF15
277A,O,CFE2F36860FB2F12
277A,O,03E55F77FB01CF5E
277A,O,FA44FBDA21BE2E05
277A,O,0DC81A7980B2F1F7
277A,O,A0CA9CC1118DE65E
277A,O,DBF94AD23D94F6E1
277A,O,C418F6AA9E688BDB
277A,O,54B6C89217D49521
277A,O,B97F79046BC9F6C3
277A,O,13F0ABE0E45457F0
277A,O,236DC08C08327ADB
277A,O,D5918A3A6192208D
277A,O,E173CF981835B7A1
277A,O,A088D19226D59E98
277A,O,6573811D015A0818
277A,O,A22E315AD21129EB
277A,O,C67060F448591E4F
277A,O,D2C1454B663392C9
277A,O,30D564180B68ECA8
277A,O,279C78D8C04A83BB
277A,O,BA03816A38B9DA7F
277A,O,D0F8772D043C207E
277A,O,BE36EF30B86ADD1D
277A,O,598F766175BE3EF3
277A,O,5FE12AC5660F89D6
277A,O,144E9479168069DD
277A,O,A88EE1930BE82C54
277A,O,5D7809204099960C
277A,I,5D7809204099960C
277A,I,5B04604E989BBDF0
277A,I,64303D83BDF8C92F
277A,I,C9A46DDC082BAEE0
277A,I,ABF9301D1E5B52ED
277A,I,266A4CDA19461A42
277A,I,8C79BE154468AE21
277A,I,26A996F589C84844
277A,I,F374B56E275194D8
277A,I,AD0B5EFA2471962C
277A,I,9274EF6791CA3ED8
277A,I,0F3FA9B7D07A91F3
277A,I,000CFEE2F92DC17B
277A,I,53BB93AAB2D45F3B
277A,I,6C2DBC45160AA4BF
277A,I,E5F082F4C7300273
277A,I,18FB32A8BE19CB57
277A,I,753E63DCB2FFD3B2
277A,I,0BB054192087F527
277A,I,EAEA62781C49856C
277A,I,D395E730FC3A3473
277A,I,EA6152DD7165E9DC
277A,I,9B07890D73E13AE4
277A,I,1927F52F4ED872E5
277A,I,F8619A3F780D4072
277A,I,3A3B108F799F3326
277A,I,7F8CEE1F02103A4A
277A,I,74A2E12A2DC55FE0
277A,I,5CEC0EA1BB2D6D11
277A,I,D3EBFAC0D6EE8DD5
277A,I,84891259878A06F5
277A,I,C7C774CD6AE937B1
277A,I,24FEF0BD13752095
277A,I,552DA8FCE732ABF0
277A,I,ADB789C140CFBE00
277A,I,37AEC610CEBCEA48
277A,I,8EA1F6CDA69E539C
277A,I,AC1FD9BDD09D1DD6
277B,O,FC119E7F0F340385
277B,O,942DAC2706D66A09
277B,O,9952B8BC5B1655E7
277B,O,24E3010DECCD1055
277B,O,3381D9676D0B29C8
277B,O,95DEB5378CCEB9D2
277B,O,4442A9A5E7FABAB8
277B,O,11B894BF379B1BFC
277B,O,A2D9858497241575
277B,O,B986375ED4762DA9
277B,O,A7C1A969F48B62C0
277B,O,D417A444017171C6
277B,O,26AC17B8F05DD7F2
277B,O,940F276037968281
277B,O,4EB92F34598243DB
277B,O,D2C1454B663392C9
277B,O,30D564180B68ECA8
277B,O,BA03816A38B9DA7F
277B,O,D0F8772D043C207E
277B,O,BE36EF30B86ADD1D
277B,O,598F766175BE3EF3
277B,O,5FE12AC5660F89D6
277B,O,144E9479168069DD
277B,O,A88EE1930BE82C54
277B,O,87549D6B12E322E5
277B,I,87549D6B12E322E5
277B,I,5B04604E989BBDF0
277B,I,1E3A342DF7D5B8B5
277B,I,C9A46DDC082BAEE0
277B,I,ABF9301D1E5B52ED
277B,I,266A4CDA19461A42
277B,I,8C79BE154468AE21
277B,I,26A996F589C84844
277B,I,F374B56E275194D8
277B,I,AD0B5EFA2471962C
277B,I,9274EF6791CA3ED8
277B,I,F8D7946AFDBA377E
277B,I,57E8A522E2C638FD
277B,I,FC6CB9607D36FBD7
277B,I,A67D189D438E1534
277B,I,100141C63A642F1A
277B,I,5407432C01D5436D
277B,I,D1CF96D7F9E6E0D3
277B,I,405F3262B401825B
277B,I,ACC30E66CCF123BC
277B,I,FC119E7F0F340385
277E,O,4442A9A5E7FABAB8
277E,O,11B894BF379B1BFC
277E,O,A2D9858497241575
277E,O,B986375ED4762DA9
277E,O,A7C1A969F48B62C0
277E,O,D417A444017171C6
277E,O,26AC17B8F05DD7F2
277E,O,940F276037968281
277E,O,4EB92F34598243DB
277E,O,D2C1454B663392C9
277E,O,30D564180B68ECA8
277E,O,BA03816A38B9DA7F
277E,O,D0F8772D043C207E
277E,O,BE36EF30B86ADD1D
277E,O,598F766175BE3EF3
277E,O,5FE12AC5660F89D6
277E,O,144E9479168069DD
277E,O,A88EE1930BE82C54
277E,O,87549D6B12E322E5
277E,O,4442A9A5E7FABAB8
277E,O,11B894BF379B1BFC
277E,O,A2D9858497241575
277E,O,B986375ED4762DA9
277E,O,A7C1A969F48B62C0
277E,O,D417A444017171C6
277E,O,26AC17B8F05DD7F2
277E,O,940F276037968281
277E,O,D2C1454B663392C9
277E,O,30D564180B68ECA8
277E,O,BA03816A38B9DA7F
277E,O,D0F8772D043C207E
277E,O,BE36EF30B86ADD1D
277E,O,598F766175BE3EF3
277E,O,5FE12AC5660F89D6
277E,O,144E9479168069DD
277E,O,A88EE1930BE82C54
277E,O,87549D6B12E322E5
277E,I,87549D6B12E322E5
277E,I,5B04604E989BBDF0
277E,I,1E3A342DF7D5B8B5
277E,I,C9A46DDC082BAEE0
277E,I,ABF9301D1E5B52ED
277E,I,266A4CDA19461A42
277E,I,8C79BE154468AE21
277E,I,26A996F589C84844
277E,I,F374B56E275194D8
277E,I,AD0B5EFA2471962C
277E,I,9274EF6791CA3ED8
277E,I,F8D7946AFDBA377E
277E,I,57E8A522E2C638FD
277E,I,9170FC8FFFD12204
277E,I,C3D2BF745570F4A5
277E,I,B986375ED4762DA9
277E,I,A7C1A969F48B62C0
277E,I,D2C1DACCC74B69C5
277E,I,4442A9A5E7FABAB8
277P,O,4442A9A5E7FABAB8
277P,O,EE775A73D626A46E
277P,O,C3D2BF745570F4A5
277P,O,B986375ED4762DA9
277P,O,D417A444017171C6
277P,O,26AC17B8F05DD7F2
277P,O,940F276037968281
277P,O,4EB92F34598243DB
277P,O,98EBAB9468C80DD2
277P,O,6DD6B837EF1FA76C
277P,O,AFD29CB1A4F71AB9
277P,O,60952B4A38F3D82E
277P,O,D67917549F3DC8A3
277P,O,EE81A30BE4BDC8AC
277P,O,D2C1454B663392C9
277P,O,30D564180B68ECA8
277P,O,E89B2315750AB2FD
277P,O,4B9D547F0F450784
277P,O,5D1E6432755E4F5F
277P,O,279C78D8C04A83BB
277P,O,BA03816A38B9DA7F
277P,O,D0F8772D043C207E
277P,O,BE36EF30B86ADD1D
277P,O,598F766175BE3EF3
277P,O,5FE12AC5660F89D6
277P,O,144E9479168069DD
277P,O,A88EE1930BE82C54
277P,O,5774E63B634C0B1E
277P,I,5774E63B634C0B1E
277P,I,5B04604E989BBDF0
277P,I,1E3A342DF7D5B8B5
277P,I,C9A46DDC082BAEE0
277P,I,ABF9301D1E5B52ED
277P,I,266A4CDA19461A42
277P,I,8C79BE154468AE21
277P,I,26A996F589C84844
277P,I,F374B56E275194D8
277P,I,AD0B5EFA2471962C
277P,I,10A25AF26C9972AC
277P,I,48D7576D3F243169
277P,I,9274EF6791CA3ED8
277P,I,14BDB94A8F3ED3EC
277P,I,D0FB28B8EED62431
277P,I,C7120BD9A94B4F6A
277P,I,825199DC3BC0C5A3
277P,I,ADB9356BBF06F7C7
277P,I,8E3F5AE0A97053F9
277P,I,F8D7946AFDBA377E
277P,I,57E8A522E2C638FD
277P,I,9170FC8FFFD12204
277P,I,C3D2BF745570F4A5
277P,I,B986375ED4762DA9
277P,I,A7C1A969F48B62C0
277P,I,D2C1DACCC74B69C5
277P,I,4442A9A5E7FABAB8
277X,O,7EFB60ED247B4316
277X,O,1380D71251D0CBF9
277X,O,EDFAC4F35C0E51C7
277X,O,944EC71DD1731BE0
277X,O,EF78DD9F765C6565
277X,O,BFAE1E951D3B63EC
277X,O,C67060F448591E4F
277X,O,F7D40D08CB05EA87
277X,O,923E5B79E1B48739
277X,O,4CA5DEBCC576E371
277X,O,D2C1454B663392C9
277X,O,30D564180B68ECA8
277X,O,279C78D8C04A83BB
277X,O,BA03816A38B9DA7F
277X,O,D0F8772D043C207E
277X,O,BE36EF30B86ADD1D
277X,O,598F766175BE3EF3
277X,O,5FE12AC5660F89D6
277X,O,144E9479168069DD
277X,O,A88EE1930BE82C54
277X,O,5D7809204099960C
277X,O,7EFB60ED247B4316
277X,O,1380D71251D0CBF9
277X,O,EDFAC4F35C0E51C7
277X,O,944EC71DD1731BE0
277X,O,EF78DD9F765C6565
277X,O,BFAE1E951D3B63EC
277X,O,C67060F448591E4F
277X,O,D2C1454B663392C9
277X,O,30D564180B68ECA8
277X,O,279C78D8C04A83BB
277X,O,BA03816A38B9DA7F
277X,O,D0F8772D043C207E
277X,O,BE36EF30B86ADD1D
277X,O,598F766175BE3EF3
277X,O,5FE12AC5660F89D6
277X,O,144E9479168069DD
277X,O,A88EE1930BE82C54
277X,O,5D7809204099960C
277X,O,F7D40D08CB05EA87
277X,O,923E5B79E1B48739
277X,O,4CA5DEBCC576E371
277X,O,D2C1454B663392C9
277X,O,30D564180B68ECA8
277X,O,279C78D8C04A83BB
277X,O,BA03816A38B9DA7F
277X,O,D0F8772D043C207E
277X,O,BE36EF30B86ADD1D
277X,O,598F766175BE3EF3
277X,O,5FE12AC5660F89D6
277X,O,144E9479168069DD
277X,O,A88EE1930BE82C54
277X,O,5D7809204099960C
277X,I,5D7809204099960C
277X,I,5B04604E989BBDF0
277X,I,64303D83BDF8C92F
277X,I,C9A46DDC082BAEE0
277X,I,ABF9301D1E5B52ED
277X,I,266A4CDA19461A42
277X,I,8C79BE154468AE21
277X,I,26A996F589C84844
277X,I,F374B56E275194D8
277X,I,AD0B5EFA2471962C
277X,I,9274EF6791CA3ED8
277X,I,3AD4DADA5B941CF2
277X,I,CA9E9870D7B2FF36
277X,I,923E5B79E1B48739
277X,I,FA52803E2628A212
277X,I,0F3FA9B7D07A91F3
277X,I,C837C3C549793472
277X,I,2AC85D87661D5AF6
277X,I,BA995ECF3EFCA99E
277X,I,879A98CD29D9433F
277X,I,7EFB60ED247B4316
278A,O,E284CEE504CCDFB1
278A,O,743B5D03681D9220
278A,O,A088D19226D59E98
278A,O,6573811D015A0818
278A,O,D585080E071B999E
278A,O,1380D71251D0CBF9
278A,O,EDFAC4F35C0E51C7
278A,O,EF78DD9F765C6565
278A,O,BFAE1E951D3B63EC
278A,O,C67060F448591E4F
278A,O,E6022594DB48E35B
278A,O,620E14F31DA31490
278A,O,09B4297CB90AF3EC
278A,O,97BB9CE7A058E809
278A,O,9FD6AAFA1318E3D9
278A,O,03A5552B84E8214B
278A,O,0B4807A5C0DAF24A
278A,O,40A8EA2850B0979B
278A,O,B943DBEE65B0B18F
278A,O,939E0C584E1A1C3C
278A,O,01642BC44DCFDB3C
278A,O,F2EDDDB17B1EA974
278A,I,F2EDDDB17B1EA974
278A,I,CA8554613AAA6C49
278A,I,AAB411C52D067AD1
278A,I,094D2EBC017EE61A
278A,I,E919C0B67C6ACF3F
278A,I,257A6E19DD7F156C
278A,I,28A57C043C111604
278A,I,F82CDE4D15A43CA3
278A,I,DEDD6247441C8C05
278A,I,81B719F7DC3F0FAD
278A,I,C8276DF869656712
278A,I,0F3FA9B7D07A91F3
278A,I,C837C3C549793472
278A,I,3DEE05203A52B235
278A,I,000CFEE2F92DC17B
278A,I,53BB93AAB2D45F3B
278A,I,6C2DBC45160AA4BF
278A,I,E5F082F4C7300273
278A,I,C6DEF1AF70EC3375
278A,I,91E946260F8BCBE8
278A,I,9381998EA6DC33CA
278A,I,91E946260F8BCBE8
278K,O,1AB800949FF1203B
278K,O,B28798C421AB2D6B
278K,O,EDFAC4F35C0E51C7
278K,O,25721F85DC026ACA
278K,O,D4A97E2A758EDC64
278K,O,000CFEE2F92DC17B
278K,O,BA995ECF3EFCA99E
278K,O,879A98CD29D9433F
278K,O,1AB800949FF1203B
278K,O,1AB800949FF1203B
278K,O,B28798C421AB2D6B
278K,O,4235BA400EB10F0E
278K,O,EDFAC4F35C0E51C7
278K,O,25721F85DC026ACA
278K,O,D4A97E2A758EDC64
278K,O,000CFEE2F92DC17B
278K,O,BA995ECF3EFCA99E
278K,O,879A98CD29D9433F
278K,O,1AB800949FF1203B
278K,O,1AB800949FF1203B
278K,O,B28798C421AB2D6B
278K,O,EDFAC4F35C0E51C7
278K,O,25721F85DC026ACA
278K,O,D4A97E2A758EDC64
278K,O,000CFEE2F92DC17B
278K,O,BA995ECF3EFCA99E
278K,O,B85E71E9AFF5B087
278K,O,879A98CD29D9433F
278K,O,1AB800949FF1203B
278P,O,3C450B715D06675A
278P,O,4A76CDB32FA69BC6
278P,O,6F11F73C749338DB
278P,O,98EBAB9468C80DD2
278P,O,6DD6B837EF1FA76C
278P,O,AFD29CB1A4F71AB9
278P,O,60952B4A38F3D82E
278P,O,0E41E02CD9055626
278P,O,EE81A30BE4BDC8AC
278P,O,D4C4D9175A19C230
278P,O,2129B2A72F881300
278P,O,FA52803E2628A212
278P,O,620E14F31DA31490
278P,O,09B4297CB90AF3EC
278P,O,97BB9CE7A058E809
278P,O,9FD6AAFA1318E3D9
278P,O,03A5552B84E8214B
278P,O,0B4807A5C0DAF24A
278P,O,40A8EA2850B0979B
278P,O,B943DBEE65B0B18F
278P,O,939E0C584E1A1C3C
278P,O,01642BC44DCFDB3C
278P,O,161CE3ED0256570F
278X,O,81657B3B0CB3D4C0
278X,O,98EBAB9468C80DD2
278X,O,6DD6B837EF1FA76C
278X,O,AFD29CB1A4F71AB9
278X,O,60952B4A38F3D82E
278X,O,0E41E02CD9055626
278X,O,EE81A30BE4BDC8AC
278X,O,D4C4D9175A19C230
278X,O,2129B2A72F881300
278X,O,FA52803E2628A212
278X,O,E6022594DB48E35B
278X,O,620E14F31DA31490
278X,O,09B4297CB90AF3EC
278X,O,97BB9CE7A058E809
278X,O,9FD6AAFA1318E3D9
278X,O,03A5552B84E8214B
278X,O,0B4807A5C0DAF24A
278X,O,40A8EA2850B0979B
278X,O,B943DBEE65B0B18F
278X,O,7019D5AE9C63EE72
278X,O,01642BC44DCFDB3C
278X,O,AA1572E26F6BCA34
278X,I,AA1572E26F6BCA34
278X,I,CA8554613AAA6C49
278X,I,AAB411C52D067AD1
278X,I,094D2EBC017EE61A
278X,I,E919C0B67C6ACF3F
278X,I,257A6E19DD7F156C
278X,I,28A57C043C111604
278X,I,F82CDE4D15A43CA3
278X,I,DEDD6247441C8C05
278X,I,81B719F7DC3F0FAD
278X,I,C8276DF869656712
278X,I,B8BE5BB47B33185B
278X,I,D67917549F3DC8A3
278X,I,6633B4885C8A3EE7
278X,I,CA9E9870D7B2FF36
278X,I,D0FB28B8EED62431
278X,I,C7120BD9A94B4F6A
278X,I,825199DC3BC0C5A3
278X,I,A8F178C255CF9783
278X,I,ADB9356BBF06F7C7
278X,I,8E3F5AE0A97053F9
278X,I,D876A83244ECB838
278X,I,81657B3B0CB3D4C0
279A,O,E057FE733052DDD7
279A,O,B28798C421AB2D6B
279A,O,B85E71E9AFF5B087
279A,O,D78B86AB419E84B3
279A,O,F81DACC5F39E6D53
279A,O,53966A66C3108F4C
279A,O,3ECEF3B735084236
279A,O,D127A33746CCDB16
279A,O,8AF7B7AE967EA97D
279A,O,7E50BA0974C3B983
279A,O,6E22023A7DF1B381
279A,O,A2882A0EE6B8AF9B
279B,O,E057FE733052DDD7
279B,O,B28798C421AB2D6B
279B,O,B85E71E9AFF5B087
279B,O,D78B86AB419E84B3
279B,O,F81DACC5F39E6D53
279B,O,53966A66C3108F4C
279B,O,189AC37A164008A6
279B,O,DC28E30AF099D339
279B,O,E6FB42A68818D9F4
279B,O,45A499CD3132E90A
279B,O,4E12586C551A48D3
279S,O,5C0F112F92069F2B
279S,O,1A37A52F97A04C81
279S,O,196A1E44C305C174
279S,O,13458794A52910B0
279S,O,67DFAB691BECE339
279S,O,6D016EBFA090D535
279S,O,04D3244DD2B38746
279S,O,59B81980AC8F7878
279S,O,1FEDF7B1A82A432A
279S,O,143D7489C808BD46
279S,O,F4FC91D18962C4D0
279S,O,624D05A1E7A5A045
279S,O,716E50EBD1CD72B4
279S,O,40339B0E8404A2B9
279S,O,A7E87E8D797D1A52
279S,O,132584D5CB2235BC
279S,O,A60AE774B09A5E44
279S,O,03D5CB9EBB6602B2
279S,O,C8276DF869656712
279S,O,777B5D8A34B8F690
279S,I,777B5D8A34B8F690
279S,I,0E61C7B5C90B8CAF
279S,I,CE2E93A0D850F21F
279S,I,8F3D9EAD0B849330
279S,I,7F8529494720703C
279S,I,6E22023A7DF1B381
279S,I,68DE9CB8E6AE046C
279S,I,D6E7412666B1175B
279S,I,AB87BD2749FFEACA
279S,I,43398296F1D1BD48
279S,I,65D1B50CC2E45985
279S,I,67F3E54FF145BA65
279S,I,F93448A5F1168FB1
279S,I,DFB7FD5832A4BA4E
279S,I,5C0F112F92069F2B
279X,O,E057FE733052DDD7
279X,O,B28798C421AB2D6B
279X,O,EDFAC4F35C0E51C7
279X,O,944EC71DD1731BE0
279X,O,EF78DD9F765C6565
279X,O,BFAE1E951D3B63EC
279X,O,C67060F448591E4F
279X,O,14BDB94A8F3ED3EC
279X,O,D0FB28B8EED62431
279X,O,C7120BD9A94B4F6A
279X,O,825199DC3BC0C5A3
279X,O,A8F178C255CF9783
279X,O,ADB9356BBF06F7C7
279X,O,8E3F5AE0A97053F9
279X,O,53966A66C3108F4C
279X,O,3ECEF3B735084236
279X,O,D127A33746CCDB16
279X,O,8AF7B7AE967EA97D
279X,O,7E50BA0974C3B983
279X,O,32EDA7D330FF6CA1
279X,O,6E22023A7DF1B381
279X,O,A2882A0EE6B8AF9B
279X,I,716E50EBD1CD72B4
279X,I,AFC36FC71B4E124E
279X,I,CA1C0FB0345F9675
279X,I,A5E559178C9F5182
279X,I,E55FA660A59AB64A
279X,I,E3B0A57678CFD140
279X,I,647CBF3FE0DF2FAE
279X,I,98EBAB9468C80DD2
279X,I,CA1317F5A0B8A8B2
279X,I,AFD29CB1A4F71AB9
279X,I,65ECD19EFD09FB74
279X,I,D67917549F3DC8A3
279X,I,6633B4885C8A3EE7
279X,I,0F3FA9B7D07A91F3
279X,I,C837C3C549793472
279X,I,2AC85D87661D5AF6
279X,I,BA995ECF3EFCA99E
279X,I,879A98CD29D9433F
279X,I,E057FE733052DDD7
280X,O,E9B13F8E482054DC
280X,O,A0BB7387E8F22C49
280X,O,401F11E257E35078
280X,O,59A591C17AEB1AF6
280X,O,C458B4A40BFCC4FF
280X,O,D92BEED0C736EF59
280X,O,4E56DD827C1F571A
280X,O,8F28FEF1946A7FE3
280X,O,3ABF1C6B0195D580
280X,O,480DB16994F8FFEE
280X,O,F3433105FE5F6865
280X,O,FB9FA7AAA17E9E9D
280X,O,FE56DD70DEDE0395
280X,O,D2217D7746597D10
280X,O,576538E1395C8508
280X,O,1E5EADCD9F424F07
280X,O,16B97B5AA485EE6A
280X,O,85B5527608A0F8A0
280X,O,12DE49878E7A4ED1
280X,O,D92BEED0C736EF59
280X,O,4E56DD827C1F571A
280X,O,8F28FEF1946A7FE3
280X,O,3ABF1C6B0195D580
280X,O,480DB16994F8FFEE
280X,O,F3433105FE5F6865
280X,O,FB9FA7AAA17E9E9D
280X,O,FE56DD70DEDE0395
280X,O,D2217D7746597D10
280X,O,576538E1395C8508
280X,O,1E5EADCD9F424F07
280X,I,1E5EADCD9F424F07
280X,I,9CAF2FDA35EEF9E2
280X,I,4A38244491180BF7
280X,I,5419928D472EAD8D
280X,I,36DD78B37B828DD8
280X,I,D7C7D86E923EEAE1
280X,I,16F899DA5289900D
280X,I,DD161A7AB0D39192
280X,I,3F21ED54F86D9B1D
280X,I,7EC5C567E35D2805
280X,I,61BA8F7170CDFFD5
280X,I,D137ADD65D333E0B
280X,I,437D60C455A624E6
280X,I,A23337DAF4A8B168
280X,I,72EE8A033E4260A3
280X,I,61A21B70C10E9722
280X,I,9056734C713A7A14
280X,I,DEAC83FBE72FE09C
280X,I,E9B13F8E482054DC
281,O,CEE44B3D4CC3E847
281,O,453ABA7E5B17D60A
281,O,B818259F753A3BE2
281,O,37081D4663FE178E
281,O,29A3E07CD93FD350
281,O,719A125609437E11
281,O,4E366AF78461E12D
281,O,A004B076CFBD733C
281,O,9D42555312E18AE9
281A,O,EAA44CDBC231DB8C
281A,O,75D57F5A5891A1C2
281A,O,03A546A0953794FA
281A,O,FF98F738E3D0FE6B
281A,O,913C39C617BFCECA
281A,O,9B908B19CE774219
281A,O,E7133179F5800E85
281A,O,DF9E89A391CAC245
281A,O,657E5836BC932790
281A,O,7A1C43F91CF8A6FC
281A,O,60F1DDDCB555E319
281A,O,F7CAA2D4FF9D61F7
281A,O,14F176D358D65A8B
281A,O,8E3A5C15E42020BB
281A,O,96442B84082D4DF5
281A,O,77BFE3A169866C7D
281A,O,56E5C65B4893D75C
281A,O,D6E03ECA84C07932
281A,O,452AD79BA74CF8F3
281A,O,6265ADC5B1D37D6C
281A,O,2EEB9CB69FB6A58D
281A,O,0CC0B21EFF42EE19
281A,O,9B45E50457274D2F
281A,I,9B45E50457274D2F
281A,I,31072508CEF942C6
281A,I,32947470F0E2275B
281A,I,B7A8F179CD71B22E
281A,I,4A38244491180BF7
281A,I,5419928D472EAD8D
281A,I,36DD78B37B828DD8
281A,I,D7C7D86E923EEAE1
281A,I,A76BB6FCB881AF5C
281A,I,0F4F935A9F14F111
281A,I,136480342AAF0BD2
281A,I,32CCEDBCC9EAAA9E
281A,I,2751781A6F757C5D
281A,I,6045969736940272
281A,I,38A53BACD13CD0C8
281A,I,A8C8FB27A0399D63
281A,I,C53A00F15DC2DB20
281A,I,48E5A1EED91712EE
281A,I,D099C45C9443AFC8
281A,I,ABFB3F43ECB908B2
281A,I,C1E9F8237EDBBAD2
281A,I,7F068ADB0659F04E
281A,I,779954C17EAF3B95
281A,I,CB0585244877B9B9
281A,I,69E4C417312C10C0
281A,I,C1E1199805BCC92D
281A,I,EAA44CDBC231DB8C
281B,O,E5421509D8FC00AF
281B,O,823E3EE2413E40E2
281B,O,E7133179F5800E85
281B,O,A401ECF82924D465
281B,O,3D5F8A471AE2AE99
281B,O,AB021611E13B83E5
281B,O,BF24F3D6A39D8D99
281B,O,4E366AF78461E12D
281B,O,F91B28AE855628AF
281B,O,674BF383CB19E1A3
281B,O,E34E3D48842C9B66
281B,O,DF9E89A391CAC245
281B,O,657E5836BC932790
281B,O,7A1C43F91CF8A6FC
281B,O,98FCC750B322B706
281B,O,BC294083A50B89DB
281B,O,38CBB6C76211934F
281B,O,F63C76EC97E38A91
281B,O,777ED0B1F3CF10DD
281B,O,96442B84082D4DF5
281B,O,508D99EBC9AB3A9B
281B,O,FE56DD70DEDE0395
281B,O,D2217D7746597D10
281B,O,576538E1395C8508
281B,O,68DF2B78CD2B9C76
281E,O,4A38244491180BF7
281E,O,5419928D472EAD8D
281E,O,36DD78B37B828DD8
281E,O,D7C7D86E923EEAE1
281E,O,A76BB6FCB881AF5C
281E,O,0F4F935A9F14F111
281E,O,7ADC6D521E6BECE6
281E,O,E02E10C9135624F9
281E,O,3B8B261C1DA409BD
281E,O,9DA7325E4238402B
281E,O,195C509959C6A799
281E,O,3F21ED54F86D9B1D
281E,O,BF72FF473A660C0E
281E,O,ABFB3F43ECB908B2
281E,O,C1E9F8237EDBBAD2
281E,O,7F068ADB0659F04E
281E,O,779954C17EAF3B95
281E,O,CB0585244877B9B9
281E,O,69E4C417312C10C0
281E,O,C1E1199805BCC92D
281E,O,EAA44CDBC231DB8C
281X,O,96B1EEEF3B7B29A0
281X,O,496BF5ECB5F376CB
281X,O,A07D2012213FC19D
281X,O,9E87D9D0191DACE9
281X,O,8019E4CBB686CD25
281X,O,ECE98AAA81373891
281X,O,BF4622C022F17E9D
281X,O,F508350699744D24
281X,O,34740DD5ABC36F12
281X,O,25E1BAE2C272ED4C
281X,O,E34E3D48842C9B66
281X,O,DF9E89A391CAC245
281X,O,657E5836BC932790
281X,O,7A1C43F91CF8A6FC
281X,O,98FCC750B322B706
281X,O,BC294083A50B89DB
281X,O,38CBB6C76211934F
281X,O,F63C76EC97E38A91
281X,O,777ED0B1F3CF10DD
281X,O,96442B84082D4DF5
281X,O,508D99EBC9AB3A9B
281X,O,FE56DD70DEDE0395
281X,O,D2217D7746597D10
281X,O,576538E1395C8508
281X,O,68DF2B78CD2B9C76
282,O,FED9D9183EFFF2F6
282,O,024D478CE8AC52F3
282,O,613ED01D077362A9
282,O,45001DA558E03CF0
282,O,B818259F753A3BE2
282,O,37081D4663FE178E
282,O,88AE674DD492F5CF
282,O,F139E189918C1F86
282,O,52B02EAC7AAB23C1
282,O,B6B1AB47AB07887F
282,O,302D398FDBA075F4
282,O,FED9D9183EFFF2F6
283,O,9CCAA319B4354EC6
283,O,F608A74B860B3C47
283,O,61CB41A4FE2AD8E5
283,O,363957ECE0924AC4
283,O,6DE243D2C36B9C6A
283,O,5C63A2B4F457D344
283,O,02D4D2C0C430EAD0
283,O,C8A9DAB5E9051324
283,O,924D67DD8AB7683D
283,O,E7BFF1027930CCCD
283,O,F2E381299EA74E3E
283,O,AF61AE97990B5C08
283,O,317D787EB897C4E8
283,O,302D398FDBA075F4
283,O,9CCAA319B4354EC6
284,O,6FE6F7EBD604054A
284,O,9179E2F718D0F436
284,O,EB0D8F8D1AF9DDDE
284,O,A67E402790581309
284,O,91481C9100917BA7
284,O,54275D88AD8679D4
284,O,1BA4DE8405BB97BB
284,O,0D56ED01EED431BC
284,O,6AE1163C3BD93D0E
284,O,548DAB3A4F71EB68
284,O,D242CDB564D5CCA2
284,O,6FE6F7EBD604054A
285,O,B50DB83AC82D3C44
285,O,A5A562A569DAF738
285,O,C458B4A40BFCC4FF
285,O,7421C8745B4EDF25
285,O,8EFA13840D1272E8
285,O,61BA8F7170CDFFD5
285,O,D137ADD65D333E0B
285,O,437D60C455A624E6
285,O,A23337DAF4A8B168
285,O,72EE8A033E4260A3
285,O,61A21B70C10E9722
285,O,B50DB83AC82D3C44
285A,O,B50DB83AC82D3C44
285A,O,C8F8183B3AFC9383
285A,O,032E4C7E0B1B7298
285A,O,61A21B70C10E9722
285A,O,B50DB83AC82D3C44
285A,I,C8F8183B3AFC9383
285A,I,032E4C7E0B1B7298
285A,I,61A21B70C10E9722
285A,I,B50DB83AC82D3C44
285A,I,C8F8183B3AFC9383
285A,I,C8F8183B3AFC9383
285A,I,032E4C7E0B1B7298
285A,I,61A21B70C10E9722
285A,I,B50DB83AC82D3C44
286A,O,196CE583CC4F8127
286A,O,2AB0EEF90EDC0378
286A,O,5C043109616B6292
286A,O,AF47DA55FCC27679
286A,O,48BA70BC6F7488CF
286A,O,4F25915A4BF459F9
286A,O,A004B076CFBD733C
286A,O,2A72F4041A7E6783
286A,O,480DB16994F8FFEE
286A,O,FD8181D7574BB373
286A,O,647AB0AD358F10DF
286A,O,CDB60E6F75A1D7EA
286A,O,D40C730A1930BABB
286A,O,26CEAEF7BD0F6F59
286A,O,242816965CAB8FE2
286A,O,E09CA927E9BF25C5
286A,O,524F66D9EBDACACD
286A,O,FE824F449F3D217F
286A,O,229C618DE131245A
286A,O,C49D1FFAEBDFE617
286A,O,BBC5D60D2FB827D2
286A,O,36EE1028F547488D
286A,O,094457650286AA67
286A,O,9CB216DC49F84CFA
286A,O,D198122830A4FDE3
286A,O,99EF4CA10B3E1F17
286A,O,B11E10F012C57433
286A,O,A66159E033DDEA04
286A,O,C92E80A5D7E0E8EC
286A,O,52B02EAC7AAB23C1
286A,O,3F6F5DC1DDA5F68E
286A,O,6CDAC4513AD44DB7
286A,O,196CE583CC4F8127
286C,O,B1A047E011F022D2
286C,O,042BAE34F58C8D01
286C,O,7333653B0F4B71BD
286C,O,CA7CE166F4E6677F
286C,O,842DC076B16BE3A2
286C,O,1F1A440137854ABF
286C,O,2021D186A889FA2E
286C,O,5A77AE8E12B13718
286C,O,34740DD5ABC36F12
286C,O,25E1BAE2C272ED4C
286C,O,578C11F0F4197509
286C,O,0ABE48106C953AC9
286C,O,480DB16994F8FFEE
286C,O,FD8181D7574BB373
286C,O,F1DE119543E382D9
286C,O,8EAD803DDD2C3BBA
286C,O,2035C91B61C6DFC0
286C,O,3A5C336CCB38A3FA
286C,O,8CE4B83B45F22F1F
286C,O,D81EA700D73BBEB0
286C,O,CC14CF9E8A163F34
286C,O,CC9AE3EF28E5725F
286C,O,9100CA704DC2D403
286C,I,9100CA704DC2D403
286C,I,1DE77C91B7ED381E
286C,I,7B3074F34B2D6D01
286C,I,98AB21EAFF27FE09
286C,I,099E9950742D6414
286C,I,1A85B99EDE6D01D8
286C,I,04FC6E130D4953F4
286C,I,EEBBD352B7F16E3F
286C,I,01E580BD435E9301
286C,I,B4F2BAAED2470D0A
286C,I,3F21ED54F86D9B1D
286C,I,BA4AAEE586402CD4
286C,I,91481C9100917BA7
286C,I,40829C12642639D4
286C,I,16A7F2C343AA6DE6
286C,I,4B0E21EDF07F9C83
286C,I,1CF4AE2F7045B848
286C,I,E27820FF0AF73D52
286C,I,1B4B4E62514B9043
286C,I,857F6F958A96DCDB
286C,I,46D02E1C1CD82C9A
286C,I,1E04D9D97DE148C2
286C,I,4B5F39DBC6671C81
286C,I,B1A047E011F022D2
286D,O,1D99BD02B9B45429
286D,O,496BF5ECB5F376CB
286D,O,A07D2012213FC19D
286D,O,8019E4CBB686CD25
286D,O,ECE98AAA81373891
286D,O,BF4622C022F17E9D
286D,O,34740DD5ABC36F12
286D,O,25E1BAE2C272ED4C
286D,O,9D9323892E6ACB20
286D,O,2223D64E9ED2E1A7
286D,O,03A546A0953794FA
286D,O,20B9196322225611
286D,O,480DB16994F8FFEE
286D,O,FD8181D7574BB373
286D,O,647AB0AD358F10DF
286D,O,8BCB786E1F1A2457
286D,O,8EAD803DDD2C3BBA
286D,O,2035C91B61C6DFC0
286D,O,3A5C336CCB38A3FA
286D,O,8CE4B83B45F22F1F
286D,O,0F4D809AED62F6E9
286D,I,099E9950742D6414
286D,I,1A85B99EDE6D01D8
286D,I,04FC6E130D4953F4
286D,I,EEBBD352B7F16E3F
286D,I,01E580BD435E9301
286D,I,B4F2BAAED2470D0A
286D,I,3F21ED54F86D9B1D
286D,I,BA4AAEE586402CD4
286D,I,CB0585244877B9B9
286D,I,02CF8D1FE31E9A09
286D,I,0035CDF15614428C
286D,I,16A7F2C343AA6DE6
286D,I,4B0E21EDF07F9C83
286D,I,1CF4AE2F7045B848
286D,I,0C44F4B0A1D12636
286D,I,1BD5318E1C647F83
286D,I,651489E8C0A626A1
286D,I,F489213E82621D3F
286D,I,31DA09E74ABD87CD
286D,I,B31E6B9D8E5B4493
286D,I,0D0D7E774E1C1575
286D,I,7005EE5654387B8A
286P,O,C8A9DAB5E9051324
286P,O,924D67DD8AB7683D
286P,O,E7BFF1027930CCCD
286P,O,6D76E141FB820044
286P,O,F2E381299EA74E3E
286P,O,1276AEF95F6564A2
286P,O,2A72F4041A7E6783
286P,O,480DB16994F8FFEE
286P,O,FD8181D7574BB373
286P,O,7B3074F34B2D6D01
286P,O,98AB21EAFF27FE09
286P,O,77B8325F08F1FFAA
286P,O,1A85B99EDE6D01D8
286P,O,04FC6E130D4953F4
286P,O,EEBBD352B7F16E3F
286P,O,4A1EEF2271FA16D3
286X,O,69BBC65EA7215C8F
286X,O,CA5AEC11C96BA678
286X,O,708513C4DCB8EE4E
286X,O,99D2D097C44A98D0
286X,O,AAECA769A84E2372
286X,O,A88D8F59960E3B4C
286X,O,BE58B5A4B0E76EF7
286X,O,AF03F8EECD52F273
286X,O,6D76E141FB820044
286X,O,F2E381299EA74E3E
286X,O,480DB16994F8FFEE
286X,O,FD8181D7574BB373
286X,O,7B3074F34B2D6D01
286X,O,98AB21EAFF27FE09
286X,O,C24D0D91E47E942E
286X,O,1A85B99EDE6D01D8
286X,O,04FC6E130D4953F4
286X,O,EEBBD352B7F16E3F
286X,O,4A1EEF2271FA16D3
286X,O,B4F2BAAED2470D0A
286X,O,3F21ED54F86D9B1D
286X,O,BA4AAEE586402CD4
286X,O,363957ECE0924AC4
286X,O,6DE243D2C36B9C6A
286X,O,5C63A2B4F457D344
286X,O,4654E57A8E9D32EB
286X,O,1276AEF95F6564A2
286X,O,BAE4DA32E5043726
286X,O,95C43FF4684FCADA
286X,O,C328F7ABDCD152DB
286X,O,5FB8DC89C84A7F2B
286X,O,1090DE5141A16845
286X,O,69BBC65EA7215C8F
286X,O,69BBC65EA7215C8F
286X,O,CA5AEC11C96BA678
286X,O,708513C4DCB8EE4E
286X,O,99D2D097C44A98D0
286X,O,AAECA769A84E2372
286X,O,A88D8F59960E3B4C
286X,O,BE58B5A4B0E76EF7
286X,O,480DB16994F8FFEE
286X,O,FD8181D7574BB373
286X,O,7B3074F34B2D6D01
286X,O,98AB21EAFF27FE09
286X,O,C24D0D91E47E942E
286X,O,1A85B99EDE6D01D8
286X,O,04FC6E130D4953F4
286X,O,EEBBD352B7F16E3F
286X,O,4A1EEF2271FA16D3
286X,O,B4F2BAAED2470D0A
286X,O,3F21ED54F86D9B1D
286X,O,BA4AAEE586402CD4
286X,O,363957ECE0924AC4
286X,O,6DE243D2C36B9C6A
286X,O,5C63A2B4F457D344
286X,O,4654E57A8E9D32EB
286X,O,1276AEF95F6564A2
286X,O,BAE4DA32E5043726
286X,O,95C43FF4684FCADA
286X,O,C328F7ABDCD152DB
286X,O,5FB8DC89C84A7F2B
286X,O,1090DE5141A16845
286X,O,69BBC65EA7215C8F
287,O,A4384F66C9DD2BDE
287,O,E27820FF0AF73D52
287,O,0209A3C455B1DBE9
287,O,507E8F5167002BC5
287,O,A235DF28053F60FE
287,O,A90443FD0C19C4B1
287,O,2C5CA5F47FB6EB3F
287,O,6B775855F6FB16D9
287,O,40C9465E380F04C5
287,O,C67E139743E66D71
287,O,8AD4B244D6A50BDB
287,O,81D05719EDB6070E
287,I,81D05719EDB6070E
287,I,79B88295548184C1
287,I,9CEC1F1000AFE806
287,I,5D86C919F15C0611
287,I,F63D25B428F1C1D9
287,I,8337F935242C5CC3
287,I,0D4E07F475845DB3
287,I,B071B60F5566934B
287,I,E2602DD1C8EA1AC8
287,I,664BAA2EA12B80B1
287,I,A4384F66C9DD2BDE
287D,O,2802E2DEE1D48B51
287D,O,FE2815CBCD21C57C
287D,O,F2508598F5A43655
287D,O,3313287185163530
287D,O,8E8DB91C885F1230
287D,O,4A38244491180BF7
287D,O,5419928D472EAD8D
287D,O,357B7D41501CDACA
287D,O,D7C7D86E923EEAE1
287D,O,A76BB6FCB881AF5C
287D,O,0F4F935A9F14F111
287D,O,7ADC6D521E6BECE6
287D,O,E02E10C9135624F9
287D,O,3F21ED54F86D9B1D
287D,O,BA4AAEE586402CD4
287D,O,91481C9100917BA7
287D,O,40829C12642639D4
287D,O,16A7F2C343AA6DE6
287D,O,4B0E21EDF07F9C83
287D,O,1CF4AE2F7045B848
287D,O,305B120AF37FE8BD
287D,O,CB667DC000F66D40
287D,O,5E073AD8BC9F2AC8
287D,O,B31E6B9D8E5B4493
287D,O,3A450B5AD5AF1605
287D,O,0E2175C0750054FE
287D,O,0D4E07F475845DB3
287D,O,8CFD0DAAA2D9B47E
287P,O,81E82A4D2A0D9BD3
287P,O,38CCA601583A5C55
287P,O,6953AEF8B3921959
287P,O,149ADEC589550041
287P,O,48BA70BC6F7488CF
287P,O,4E366AF78461E12D
287P,O,A004B076CFBD733C
287P,O,2A72F4041A7E6783
287P,O,480DB16994F8FFEE
287P,O,F3433105FE5F6865
287P,O,5A0D9C9441ED6AC5
287P,O,9BF9C994F2DAE15D
287P,O,B76B249D3D253008
287P,O,3F34A16B40CB1C7F
287P,O,14DDE929D10FE4B7
287P,O,C2685779C6B11E87
287P,O,E93113C9CA615B0C
287P,O,9DDE74BD2D803D9C
287X,O,81E82A4D2A0D9BD3
287X,O,38CCA601583A5C55
287X,O,5E75DC46C55ED246
287X,O,6953AEF8B3921959
287X,O,149ADEC589550041
287X,O,48BA70BC6F7488CF
287X,O,4E366AF78461E12D
287X,O,A004B076CFBD733C
287X,O,2A72F4041A7E6783
287X,O,480DB16994F8FFEE
287X,O,F3433105FE5F6865
287X,O,C91C122CFC3FF66B
287X,O,DF10BE627F25E7DD
287X,O,D7C7D86E923EEAE1
287X,O,A76BB6FCB881AF5C
287X,O,3B7368AAB82CC612
287X,O,7ADC6D521E6BECE6
287X,O,E02E10C9135624F9
287X,O,145515B1D2C60CAF
287X,O,DBF574C877BF4AC5
287X,O,3B8B261C1DA409BD
287X,O,9DA7325E4238402B
287X,O,195C509959C6A799
287X,O,3F21ED54F86D9B1D
287X,O,BF72FF473A660C0E
287X,O,A66159E033DDEA04
287X,O,C92E80A5D7E0E8EC
287X,O,07ADFF84F3502690
287X,O,3F6F5DC1DDA5F68E
287X,O,66B8F73D3F4E91C9
287X,O,8EE5AC5D519C140E
287X,O,81E82A4D2A0D9BD3
288,O,C8649AADD889000A
288,O,25B5D45256839700
288,O,F99B2D48663A322E
288,O,9879DF2CF2B69838
288,O,38CCA601583A5C55
288,O,6AEE9093F4E070AD
288,O,6953AEF8B3921959
288,O,36A84C685395B7C9
288,O,024D478CE8AC52F3
288,O,613ED01D077362A9
288,O,66B8F73D3F4E91C9
288,O,8EE5AC5D519C140E
288,O,944A9ADFCA286511
288,O,5221837D08C7B586
288,O,C8649AADD889000A
288A,O,9879DF2CF2B69838
288A,O,38CCA601583A5C55
288A,O,6AEE9093F4E070AD
288A,O,6953AEF8B3921959
288A,O,36A84C685395B7C9
288B,O,9879DF2CF2B69838
288B,O,5221837D08C7B586
288B,O,F99B2D48663A322E
288B,O,38CCA601583A5C55
288B,O,6953AEF8B3921959
288B,O,537168ECCA2CE578
288B,O,A23337DAF4A8B168
288B,O,72EE8A033E4260A3
288B,O,61A21B70C10E9722
288B,O,1772336D72B10178
288B,I,1772336D72B10178
288B,I,A5A562A569DAF738
288B,I,C458B4A40BFCC4FF
288B,I,7421C8745B4EDF25
288B,I,8EFA13840D1272E8
288B,I,19521C0A1CA93C52
288B,I,66B8F73D3F4E91C9
288B,I,8EE5AC5D519C140E
288B,I,5221837D08C7B586
288B,I,F99B2D48663A322E
288B,I,9879DF2CF2B69838
288C,O,9879DF2CF2B69838
288C,O,5221837D08C7B586
288C,O,F99B2D48663A322E
288C,O,38CCA601583A5C55
288C,O,5C043109616B6292
288C,O,61CB41A4FE2AD8E5
288C,O,924D67DD8AB7683D
288C,O,E7BFF1027930CCCD
288C,O,4654E57A8E9D32EB
288C,O,1276AEF95F6564A2
288C,O,2A72F4041A7E6783
288C,O,9C117FB6B6590825
288C,O,5FB8DC89C84A7F2B
288C,O,04C4E5AE4F8F21E1
288C,O,1090DE5141A16845
288D,O,4E7624E310A2FF44
288D,O,1BA4DE8405BB97BB
288D,O,0D56ED01EED431BC
288D,O,ABFB3F43ECB908B2
288D,O,C1E9F8237EDBBAD2
288D,O,7F068ADB0659F04E
288D,O,779954C17EAF3B95
288D,O,CB0585244877B9B9
288D,O,69E4C417312C10C0
288D,O,C1E1199805BCC92D
288D,O,D18861DD66E59F95
288D,O,260B43921BAFD8CB
288D,O,BCEEE192EF01C361
288D,O,3F01C915E856B018
288D,O,6282A73360ACEBEA
288D,O,ECB8FB3328B3E1F5
288D,O,3229F37E6637B0ED
289K,O,888C8A612C998895
289K,O,25FB047753EFD115
289K,O,D9328F386A03DC36
289K,O,6E89147F6697E490
289K,O,2CC81AE9D0A0E668
289K,O,9EAC85DD5495DB6F
289K,O,0C44F4B0A1D12636
289K,O,1BD5318E1C647F83
289K,O,651489E8C0A626A1
289K,O,888C8A612C998895
289K,O,9EAC85DD5495DB6F
289K,O,0C44F4B0A1D12636
289K,O,1BD5318E1C647F83
289K,O,651489E8C0A626A1
289K,O,888C8A612C998895
289R,O,3205DE941791278B
289R,O,1040AA766D0DB84C
289R,O,BFC0A1921CA33C81
289R,O,A64F6538E1268CC3
289R,O,306DC39C5CBB92C0
289R,O,B80A79B7912E6D09
289R,O,6805F8627A766EF8
289R,O,C766BAF78DB22FAF
289R,O,B55F9DEA23CBB199
289R,O,91A28A7727443F66
289R,O,95CD775905DD716E
289R,O,2219232721C0C943
289R,O,E76FB4990070588B
289R,O,426AA29947520120
289R,O,81C7BD9D6BD4D8DE
289R,O,5C57D7225C2FB032
289R,O,4FF96DAA5FCBE1B6
289R,O,B8D8C35525C57762
289R,O,B959226950B0DEA7
289R,O,81C38CE0FA77CBCF
289R,O,3EC8AF0246E94A09
289R,O,48CD670CA33290B3
289R,O,326A0C5D99374762
289R,O,773C9D3BB95AACC6
289R,O,6BA43C06A9AD502A
289R,O,742EB6200E03493B
289R,O,B2A9D7F90A56F6EA
289R,O,273C1BD825293576
289R,O,79B88295548184C1
289R,O,9CEC1F1000AFE806
289R,O,5D86C919F15C0611
289R,O,F63D25B428F1C1D9
289R,O,0D56ED01EED431BC
289R,O,6AE1163C3BD93D0E
289R,O,548DAB3A4F71EB68
289R,O,D242CDB564D5CCA2
289R,O,84BAF05C529889BB
289R,I,84BAF05C529889BB
289R,I,EB0D8F8D1AF9DDDE
289R,I,A67E402790581309
289R,I,91481C9100917BA7
289R,I,8ECFB7DFFC0023DA
289R,I,2C5CA5F47FB6EB3F
289R,I,6B775855F6FB16D9
289R,I,40C9465E380F04C5
289R,I,C67E139743E66D71
289R,I,704C764F674E500D
289R,I,58BC7AA90028AAD9
289R,I,8249FC875132E1FA
289R,I,92680F8CE20F8FDB
289R,I,46E8837F566582D2
289R,I,94BA9F1C0A85C1B3
289R,I,16A08A7452834C0F
289R,I,888D5E0DD7261BB3
289R,I,75358B7A7E41D54F
289R,I,1AC99205549D9CA4
289R,I,ECD8A10AED25716B
289R,I,8A3D0A578A596A45
289R,I,9613EF6328D55165
289R,I,D77E7D97EC99B790
289R,I,F05A07492FBBAB3F
289R,I,669C12C26A3CFFB4
289R,I,BBD78E81CC1B113E
289R,I,91A28A7727443F66
289R,I,0C26CF86A5A5F25A
289R,I,283974C155DD05B8
289R,I,0A5D47D2E5823024
289R,I,5121D0898DB67DCE
289R,I,F9BB905E5D2421BA
289R,I,8A016979FDDCE501
289R,I,2D6EFC20FC4DE105
289R,I,7263D9DB43BD3332
289R,I,57A4742358B804D4
289R,I,F2ADAE66B5249736
289R,I,3205DE941791278B
290,O,D9AAA33F19B8E45A
290,O,AF2DB48410CC6EC3
290,O,7E035AF141396291
290,O,D5E1A3D34328F867
290,O,1FAA805BF1635668
290,O,3047EC57E5BC5FA6
290,O,AC7D60B1E5251638
290,O,45852CCBB75F4A68
290,O,68799FD9ECBF50B1
290,O,4A84482F3A54E4CC
290,O,70A7D4C9EDA6D50A
290,O,EA2CFF27310EAEC3
290,O,58611212645F0AB1
290,O,29B66F2353388E18
290,O,58584BC1AC41723C
290,O,62A1C8EFAC876BDB
290,O,29A62A8FE112766B
290,O,9751EE79B103C9B8
290,O,246ECB0F3B94855D
290,O,D17DA49D5EFC6DD4
290,O,ABA04608DBB7C351
290,O,40A8EA2850B0979B
290,O,B943DBEE65B0B18F
290,O,5AF593F7A11180E2
290,O,92A8281D80524F78
290,O,716D84D1B7EA256E
290,I,F775411CAE162A5A
290,I,060A70079F196C7C
290,I,1F934873940D1F49
290,I,C9E264A3F9D4CEB3
290,I,558D298696B57A4D
290,I,364529AB163D8609
290,I,9217F5E1950F12BF
290,I,F1934936E2AB96E4
290,I,D8828243CCA293B4
290,I,D198122830A4FDE3
290,I,99EF4CA10B3E1F17
290,I,9FD865B00B2D54A1
290,I,64CE8117895E8FAD
290,I,29740CCBBD82FC33
290,I,466BC4C1908A1A06
290,I,2FFC93C766E566B5
290,I,F5A61D37E2DDA9D8
290,I,31079A9B244C679B
290,I,ABC15E2110BF7A49
290,I,BC66863007C0592B
290,I,3366C1DC458401B3
290,I,B64E0F355A9F4223
290,I,FC42DCBDC3AB0B6F
290,I,22E2678081E88368
290,I,7613538D58A9C452
290,I,336FF66D1F0AC4A0
290,I,D732B7AE560F7326
290,I,99A3DFDBDF41F0E9
290,I,D9AAA33F19B8E45A
290A,O,21AD38E162AE7E57
290A,O,9D208FE6B2CFD450
290A,O,20FDDA894D722F88
290A,O,6C3F6AF77695CAE9
290A,O,7E035AF141396291
290A,O,D5E1A3D34328F867
290A,O,1FAA805BF1635668
290A,O,3047EC57E5BC5FA6
290A,O,AC7D60B1E5251638
290A,O,45852CCBB75F4A68
290A,O,68799FD9ECBF50B1
290A,O,4A84482F3A54E4CC
290A,O,70A7D4C9EDA6D50A
290A,O,EA2CFF27310EAEC3
290A,O,93084A14AE624C6F
290A,O,D17050E8964504BB
290A,O,04DDF4F7F1C74876
290A,O,BF08F9C08BB54A2B
290A,O,3ABDE54448D1E059
290A,O,2CFCDB6EA2892637
290A,O,616FE33CD20DB62E
290A,O,CEFFBCE5203D152B
290A,O,8571BCC3A3E4006E
290A,O,D9896F1A5B7C97C0
290A,O,58611212645F0AB1
290A,O,29B66F2353388E18
290A,O,58584BC1AC41723C
290A,O,62A1C8EFAC876BDB
290A,O,65842E04BFE99758
290A,O,29A62A8FE112766B
290A,O,9751EE79B103C9B8
290A,O,246ECB0F3B94855D
290A,O,D17DA49D5EFC6DD4
290A,O,ABA04608DBB7C351
290A,O,40A8EA2850B0979B
290A,O,B943DBEE65B0B18F
290A,O,5AF593F7A11180E2
290A,O,92A8281D80524F78
290A,O,716D84D1B7EA256E
290A,O,B222F08B5E956350
290A,O,D17050E8964504BB
290A,O,04DDF4F7F1C74876
290A,O,BF08F9C08BB54A2B
290A,O,3ABDE54448D1E059
290A,O,2CFCDB6EA2892637
290A,O,616FE33CD20DB62E
290A,O,CEFFBCE5203D152B
290A,O,8571BCC3A3E4006E
290A,O,D9896F1A5B7C97C0
290A,O,58611212645F0AB1
290A,O,29B66F2353388E18
290A,O,58584BC1AC41723C
290A,O,62A1C8EFAC876BDB
290A,O,65842E04BFE99758
290A,O,29A62A8FE112766B
290A,O,9751EE79B103C9B8
290A,O,246ECB0F3B94855D
290A,O,D17DA49D5EFC6DD4
290A,O,ABA04608DBB7C351
290A,O,40A8EA2850B0979B
290A,O,B943DBEE65B0B18F
290A,O,5AF593F7A11180E2
290A,O,92A8281D80524F78
290A,O,716D84D1B7EA256E
290A,I,F775411CAE162A5A
290A,I,060A70079F196C7C
290A,I,1F934873940D1F49
290A,I,C9E264A3F9D4CEB3
290A,I,558D298696B57A4D
290A,I,364529AB163D8609
290A,I,9217F5E1950F12BF
290A,I,F1934936E2AB96E4
290A,I,D8828243CCA293B4
290A,I,D198122830A4FDE3
290A,I,99EF4CA10B3E1F17
290A,I,C847B9021C407731
290A,I,9FD865B00B2D54A1
290A,I,64CE8117895E8FAD
290A,I,29740CCBBD82FC33
290A,I,B932B24E7F3C5677
290A,I,A0AB9A2B2D648FF5
290A,I,484F835517494767
290A,I,E308599CF719FE37
290A,I,4A14A012710E80B1
290A,I,25D24692B2A312FB
290A,I,6F106FD26B684372
290A,I,D83C4CC1305E35E9
290A,I,466BC4C1908A1A06
290A,I,2FFC93C766E566B5
290A,I,F5A61D37E2DDA9D8
290A,I,31079A9B244C679B
290A,I,ABC15E2110BF7A49
290A,I,932D83E09BF6ADE6
290A,I,3366C1DC458401B3
290A,I,B64E0F355A9F4223
290A,I,FC42DCBDC3AB0B6F
290A,I,22E2678081E88368
290A,I,7613538D58A9C452
290A,I,336FF66D1F0AC4A0
290A,I,54FCA9F5D8F3587E
290A,I,711927A9FAEF1158
290A,I,F09FF6C6349030C6
290A,I,D13C7436B13B4A4B
290A,I,EC9467FAB4EC7203
290A,I,21AD38E162AE7E57
290E,O,27EF80951F8ED49E
290E,O,155312688CBEC518
290E,O,ECF82695F45C45F4
290E,O,171EF748C9B50837
290E,O,55014014633B8CD4
290E,O,07142A6203E50A47
290E,O,E92E009DE3307F85
290E,O,E51AC47DDDA21250
290E,O,F3209DBC2E7E5C1A
290E,O,C84AACEDCAE2FCF2
290E,O,0A1D83D50B49933D
290E,O,38A37564B3F3CACF
290E,O,711927A9FAEF1158
290E,O,C9EA7B56F1197D16
290E,O,A1C5849926BE3289
290E,O,E721A2E3853D636D
290E,O,81C1875EBC7FD3E4
290E,O,FDB6E3CC223991D1
290E,O,58584BC1AC41723C
290E,O,62A1C8EFAC876BDB
290E,O,29A62A8FE112766B
290E,O,9751EE79B103C9B8
290E,O,246ECB0F3B94855D
290E,O,D17DA49D5EFC6DD4
290E,O,ABA04608DBB7C351
290E,O,40A8EA2850B0979B
290E,O,B943DBEE65B0B18F
290E,O,5AF593F7A11180E2
290E,O,92A8281D80524F78
290E,O,716D84D1B7EA256E
290E,I,EDD3C420910A50CA
290E,I,060A70079F196C7C
290E,I,1F934873940D1F49
290E,I,C9E264A3F9D4CEB3
290E,I,558D298696B57A4D
290E,I,364529AB163D8609
290E,I,9217F5E1950F12BF
290E,I,F1934936E2AB96E4
290E,I,3E8426FA1832BA50
290E,I,7420DF52F1B42C9F
290E,I,D198122830A4FDE3
290E,I,99EF4CA10B3E1F17
290E,I,9FD865B00B2D54A1
290E,I,68B207DDC9A182AB
290E,I,41E95E283D770EF7
290E,I,F282012BBB2865E5
290E,I,B550EC84B77440F8
290E,I,20FDDA894D722F88
290E,I,4E7C1C7F6D191BCB
290E,I,AF478C0CC2D57D22
290E,I,BED3E96AAC2B3B3D
290E,I,815BC43527FD9247
290E,I,FC56A42F8EF929FA
290E,I,B3F2EC8E42FA3184
290E,I,2307DECBF51E9D7F
290E,I,13B87ED5725EE00D
290E,I,4A195F954ACD67C5
290E,I,27EF80951F8ED49E
290X,O,E51AC47DDDA21250
290X,O,B3F2EC8E42FA3184
290X,O,07142A6203E50A47
290X,O,E92E009DE3307F85
290X,O,0A1D83D50B49933D
290X,O,38A37564B3F3CACF
290X,O,711927A9FAEF1158
290X,O,C9EA7B56F1197D16
290X,O,A1C5849926BE3289
290X,O,26F23B1B4A5AB703
290X,O,1EF9F54185151A2F
290X,O,9D208FE6B2CFD450
290X,O,D0B1FC246C384949
290X,O,45852CCBB75F4A68
290X,O,68799FD9ECBF50B1
290X,O,4A84482F3A54E4CC
290X,O,70A7D4C9EDA6D50A
290X,O,97BEC62C0E27AB8A
290X,O,389B25932AD10BA3
290X,O,E7FFA1939B4F8EB6
290X,O,58611212645F0AB1
290X,O,29B66F2353388E18
290X,O,58584BC1AC41723C
290X,O,62A1C8EFAC876BDB
290X,O,29A62A8FE112766B
290X,O,9751EE79B103C9B8
290X,O,246ECB0F3B94855D
290X,O,D17DA49D5EFC6DD4
290X,O,ABA04608DBB7C351
290X,O,40A8EA2850B0979B
290X,O,B943DBEE65B0B18F
290X,O,5AF593F7A11180E2
290X,O,92A8281D80524F78
290X,O,716D84D1B7EA256E
290X,O,26F23B1B4A5AB703
290X,O,1EF9F54185151A2F
290X,O,9D208FE6B2CFD450
290X,O,D0B1FC246C384949
290X,O,45852CCBB75F4A68
290X,O,68799FD9ECBF50B1
290X,O,4A84482F3A54E4CC
290X,O,70A7D4C9EDA6D50A
290X,O,97BEC62C0E27AB8A
290X,O,389B25932AD10BA3
290X,O,E7FFA1939B4F8EB6
290X,O,58611212645F0AB1
290X,O,29B66F2353388E18
290X,O,58584BC1AC41723C
290X,O,62A1C8EFAC876BDB
290X,O,29A62A8FE112766B
290X,O,9751EE79B103C9B8
290X,O,246ECB0F3B94855D
290X,O,D17DA49D5EFC6DD4
290X,O,ABA04608DBB7C351
290X,O,40A8EA2850B0979B
290X,O,B943DBEE65B0B18F
290X,O,5AF593F7A11180E2
290X,O,92A8281D80524F78
290X,O,716D84D1B7EA256E
290X,O,E51AC47DDDA21250
290X,O,B3F2EC8E42FA3184
290X,O,07142A6203E50A47
290X,O,E92E009DE3307F85
290X,O,CC2353289CD0EE66
290X,O,C84AACEDCAE2FCF2
290X,O,0A1D83D50B49933D
290X,O,38A37564B3F3CACF
290X,O,711927A9FAEF1158
290X,O,C9EA7B56F1197D16
290X,O,A1C5849926BE3289
290X,O,26F23B1B4A5AB703
290X,O,1EF9F54185151A2F
290X,O,9D208FE6B2CFD450
290X,O,D0B1FC246C384949
290X,O,45852CCBB75F4A68
290X,O,68799FD9ECBF50B1
290X,O,4A84482F3A54E4CC
290X,O,70A7D4C9EDA6D50A
290X,O,97BEC62C0E27AB8A
290X,O,389B25932AD10BA3
290X,O,E7FFA1939B4F8EB6
290X,O,58611212645F0AB1
290X,O,29B66F2353388E18
290X,O,58584BC1AC41723C
290X,O,62A1C8EFAC876BDB
290X,O,29A62A8FE112766B
290X,O,9751EE79B103C9B8
290X,O,246ECB0F3B94855D
290X,O,D17DA49D5EFC6DD4
290X,O,ABA04608DBB7C351
290X,O,40A8EA2850B0979B
290X,O,B943DBEE65B0B18F
290X,O,5AF593F7A11180E2
290X,O,92A8281D80524F78
290X,O,716D84D1B7EA256E
290X,I,EDD3C420910A50CA
290X,I,060A70079F196C7C
290X,I,1F934873940D1F49
290X,I,C9E264A3F9D4CEB3
290X,I,558D298696B57A4D
290X,I,364529AB163D8609
290X,I,9217F5E1950F12BF
290X,I,F1934936E2AB96E4
290X,I,D8828243CCA293B4
290X,I,D198122830A4FDE3
290X,I,99EF4CA10B3E1F17
290X,I,9FD865B00B2D54A1
290X,I,64CE8117895E8FAD
290X,I,29740CCBBD82FC33
290X,I,AC5FA3C58493A4ED
290X,I,057B2DCE8BE58FFA
290X,I,4A91A327C9FC745E
290X,I,2FFC93C766E566B5
290X,I,F5A61D37E2DDA9D8
290X,I,31079A9B244C679B
290X,I,ABC15E2110BF7A49
290X,I,932D83E09BF6ADE6
290X,I,3366C1DC458401B3
290X,I,4D30DF225016CBB0
290X,I,12B9E30ED892A35A
290X,I,D13C7436B13B4A4B
290X,I,EC9467FAB4EC7203
290X,I,4E279C21A109E9E3
290X,I,F282012BBB2865E5
290X,I,B550EC84B77440F8
290X,I,20FDDA894D722F88
290X,I,4E7C1C7F6D191BCB
290X,I,815BC43527FD9247
290X,I,B3F2EC8E42FA3184
290X,I,2307DECBF51E9D7F
290X,I,B75CD6E70417E21B
290X,I,471442D7E30D26EB
290X,I,E51AC47DDDA21250
290X,I,EDD3C420910A50CA
290X,I,060A70079F196C7C
290X,I,1F934873940D1F49
290X,I,C9E264A3F9D4CEB3
290X,I,558D298696B57A4D
290X,I,364529AB163D8609
290X,I,9217F5E1950F12BF
290X,I,F1934936E2AB96E4
290X,I,D8828243CCA293B4
290X,I,D198122830A4FDE3
290X,I,99EF4CA10B3E1F17
290X,I,9FD865B00B2D54A1
290X,I,64CE8117895E8FAD
290X,I,29740CCBBD82FC33
290X,I,AC5FA3C58493A4ED
290X,I,057B2DCE8BE58FFA
290X,I,4A91A327C9FC745E
290X,I,2FFC93C766E566B5
290X,I,F5A61D37E2DDA9D8
290X,I,31079A9B244C679B
290X,I,ABC15E2110BF7A49
290X,I,932D83E09BF6ADE6
290X,I,3366C1DC458401B3
290X,I,4D30DF225016CBB0
290X,I,12B9E30ED892A35A
290X,I,D13C7436B13B4A4B
290X,I,EC9467FAB4EC7203
290X,I,4E279C21A109E9E3
290X,I,F282012BBB2865E5
290X,I,B550EC84B77440F8
290X,I,20FDDA894D722F88
290X,I,4E7C1C7F6D191BCB
290X,I,AF478C0CC2D57D22
290X,I,BED3E96AAC2B3B3D
290X,I,815BC43527FD9247
290X,I,B3F2EC8E42FA3184
290X,I,2307DECBF51E9D7F
290X,I,B75CD6E70417E21B
290X,I,471442D7E30D26EB
290X,I,E51AC47DDDA21250
291P,O,E9018F8A7E096544
291P,O,A79D111EB948F013
291P,O,298847E9FCC94FD9
291P,O,86DF43320DF0F596
291P,O,36F2D783428B6307
291P,O,EBA1C02EA9906C96
291P,O,47B8E78BAB4FEB5D
291P,O,0BE9DE9BA299E126
291P,O,4D55F6240E2AAFB8
291P,O,3BA9C90738A8600D
291P,O,5D77A5CBE41F2984
291P,O,300D1812E3A085C3
291P,O,9B1BE296C2AC5F97
292P,O,7A79D102443D6822
292P,O,60E02B7ACBBB80E8
292P,O,3CF260D7083B411D
292P,O,9458BE33A2B7B934
292P,O,CB4F0A350A26D033
292P,O,1741D103CB826E93
292P,O,4823D6EFB3722E64
292P,O,5089C69E080B7A43
292P,O,1CEB9D13E7279ADA
292P,O,23DC6B90DC9515D9
292P,O,E4C26E79F0D6DC5E
292P,O,0572B9F0B640DB10
292P,O,F93E38FD194A9C6C
292P,O,BE81792B3E788D41
292P,O,E03DE379E28F63D8
292P,O,B563C75938584FDA
292P,O,86DF43320DF0F596
292P,O,36F2D783428B6307
292P,O,EBA1C02EA9906C96
292P,O,47B8E78BAB4FEB5D
292P,O,0BE9DE9BA299E126
292P,O,4D55F6240E2AAFB8
292P,O,C58FCEE9339E5319
292P,O,1EF5FAB9266BD6C8
292P,O,54733D2BB5BE7121
292P,O,D9B53E4B3A192940
292P,O,BC7C325EE59235E4
292P,O,426029D3D8AE6E40
292P,O,9A0959AB68FA5E1F
292P,O,94358F5481BAE505
292P,O,07521BB848913F74
292P,O,0644E10571B8CA12
293S,O,6C3F6AF77695CAE9
293S,O,43C8B0C86DE8805D
293S,O,ECD84D5B8C52642B
293S,O,1FAA805BF1635668
293S,O,9D8BB8FABEAF218A
293S,O,AC7D60B1E5251638
293S,O,45852CCBB75F4A68
293S,O,5F1FC8AAD0B020D7
293S,O,4A84482F3A54E4CC
293S,O,5D034EAC6A8853A3
293S,O,70A7D4C9EDA6D50A
293S,O,EA2CFF27310EAEC3
293S,O,824D0847BAAD9128
293S,O,D1AAD1771F3FA9A0
293S,O,C80FB453C9F53569
293S,O,67727D444E2EC42B
293S,O,A90CDCBFC07EDF86
293S,O,774D2D2447DEA064
293S,O,A5C65B0A68257CF1
293S,O,99256D08CF861BA5
293S,O,D0A763AFCDE36124
293S,O,E6ED785726AED4AE
293S,O,15FCDE0753176016
293S,O,098AF67CBBB9FBA9
293S,O,04FC6E130D4953F4
293S,O,EEBBD352B7F16E3F
293S,O,6188A6666E298598
293S,O,16F732FAF7057965
293S,I,16F732FAF7057965
293S,I,F01F8CF411A34AA7
293S,I,8EAD803DDD2C3BBA
293S,I,2035C91B61C6DFC0
293S,I,3A5C336CCB38A3FA
293S,I,789384E5DC5AF7A9
293S,I,0F4D809AED62F6E9
293S,I,833DE523F16B97C3
293S,I,A70DCB46EC98F43E
293S,I,7B98BAE3D93817AC
293S,I,A9C847312AE9E37A
293S,I,4884DCF89AD7BA6A
293S,I,6965D1D655C2DD5F
293S,I,E99D3F96A9F7B5EB
293S,I,A0EFE3E68568F194
293S,I,1FBAAE29AF1CA50E
293S,I,466BC4C1908A1A06
293S,I,2FFC93C766E566B5
293S,I,F5A61D37E2DDA9D8
293S,I,31079A9B244C679B
293S,I,ABC15E2110BF7A49
293S,I,BC66863007C0592B
293S,I,3366C1DC458401B3
293S,I,B64E0F355A9F4223
293S,I,FC42DCBDC3AB0B6F
293S,I,22E2678081E88368
293S,I,7613538D58A9C452
293S,I,336FF66D1F0AC4A0
293S,I,54FCA9F5D8F3587E
296A,O,403881982F9E7209
296A,O,AB5CF1D729028A16
296A,O,E0BAA3364D0CE860
296A,O,8BAB6AA783EE0508
296A,O,C057639478BE0168
296A,O,14CF94DF66FCD0C8
296A,O,2A5B424322D35B0A
296A,O,ED8812E232F6958A
296A,O,9ACC26CD04287102
296A,O,4E62491AA640A5EB
296A,O,403881982F9E7209
296C,O,5527FF8CC85CF139
296C,O,D13C7436B13B4A4B
296C,O,E0BAA3364D0CE860
296C,O,015AD27DAC83E698
296C,O,BBDFF2D05E37EE61
296C,O,52AE04E9C3E77BE1
296C,O,8570495BD7C63C02
296C,O,0A87C29A2B460C96
296C,O,ED5554C57CF0061C
296C,O,4D9419874306D82F
296C,O,D625B0997C3DBCFE
296C,O,D7EDDEA5A942843B
296C,O,A7F679945ED1DB31
296C,O,300D1812E3A085C3
296C,O,A5C65B0A68257CF1
296C,O,99256D08CF861BA5
296C,O,D0A763AFCDE36124
296C,O,E6ED785726AED4AE
296C,O,15FCDE0753176016
296C,O,098AF67CBBB9FBA9
296C,O,E3B464760B6ADF30
296C,O,C91F41CD18797652
296C,O,2D30B4FAF44D2398
296C,O,77CDA845262FB8CF
296C,O,2FE12E7B84CB20D4
296C,O,6571D5C2A2184B8D
296C,I,6571D5C2A2184B8D
296C,I,F8A31970F2A8E25C
296C,I,2FE12E7B84CB20D4
296C,I,1BD82E4312536F0C
296C,I,1E88575F644EF7D4
296C,I,ADA4B4F4B604885B
296C,I,9364661BEAC5B8D0
296C,I,8D386F5D210C3439
296C,I,2F4939964761E1FF
296C,I,1030A4E612B75901
296C,I,DE27CD3EB0AF43D8
296C,I,D01D18C6EB79F84B
296C,I,B0DDF2CD704116C8
296C,I,6C1DEF32B8CB92C4
296C,I,B5AF3107F64607ED
296C,I,448C1B8AECA89A6E
296C,I,A0EFE3E68568F194
296C,I,0C063E408709A8D3
296C,I,A1C65E46464147A0
296C,I,75957EA713E84A37
296C,I,F60097D67F33DC0C
296C,I,D0F8772D043C207E
296C,I,E5E15C5F7F0344AB
296C,I,598F766175BE3EF3
296C,I,14CF94DF66FCD0C8
296C,I,2A5B424322D35B0A
296C,I,ED8812E232F6958A
296C,I,9ACC26CD04287102
296C,I,4E62491AA640A5EB
296C,I,5527FF8CC85CF139
296D,O,21E3E95EAEB2048C
296D,O,AB5CF1D729028A16
296D,O,9762FC524B26C4A7
296D,O,B568727F49CD11A3
296D,O,190F209646059000
296D,O,56E5C65B4893D75C
296D,O,D6E03ECA84C07932
296D,O,452AD79BA74CF8F3
296D,O,6265ADC5B1D37D6C
296D,O,2EEB9CB69FB6A58D
296D,O,450A96AF1DA8E41C
296D,O,DD161A7AB0D39192
296D,O,FB9FA7AAA17E9E9D
296D,O,2EC5A7EB9CA821D9
296D,O,C50C67D1BFF70DDF
296D,O,EDE9E3D28B42969D
296D,I,EDE9E3D28B42969D
296D,I,31072508CEF942C6
296D,I,2EC5A7EB9CA821D9
296D,I,C50C67D1BFF70DDF
296D,I,32947470F0E2275B
296D,I,5F60283656DF3016
296D,I,DAE7B6CB56131B50
296D,I,5419928D472EAD8D
296D,I,53E802F94BDF5048
296D,I,B0668BFF6178BA0B
296D,I,060241561E537FB5
296D,I,33033960343A57A8
296D,I,BE27F066CF40DF7D
296D,I,9ACC26CD04287102
296D,I,4E62491AA640A5EB
296D,I,21E3E95EAEB2048C
296M,O,D4D418BAEAC719B0
296M,O,ABC15E2110BF7A49
296M,O,932D83E09BF6ADE6
296M,O,848CA90EB0DB1146
296M,O,7486D53F341F1AAC
296M,O,C73A03D6C468B767
296M,O,FFFA7F14EBC1BB1E
296M,O,E459280CA121C86D
296M,O,4D1A76F3B9785DFA
296M,O,4D30DF225016CBB0
296M,O,AA5DDEA5E49EB6B2
296M,O,12B9E30ED892A35A
296M,O,D13C7436B13B4A4B
296M,O,8CCA633CFB594DC6
296M,O,988F4ACF3061743F
296M,O,380109CCE17074A3
296M,O,C9C125980C6ADEAA
296M,O,7613538D58A9C452
296M,O,99A3DFDBDF41F0E9
296M,O,AD4C1C7B2D1DF6FC
296M,O,10590D40479607E8
296M,O,0F283CD99F7295F3
296M,I,0F283CD99F7295F3
296M,I,F9853D9712072CCB
296M,I,ECD84D5B8C52642B
296M,I,F4E8B702E575BDA8
296M,I,4E62491AA640A5EB
296M,I,3E8B459E94CD57E5
296M,I,D0B1FC246C384949
296M,I,53A34B72EBF9858D
296M,I,3998A0C9E65D379B
296M,I,B64E0F355A9F4223
296M,I,FC42DCBDC3AB0B6F
296M,I,9DC52818C41A2A1B
296M,I,9B90BAE383F14AD3
296M,I,E86C2ACAFC72D243
296M,I,68799FD9ECBF50B1
296M,I,D4D418BAEAC719B0
296M,I,4E62491AA640A5EB
296M,I,3E8B459E94CD57E5
296M,I,D0B1FC246C384949
296M,I,53A34B72EBF9858D
296M,I,3998A0C9E65D379B
296M,I,B64E0F355A9F4223
296M,I,FC42DCBDC3AB0B6F
296M,I,9DC52818C41A2A1B
296M,I,9B90BAE383F14AD3
296M,I,E86C2ACAFC72D243
296M,I,68799FD9ECBF50B1
296M,I,D4D418BAEAC719B0
296P,O,5527FF8CC85CF139
296P,O,D13C7436B13B4A4B
296P,O,E0BAA3364D0CE860
296P,O,A1C35E976ACF46FD
296P,O,2F1F9CF16B9E65AF
296P,O,ED5554C57CF0061C
296P,O,4D9419874306D82F
296P,O,55EE74AF2D1A7DAA
296P,O,F7CAA2D4FF9D61F7
296P,O,DEB8D7D95E7D528A
296P,O,4AF3A5BD16E5BA3F
296P,O,D3C41BB36EC805E0
296P,O,44C261864506654B
296P,O,098AF67CBBB9FBA9
296P,O,D355B700FF30B3D7
296P,O,6188A6666E298598
296P,I,F01F8CF411A34AA7
296P,I,8EAD803DDD2C3BBA
296P,I,2035C91B61C6DFC0
296P,I,3A5C336CCB38A3FA
296P,I,789384E5DC5AF7A9
296P,I,0F4D809AED62F6E9
296P,I,833DE523F16B97C3
296P,I,A70DCB46EC98F43E
296P,I,7B98BAE3D93817AC
296P,I,DE27CD3EB0AF43D8
296P,I,D01D18C6EB79F84B
296P,I,B0DDF2CD704116C8
296P,I,6C1DEF32B8CB92C4
296P,I,448C1B8AECA89A6E
296P,I,A0EFE3E68568F194
296P,I,A1C65E46464147A0
296P,I,75957EA713E84A37
296P,I,9A0959AB68FA5E1F
296P,I,91449853378E9F8F
296P,I,9ACC26CD04287102
296P,I,4E62491AA640A5EB
296P,I,5527FF8CC85CF139
297,O,12332D6FD6163ED9
297,O,C73A03D6C468B767
297,O,22E2678081E88368
297,O,87CD68EAD90352E9
297,O,28AEFA619AAB9688
297,O,AF2DB48410CC6EC3
297,O,7E035AF141396291
297,O,D5E1A3D34328F867
297,O,6A01E709D806A5D6
297,O,9762FC524B26C4A7
297,O,A1C35E976ACF46FD
297,O,2F1F9CF16B9E65AF
297,O,29ED2073D6C52B5A
297,O,F90ED764C7A95649
297,O,C048D4CF6ED36C7A
297,O,68A8F08ABC5C90F0
297,O,91929D42214F3D7F
297,O,97B7EC0354E020B7
297,O,ED03E689B88CE0E8
297,O,B122FA4A77BABF24
297,O,58A2321139358155
297,I,58A2321139358155
297,I,36F7DCE4723C2C44
297,I,EF5A5CD9C3A038C9
297,I,A5E27C280260D008
297,I,B9343464EDE68947
297,I,8A25BDD80CA7201C
297,I,C9051FC04690CD7F
297,I,4C52780594F2D674
297,I,9C1D2401E1E06544
297,I,47B6BE5FC95C2042
297,I,20A7DAD5A8294964
297,I,A0EFE3E68568F194
297,I,A1C65E46464147A0
297,I,811D4A91C1134CEA
297,I,75957EA713E84A37
297,I,9A0959AB68FA5E1F
297,I,94358F5481BAE505
297,I,97D1981DE7ECBCE7
297,I,69B96A44A754E404
297,I,5016E25156D72ADA
297,I,10590D40479607E8
297,I,D732B7AE560F7326
297,I,ECD84D5B8C52642B
297,I,1FAA805BF1635668
297,I,FFFA7F14EBC1BB1E
297,I,4AF1A7C103D16636
297,I,12332D6FD6163ED9
297P,O,28AEFA619AAB9688
297P,O,AF2DB48410CC6EC3
297P,O,7E035AF141396291
297P,O,D5E1A3D34328F867
297P,O,1FAA805BF1635668
297P,O,B9DF2752D1309B49
297P,O,4D1A76F3B9785DFA
297P,O,29F6FE2F0824FEAA
297P,O,6AE5EC17DAE4E646
297P,O,883E42D32C6AD101
297P,O,9762FC524B26C4A7
297P,O,7A95C545D0393126
297P,O,C048D4CF6ED36C7A
297P,O,68A8F08ABC5C90F0
297P,O,91929D42214F3D7F
297P,O,97B7EC0354E020B7
297P,O,ED03E689B88CE0E8
297P,O,B122FA4A77BABF24
297P,O,0389A57B9FCD3AB5
298,O,0F283CD99F7295F3
298,O,87CD68EAD90352E9
298,O,F9853D9712072CCB
298,O,D32019CB6290C2EF
298,O,4E7C1C7F6D191BCB
298,O,AF478C0CC2D57D22
298,O,CC2353289CD0EE66
298,O,0A1D83D50B49933D
298,O,38A37564B3F3CACF
298,O,6C3F6AF77695CAE9
298,O,0F283CD99F7295F3
298E,O,F5B19145922F18CC
298E,O,D32019CB6290C2EF
298E,O,B00A32AD2E0DA209
298E,O,54FCA9F5D8F3587E
298E,O,4E7C1C7F6D191BCB
298E,O,815BC43527FD9247
298E,O,B3F2EC8E42FA3184
298E,O,2307DECBF51E9D7F
298E,O,13B87ED5725EE00D
298E,O,4A195F954ACD67C5
298E,O,1223A35DAB7AE8B0
298E,O,155312688CBEC518
298E,O,ECF82695F45C45F4
298E,O,171EF748C9B50837
298E,O,55014014633B8CD4
298E,O,07142A6203E50A47
298E,O,E92E009DE3307F85
298E,O,AF478C0CC2D57D22
298E,O,CC2353289CD0EE66
298E,O,0A1D83D50B49933D
298E,O,38A37564B3F3CACF
298E,O,6C3F6AF77695CAE9
298E,O,7E5A9F7D64C12E4C
298E,O,87CD68EAD90352E9
298E,O,F5B19145922F18CC
298F,O,F5B19145922F18CC
298F,O,D32019CB6290C2EF
298F,O,B00A32AD2E0DA209
298F,O,54FCA9F5D8F3587E
298F,O,4E7C1C7F6D191BCB
298F,O,AF478C0CC2D57D22
298F,O,BED3E96AAC2B3B3D
298F,O,815BC43527FD9247
298F,O,B3F2EC8E42FA3184
298F,O,2307DECBF51E9D7F
298F,O,13B87ED5725EE00D
298F,O,4A195F954ACD67C5
298F,O,1223A35DAB7AE8B0
298F,O,155312688CBEC518
298F,O,ECF82695F45C45F4
298F,O,171EF748C9B50837
298F,O,55014014633B8CD4
298F,O,07142A6203E50A47
298F,O,E92E009DE3307F85
298F,O,0A1D83D50B49933D
298F,O,38A37564B3F3CACF
298F,O,6C3F6AF77695CAE9
298F,O,7E5A9F7D64C12E4C
298F,O,87CD68EAD90352E9
298F,O,F5B19145922F18CC
298X,O,8E246EE4AB82C670
298X,O,92672FB7B8F1C0B1
298X,O,54FCA9F5D8F3587E
298X,O,4E7C1C7F6D191BCB
298X,O,815BC43527FD9247
298X,O,FC56A42F8EF929FA
298X,O,B3F2EC8E42FA3184
298X,O,2307DECBF51E9D7F
298X,O,E3DF87A934DC95EE
298X,O,E721A2E3853D636D
298X,O,81C1875EBC7FD3E4
298X,O,FDB6E3CC223991D1
298X,O,4D9419874306D82F
298X,O,D625B0997C3DBCFE
298X,O,E9468D2AE13C3F39
298X,O,EC45A4372B661DDE
298X,O,D7EDDEA5A942843B
298X,O,A7F679945ED1DB31
298X,O,88DF3B36087267EB
298X,O,8C44D48B9BAAB774
298X,O,300D1812E3A085C3
298X,O,A5C65B0A68257CF1
298X,O,99256D08CF861BA5
298X,O,D0A763AFCDE36124
298X,O,E6ED785726AED4AE
298X,O,15FCDE0753176016
298X,O,098AF67CBBB9FBA9
298X,O,04FC6E130D4953F4
298X,O,EEBBD352B7F16E3F
298X,O,6188A6666E298598
298X,O,CBB9FC4A0C13979B
298X,I,CBB9FC4A0C13979B
298X,I,F01F8CF411A34AA7
298X,I,8EAD803DDD2C3BBA
298X,I,2035C91B61C6DFC0
298X,I,3A5C336CCB38A3FA
298X,I,789384E5DC5AF7A9
298X,I,0F4D809AED62F6E9
298X,I,833DE523F16B97C3
298X,I,A70DCB46EC98F43E
298X,I,7B98BAE3D93817AC
298X,I,F3540B3A1B36BBF5
298X,I,D01D18C6EB79F84B
298X,I,A72D15160CC3AF31
298X,I,83CAC07FF3CA1BDA
298X,I,B0DDF2CD704116C8
298X,I,6C1DEF32B8CB92C4
298X,I,6965D1D655C2DD5F
298X,I,20A7DAD5A8294964
298X,I,A0EFE3E68568F194
298X,I,41E95E283D770EF7
298X,I,E8149C288DA7DF33
298X,I,07142A6203E50A47
298X,I,E92E009DE3307F85
298X,I,FC56A42F8EF929FA
298X,I,0A1D83D50B49933D
298X,I,38A37564B3F3CACF
298X,I,6C3F6AF77695CAE9
298X,I,D732B7AE560F7326
298X,I,99A3DFDBDF41F0E9
298X,I,8E246EE4AB82C670
299X,O,2132577767F0056D
299X,O,EB0D8F8D1AF9DDDE
299X,O,A67E402790581309
299X,O,91481C9100917BA7
299X,O,8ECFB7DFFC0023DA
299X,O,33A4BFE372C06BA8
299X,O,B8BBCCA288E1F862
299X,O,1CF4AE2F7045B848
299X,O,E27820FF0AF73D52
299X,O,2C5CA5F47FB6EB3F
299X,O,6B775855F6FB16D9
299X,O,40C9465E380F04C5
299X,O,C67E139743E66D71
299X,O,704C764F674E500D
299X,O,58BC7AA90028AAD9
299X,O,8249FC875132E1FA
299X,O,92680F8CE20F8FDB
299X,O,46E8837F566582D2
299X,O,94BA9F1C0A85C1B3
299X,O,16A08A7452834C0F
299X,O,888D5E0DD7261BB3
299X,O,C7548A3C37ADC1AA
299X,O,7BA7AF0DB4924B4E
299X,O,DAFAF65DCEA183D8
299X,O,7547D90C500629AF
299X,I,7547D90C500629AF
299X,I,1AE7D87716BC52B1
299X,I,499689237498878B
299X,I,B2F4485FA517FEED
299X,I,3EC8AF0246E94A09
299X,I,48CD670CA33290B3
299X,I,326A0C5D99374762
299X,I,773C9D3BB95AACC6
299X,I,6BA43C06A9AD502A
299X,I,742EB6200E03493B
299X,I,B2A9D7F90A56F6EA
299X,I,273C1BD825293576
299X,I,79B88295548184C1
299X,I,9CEC1F1000AFE806
299X,I,5D86C919F15C0611
299X,I,F63D25B428F1C1D9
299X,I,30553FA19D045D25
299X,I,34740DD5ABC36F12
299X,I,25E1BAE2C272ED4C
299X,I,0D56ED01EED431BC
299X,I,6AE1163C3BD93D0E
299X,I,548DAB3A4F71EB68
299X,I,D242CDB564D5CCA2
299X,I,2132577767F0056D
299X,I,7547D90C500629AF
299X,I,F85F7F6FEB0812B5
299X,I,819825E8F8264727
299X,I,499689237498878B
299X,I,B2F4485FA517FEED
299X,I,3EC8AF0246E94A09
299X,I,48CD670CA33290B3
299X,I,326A0C5D99374762
299X,I,773C9D3BB95AACC6
299X,I,6BA43C06A9AD502A
299X,I,742EB6200E03493B
299X,I,B2A9D7F90A56F6EA
299X,I,273C1BD825293576
299X,I,79B88295548184C1
299X,I,9CEC1F1000AFE806
299X,I,5D86C919F15C0611
299X,I,F63D25B428F1C1D9
299X,I,30553FA19D045D25
299X,I,34740DD5ABC36F12
299X,I,25E1BAE2C272ED4C
299X,I,0D56ED01EED431BC
299X,I,6AE1163C3BD93D0E
299X,I,548DAB3A4F71EB68
299X,I,D242CDB564D5CCA2
299X,I,2132577767F0056D
302,O,DAE04FEC0D09BED6
302,O,A9E1D35DB7FC7C7B
302,O,246B32CF201C6A7A
302,O,C185612B431B197A
302,O,A4C9136D18013389
302,O,0D39977C225DD2D5
302,O,AC30AF0DFC95D507
302,O,A0FDF34B2D278750
302,O,951CE3B3EB98BA3A
302,O,3BB1407BA61E0A9B
302,O,0D625148EFD58C10
302,O,29ED2073D6C52B5A
302,O,DBF0C952CAA654B5
302,O,C9109584C37A5B98
302,O,970DA2E578488682
302,O,D2F2B3C5436007C2
302,O,EC2573EE5FF42AAC
302,O,74EE2ECB1A3773E9
302,O,ED3477DD255C1DE7
302A,O,DAE04FEC0D09BED6
302A,O,A9E1D35DB7FC7C7B
302A,O,246B32CF201C6A7A
302A,O,C185612B431B197A
302A,O,A4C9136D18013389
302A,O,EF01999C9F909553
302A,O,B337148DB333E5C4
302A,O,711A39D02DB2B4D8
302A,O,3BB1407BA61E0A9B
302A,O,0D625148EFD58C10
302A,O,DBF0C952CAA654B5
302A,O,D0BA1477EAFC2C2B
302A,O,645A7596916EBCC1
302A,O,29DF8DB2E9741934
302A,O,32F6057322483222
302A,O,6B0BCBBF0D4F4033
302A,O,EE07E4C45A4CC134
302A,O,3FDB920D421F74BA
302A,O,E5054AD30B9831F3
307,O,09DFD305F09C558E
307,O,4249ED0CD65130CC
307,O,3CE4F8574F4F9D72
307,O,3FD481FB9B9DC36C
307,O,12E4BAFA2B73435B
307,O,FFBEBD7068E01EA4
307,O,DBF0C952CAA654B5
307,O,182976403F291FE0
307,O,B8760F28D7938609
307,O,3225E407F87D904C
307,O,DD5CDB226E98FD0B
307,O,78A74247AE9B466E
307,O,A95DD63E3A98FF7F
307,O,C360EB0956976C4D
307,O,C1FC4F003C9031B3
307,O,09DFD305F09C558E
307,O,4249ED0CD65130CC
307,O,3CE4F8574F4F9D72
307,O,3FD481FB9B9DC36C
307,O,12E4BAFA2B73435B
307,O,FFBEBD7068E01EA4
307,O,DBF0C952CAA654B5
307,O,182976403F291FE0
307,O,B8760F28D7938609
307,O,3225E407F87D904C
307,O,DD5CDB226E98FD0B
307,O,78A74247AE9B466E
307,O,A95DD63E3A98FF7F
307,I,C1FC4F003C9031B3
307,I,BD9D7DAC7CD2F537
307,I,59073C1C6D8BB1F7
307,I,A9069A17B1474D76
307,I,3007D34FB91FB27E
307,I,20554F51D1E03E33
307,I,BD0E2A233376612E
307,I,DDEB0396969D004B
307,I,991E47DBD416B908
307,I,9274EF6791CA3ED8
307,I,CDB292D507E4302D
307,I,4EF065C6D7FCCFE7
307,I,530F970BB56D778D
307,I,6716018C3EE42733
307,I,09DFD305F09C558E
307A,O,7F40151DA3492D5A
307A,O,E796B592A3D045F0
307A,O,18624A8EBAB72722
307A,O,325FDAE396B59480
307A,O,FFBEBD7068E01EA4
307A,O,DBF0C952CAA654B5
307A,O,182976403F291FE0
307A,O,B8760F28D7938609
307A,O,3225E407F87D904C
307A,O,DD5CDB226E98FD0B
307A,O,78A74247AE9B466E
307A,O,A95DD63E3A98FF7F
307P,O,F9AB54847EF884BB
307P,O,8C1810DE2419A30B
307P,O,56F79FB1FC157E22
307P,O,95B249916F323BD4
307P,O,F1F1C3A91C6EB439
307P,O,27222F0DE22582ED
307P,O,ACDCC9E65172243D
307P,O,12E4BAFA2B73435B
307P,O,FFBEBD7068E01EA4
307P,O,DBF0C952CAA654B5
307P,O,37A527C88AEA72AC
307P,O,1FBB28693ED34F4C
307P,O,6EB240B51722FF5C
307P,O,C26B0B206E75F5CC
307P,O,264D807284BEF1A8
307P,O,0A9E349E178D498C
307P,O,1E8FB68865850810
307P,O,73A2A03BA9A23247
307P,O,3328A22FC67A46F9
307P,O,745B539CC1A71251
307P,O,DDAA6CA9D68D3BA5
307P,O,DA2677E4FF848D7C
307P,O,65DFA1F84CD5A03B
307P,O,6F873325365F265B
307P,O,E2FBAD0689E3EBC5
307P,O,2D2F0A476CB1FEF5
307P,O,81293E4174C24FD5
307P,O,378DA3C43904CFF9
307P,O,9FBD2D7974A0AB50
307P,O,F1F1C3A91C6EB439
307P,O,27222F0DE22582ED
307P,O,ACDCC9E65172243D
307P,O,12E4BAFA2B73435B
307P,O,FFBEBD7068E01EA4
307P,O,DBF0C952CAA654B5
307P,O,37A527C88AEA72AC
307P,O,1FBB28693ED34F4C
307P,O,6EB240B51722FF5C
307P,O,C26B0B206E75F5CC
307P,O,264D807284BEF1A8
307P,O,0A9E349E178D498C
307P,O,1E8FB68865850810
307P,O,73A2A03BA9A23247
307P,O,3328A22FC67A46F9
307P,O,745B539CC1A71251
307P,O,DDAA6CA9D68D3BA5
307P,O,DA2677E4FF848D7C
307P,O,65DFA1F84CD5A03B
307P,O,6F873325365F265B
307P,I,6F873325365F265B
307P,I,A4EBD881BA65C831
307P,I,05C0C27B083F2C00
307P,I,322A5914FD96DE4B
307P,I,33D2B3AB9D2CCDF3
307P,I,B6E124DFD59022EF
307P,I,0B071FC4D33FC334
307P,I,A34AEEFEFB3013FC
307P,I,633C082A94176ED0
307P,I,7ADCBB1CA80611B0
307P,I,BB8D798D19066A35
307P,I,1A03767DB7C1824D
307P,I,991E47DBD416B908
307P,I,9274EF6791CA3ED8
307P,I,CDB292D507E4302D
307P,I,FB5500F0D32629B2
307P,I,BBFADA4889A61FCC
307P,I,3DDE81FE5DB08180
307P,I,1A0BF02F827F6A20
307P,I,9FDEEC09AD1B601B
307P,I,E796B592A3D045F0
307P,I,6F873325365F265B
307P,I,A4EBD881BA65C831
307P,I,05C0C27B083F2C00
307P,I,322A5914FD96DE4B
307P,I,33D2B3AB9D2CCDF3
307P,I,B6E124DFD59022EF
307P,I,0B071FC4D33FC334
307P,I,A34AEEFEFB3013FC
307P,I,633C082A94176ED0
307P,I,7ADCBB1CA80611B0
307P,I,BB8D798D19066A35
307P,I,1A03767DB7C1824D
307P,I,991E47DBD416B908
307P,I,9274EF6791CA3ED8
307P,I,CDB292D507E4302D
307P,I,FB5500F0D32629B2
307P,I,BBFADA4889A61FCC
307P,I,3DDE81FE5DB08180
307P,I,1A0BF02F827F6A20
307P,I,18E4449F4C5CE30B
307P,I,E796B592A3D045F0
307P,I,F9C14690633CE7E0
307P,I,7BCFD79F22F60457
307P,I,628613296EF92C64
307P,I,0962265A8720C38C
307P,I,E2FBAD0689E3EBC5
331,O,4B792EF191200C0D
331,O,D0EF3714A115BB3F
331,O,B52FC8FDDEDFC9B9
331,O,1FFC3F4F451D2633
331,O,D0EF3BE4408865DE
331,I,D0EF3BE4408865DE
331,I,1FFC3F4F451D2633
331,I,AE96DC654F4EB72E
331,I,D0EF3714A115BB3F
331,I,9774D8AAAD859409
331S,O,4B792EF191200C0D
331S,O,D0EF3714A115BB3F
331S,O,B52FC8FDDEDFC9B9
331S,O,1FFC3F4F451D2633
331S,O,13CA5EE4FA7BFA4A
331S,O,A02CB1283981A937
331S,I,A02CB1283981A937
331S,I,2E86421BA0DF8AB9
331S,I,1FFC3F4F451D2633
331S,I,AE96DC654F4EB72E
331S,I,D0EF3714A115BB3F
331S,I,9774D8AAAD859409
373,O,307AF4D72FFE9B6E
373,O,A22E315AD21129EB
373,O,944EC71DD1731BE0
373,O,EF78DD9F765C6565
373,O,BFAE1E951D3B63EC
373,O,C67060F448591E4F
373,O,39AE60AD7BADCDAA
373,O,A4837AB15400D744
373,O,37E653F1DC727EB2
373,O,CB295B56D3762A1F
373,O,F8B3E5A11921AD1B
373,O,C66CDE62B5AEB8DA
373,O,832EFD8F5165814E
373,O,F7670D87C1847D31
373,O,FFBEBD7068E01EA4
373,O,DBF0C952CAA654B5
373,O,B7F8CCEBD9365739
373,O,B500B9F38691F5AB
373,O,55371F963B58DC5B
373,O,C0667F887514F03F
373,O,DC5AC2E3C1153288
373,O,7397A6CBBD749279
373,O,B8CAE7A1372554AB
373,O,255CE76A95FC1A80
373,O,24450906E5F3A75F
373,I,24450906E5F3A75F
373,I,1E964671BE4EC7B5
373,I,46CB01C7F12428A3
373,I,D5FEF340EE98A7E8
373,I,3FCC00D1D01ACD28
373,I,3E63535258CAA9BB
373,I,F701EA01F9ABEC96
373,I,79AFB35F9DBD485A
373,I,4253205251F0AB8A
373,I,E32D979C93E923E4
373,I,53B170EAFEADDF86
373,I,42C72FE60B928D1B
373,I,1C213636264467BB
373,I,E7B5458F607C3F6A
373,I,6C5D425EDEE7498A
373,I,B97CC3668C3AD911
373,I,EEFA4F8B18DBF2A6
373,I,CA9E9870D7B2FF36
373,I,923E5B79E1B48739
373,I,4C97BE87FBF959C4
373,I,FA52803E2628A212
373,I,0F3FA9B7D07A91F3
373,I,C837C3C549793472
373,I,9BE3D659E4C144D2
373,I,53BB93AAB2D45F3B
373,I,307AF4D72FFE9B6E
600,O,10D72CAA8930BA36
600,O,D456864A2E0933B2
600,O,FA9F1DB955870000
600,O,1DB8D58C023AFD4D
600,O,DFAA70BC93BC9108
600,O,8DA8A378C47A1371
600,O,9CC30C6EE35D0CE8
600,O,057B2DCE8BE58FFA
600,O,4A91A327C9FC745E
600,O,39AB774DC35311C0
600,O,25863CD2A364E72F
600,O,5BDD5F9F4C89D3E1
600,O,E0558D2901ECC032
600,O,3A2015A685E85F58
600,O,994EAA12B20357CD
600,O,DEAF54AE52FDD43E
600,O,7F6E8797BD84A64A
600,O,A51DD43F6382CCDE
600,O,F7F2BD04BE667369
600,O,CFC063BFE7F6F67B
600,O,ABAE34A2E54233DE
600,O,14F1A56811DDB204
600,O,1288A744C68C0447
600,O,4572EAE6E84619CD
600,O,C63076B1999BEBD7
600,O,F5BB84FC3C97BC6A
600,O,55371F963B58DC5B
600,O,11CE1FD8440A89D3
600,O,4AA350AD8FFF4786
600,O,B8FBAC0A201E0F2C
600,O,6A0B2E48433AE858
600,I,E959938F3B4FF318
600,I,8379C4B1265C27F7
600,I,EFFD42714E298795
600,I,3FCC00D1D01ACD28
600,I,A056B01075AF64CD
600,I,2641DD1F88AF7A01
600,I,B241331CC87A36D4
600,I,B4F3F0D547580CE2
600,I,A0E544B7B849C7CC
600,I,AAD91FB98A0825DF
600,I,0B8392BEB388E9E7
600,I,678E66E67D8F1989
600,I,5256A9BB88266375
600,I,816F423684877612
600,I,7C0F745B04C9AD36
600,I,42D724879F2DDDFB
600,I,44B5723F025DF0DA
600,I,D678B3364437D16B
600,I,2EF9764BE18FC290
600,I,ED8812E232F6958A
600,I,1FBAAE29AF1CA50E
600,I,466BC4C1908A1A06
600,I,AA52228890817D12
600,I,389B25932AD10BA3
600,I,FF68304E8C1FF0B1
600,I,1FE4FBC2DB90CF80
600,I,1FA045AFCD07D796
600,I,0BACBE7BF15833EC
600,I,CABB1AAE412C6049
600,I,3F64427262A691C1
600,I,10D72CAA8930BA36
601,O,FA5C305D16B299A5
601,O,3C0AF6BA82588E2F
601,O,F8DEE1D5F9A349AD
601,O,4A14A012710E80B1
601,O,F4D6C8BE3A3DADDD
601,O,1C111CE3CE325C6A
601,O,A971B9FF20627145
601,O,28A55D04DC72B1EA
601,O,41E81A921D79F375
601,O,04B6438688E12AC0
601,O,6CEE063506576EDB
601,O,B5CB3F0D26BBBD03
601,O,114381B039350CBB
601,O,5AAC6A858427D04E
601,O,5BDD5F9F4C89D3E1
601,O,E0558D2901ECC032
601,O,B71025EB663E736F
601,O,8D05916401FE8BCB
601,O,3F3DBD185AC10BBE
601,O,29BF740504C5EEB6
601,O,1C36A07970C8909A
601,O,9F72AC7E3C3CE65C
601,O,85342AE6060B2214
601,O,265B143AC892EE78
601,O,B65DB5330193E38E
601,O,A0934516C3FE8D29
601,O,D2F2B3C5436007C2
601,O,E30B8672A91A50B9
601,I,E30B8672A91A50B9
601,I,E74202351AF7F37D
601,I,9DA98A5E3914E2E3
601,I,92C62E07455F7C6C
601,I,1FFFFBAE28F48D03
601,I,CCBCD7F613287BC8
601,I,B4372FB3544677BB
601,I,913E96996F3B7E3A
601,I,328C9939240A94CA
601,I,58C47FBFFF12E65F
601,I,4AEB8A22E18AB111
601,I,AE4423E551C360BF
601,I,9DE043DB23CEDAA8
601,I,D678B3364437D16B
601,I,2EF9764BE18FC290
601,I,F1A90CEE2B8C40CC
601,I,6530130BE25E909C
601,I,D3FEF85E4DAEEE4E
601,I,C3201264CC8E5C5D
601,I,C8830886D41FB5FA
601,I,D9ABBD996944C4D3
601,I,D17050E8964504BB
601,I,04DDF4F7F1C74876
601,I,BF08F9C08BB54A2B
601,I,5FF5FCFD1121F033
601,I,B809C24DC8C87767
601,I,3BA4DBB4520188DF
601,I,FA5C305D16B299A5
601P,O,FA5C305D16B299A5
601P,O,3C0AF6BA82588E2F
601P,O,F8DEE1D5F9A349AD
601P,O,4A14A012710E80B1
601P,O,F4D6C8BE3A3DADDD
601P,O,1C111CE3CE325C6A
601P,O,A971B9FF20627145
601P,O,28A55D04DC72B1EA
601P,O,41E81A921D79F375
601P,O,04B6438688E12AC0
601P,O,6CEE063506576EDB
601P,O,B5CB3F0D26BBBD03
601P,O,114381B039350CBB
601P,O,5AAC6A858427D04E
601P,O,5BDD5F9F4C89D3E1
601P,O,E0558D2901ECC032
601P,O,458A5CD02E6008EC
601P,O,D2F2B3C5436007C2
601P,O,EC2573EE5FF42AAC
601P,O,74EE2ECB1A3773E9
601P,O,B4962A215D3DFA65
601P,O,41E81A921D79F375
601P,O,04B6438688E12AC0
601P,O,6CEE063506576EDB
601P,O,B5CB3F0D26BBBD03
601P,O,114381B039350CBB
601P,O,5AAC6A858427D04E
601P,O,5BDD5F9F4C89D3E1
601P,O,E0558D2901ECC032
601P,O,458A5CD02E6008EC
601P,O,D2F2B3C5436007C2
601P,O,EC2573EE5FF42AAC
601P,O,74EE2ECB1A3773E9
601P,O,B4962A215D3DFA65
601P,I,2DF5E48438A56E56
601P,I,69263C9DB4729B7F
601P,I,D7D5360A9A0C5D6A
601P,I,50C82DFB0AC97FC8
601P,I,B7EE8C907E1E50C0
601P,I,E74202351AF7F37D
601P,I,9DA98A5E3914E2E3
601P,I,92C62E07455F7C6C
601P,I,1FFFFBAE28F48D03
601P,I,CCBCD7F613287BC8
601P,I,B4372FB3544677BB
601P,I,913E96996F3B7E3A
601P,I,31EA5920FFF0DBBF
601P,I,D678B3364437D16B
601P,I,2EF9764BE18FC290
601P,I,F1A90CEE2B8C40CC
601P,I,6530130BE25E909C
601P,I,D3FEF85E4DAEEE4E
601P,I,C3201264CC8E5C5D
601P,I,C8830886D41FB5FA
601P,I,D9ABBD996944C4D3
601P,I,D17050E8964504BB
601P,I,04DDF4F7F1C74876
601P,I,BF08F9C08BB54A2B
601P,I,5FF5FCFD1121F033
601P,I,B809C24DC8C87767
601P,I,3BA4DBB4520188DF
601P,I,FA5C305D16B299A5
603,O,F73D15363D3CA881
603,O,9D676B8892807F9D
603,O,1472CA699A47EE46
603,O,3144CE950CE29C80
603,O,543FD8B6C65D1C4C
603,O,316BB2C947568585
603,O,3E862B92873F5811
603,O,57A0D4D6D4D57497
603,O,0F9D050D4229C0F7
603,O,19171A194D7507D5
603,O,F60CC440E22B0BD9
603,O,3C6DAB7267F9E54F
603,O,73E85E88E124EF2C
603,O,DBF0C952CAA654B5
603,O,B7F8CCEBD9365739
603,O,B500B9F38691F5AB
603,O,11CE1FD8440A89D3
603,O,4AA350AD8FFF4786
603,O,B8FBAC0A201E0F2C
603,O,D996531BBC23B44D
603,O,7943A971791CA7AE
603,O,F73D15363D3CA881
603,O,9D676B8892807F9D
603,O,1472CA699A47EE46
603,O,3144CE950CE29C80
603,O,543FD8B6C65D1C4C
603,O,316BB2C947568585
603,O,3E862B92873F5811
603,O,57A0D4D6D4D57497
603,O,0F9D050D4229C0F7
603,O,19171A194D7507D5
603,O,F60CC440E22B0BD9
603,O,3C6DAB7267F9E54F
603,O,73E85E88E124EF2C
603,O,DBF0C952CAA654B5
603,O,B7F8CCEBD9365739
603,O,B500B9F38691F5AB
603,O,55371F963B58DC5B
603,I,7943A971791CA7AE
603,I,6436DFC118C4367A
603,I,FFB52BC25F0AB482
603,I,46CB01C7F12428A3
603,I,D5FEF340EE98A7E8
603,I,3FCC00D1D01ACD28
603,I,AD1B202B678A3B56
603,I,C88DEC0AF0D1102B
603,I,B241331CC87A36D4
603,I,B4F3F0D547580CE2
603,I,F1A22B170518051B
603,I,3DB9E473F29FCDEE
603,I,84C5EBC00642536A
603,I,42E86F97FAC8F719
603,I,D678B3364437D16B
603,I,9C839C3824F47A6A
603,I,CB4BB0008A87E4FC
603,I,40FF132FB8E77051
603,I,B08CA4B3CDCF142A
603,I,CF18D17DE7B40350
603,I,736E84A8060D2AB9
603,I,CB4B52222877C32F
603,I,6B9496267BEFF02A
603,I,B9D7AE7CB0C56556
603,I,DA29C9192B8D12DC
603,I,23727783D2D3E994
603,I,EF17FDCDDF170D38
603,I,F73D15363D3CA881
603A,O,F73D15363D3CA881
603A,O,9D676B8892807F9D
603A,O,1472CA699A47EE46
603A,O,3144CE950CE29C80
603A,O,543FD8B6C65D1C4C
603A,O,316BB2C947568585
603A,O,3E862B92873F5811
603A,O,57A0D4D6D4D57497
603A,O,0F9D050D4229C0F7
603A,O,19171A194D7507D5
603A,O,F60CC440E22B0BD9
603A,O,3C6DAB7267F9E54F
603A,O,73E85E88E124EF2C
603A,O,DBF0C952CAA654B5
603A,O,7F70F27177F91809
603A,O,C4E3F4D84CE25589
603A,O,7F6E8797BD84A64A
603A,O,A51DD43F6382CCDE
603A,O,CFC063BFE7F6F67B
603A,O,ABAE34A2E54233DE
603A,O,A5DE9A3DBEC7127C
603A,O,830019C7B44D24BF
603A,O,C11CC16067C382AF
603A,O,3FB8A89338202ACB
603A,O,ED34297979462699
603A,O,FCB726A4E5925611
603A,O,1E10D70B8D3AC179
603A,O,A63B90588F747496
603A,O,A0C1BB5A1A985802
603A,O,DC5AC2E3C1153288
603A,I,6436DFC118C4367A
603A,I,FFB52BC25F0AB482
603A,I,46CB01C7F12428A3
603A,I,D5FEF340EE98A7E8
603A,I,3FCC00D1D01ACD28
603A,I,AD1B202B678A3B56
603A,I,C88DEC0AF0D1102B
603A,I,B241331CC87A36D4
603A,I,B4F3F0D547580CE2
603A,I,F1A22B170518051B
603A,I,3DB9E473F29FCDEE
603A,I,84C5EBC00642536A
603A,I,678E66E67D8F1989
603A,I,5256A9BB88266375
603A,I,6CD0823D8B4779B6
603A,I,A92AC5D798836D40
603A,I,C44D3424473B96F6
603A,I,D678B3364437D16B
603A,I,9C839C3824F47A6A
603A,I,CB4BB0008A87E4FC
603A,I,40FF132FB8E77051
603A,I,B08CA4B3CDCF142A
603A,I,CF18D17DE7B40350
603A,I,736E84A8060D2AB9
603A,I,CB4B52222877C32F
603A,I,6B9496267BEFF02A
603A,I,B9D7AE7CB0C56556
603A,I,DA29C9192B8D12DC
603A,I,23727783D2D3E994
603A,I,EF17FDCDDF170D38
603A,I,F73D15363D3CA881
603P,O,7943A971791CA7AE
603P,O,6436DFC118C4367A
603P,O,FFB52BC25F0AB482
603P,O,46CB01C7F12428A3
603P,O,D5FEF340EE98A7E8
603P,O,3FCC00D1D01ACD28
603P,O,AD1B202B678A3B56
603P,O,C88DEC0AF0D1102B
603P,O,F701EA01F9ABEC96
603P,O,D678B3364437D16B
603P,O,9C839C3824F47A6A
603P,O,CB4BB0008A87E4FC
603P,O,40FF132FB8E77051
603P,O,B08CA4B3CDCF142A
603P,O,CF18D17DE7B40350
603P,O,736E84A8060D2AB9
603P,O,CB4B52222877C32F
603P,O,6B9496267BEFF02A
603P,O,B9D7AE7CB0C56556
603P,O,DA29C9192B8D12DC
603P,O,23727783D2D3E994
603P,O,EF17FDCDDF170D38
603P,O,F73D15363D3CA881
603S,O,F73D15363D3CA881
603S,O,9D676B8892807F9D
603S,O,1472CA699A47EE46
603S,O,3144CE950CE29C80
603S,O,543FD8B6C65D1C4C
603S,O,316BB2C947568585
603S,O,3E862B92873F5811
603S,O,57A0D4D6D4D57497
603S,O,0F9D050D4229C0F7
603S,O,19171A194D7507D5
603S,O,F60CC440E22B0BD9
603S,O,3C6DAB7267F9E54F
603S,O,73E85E88E124EF2C
603S,O,DBF0C952CAA654B5
603S,O,B7F8CCEBD9365739
603S,O,B500B9F38691F5AB
603S,O,11CE1FD8440A89D3
603S,O,4AA350AD8FFF4786
603S,O,B8FBAC0A201E0F2C
606,O,360587444784CEAB
606,O,1EF5FAB9266BD6C8
606,O,54733D2BB5BE7121
606,O,8CFDFD3B86662D91
606,O,9A0959AB68FA5E1F
606,O,94358F5481BAE505
606,O,017A10A009B4A409
606,O,C32B9494869D5BBF
606,O,3F9AE21DC3A540B9
606,O,F2127FD781019971
606,O,AB2BD1CDDCB213CB
606,O,5AAC6A858427D04E
606,O,5BDD5F9F4C89D3E1
606,O,9535298A652873DB
606,O,B6E124DFD59022EF
606,O,40CB528985641937
606,O,17A5341790B188CB
606,O,633C082A94176ED0
606,O,7ADCBB1CA80611B0
606,O,F63A6E7548CF6D44
606,O,D3A622F2C90CF194
606,O,37A527C88AEA72AC
606,O,EE5EC4A3D89B15A2
606,O,919E4DD5F0CD1EB8
606,O,C5047114FD7095C2
606,O,09C3C495C7DF0E37
606,O,D709FAE71F6D5238
606,O,52F78710210E94E6
606,O,0D34F002BAE8E646
606,O,092A3C151699DEC0
606,O,249030228FF24B3F
606,O,72F07CA66230A1BE
606,O,3C20E46D2F60DA28
606,O,EC157EA93B3DD279
606,O,FACE7DC841CEF78F
606,O,41E537666558ED07
606,O,B4CF77BA0F9D34B8
606,O,671C0B06B1582C54
606,O,5F0966CBF6A909A3
606,O,B83A88488B3F6EAB
606,O,D533E8F25C189485
606,O,0F421E6B729C2D24
606,O,27039EC5E64E6137
606,O,2E0D7F52D1608C12
606,O,3F06E3B155C6A4BF
606,O,360587444784CEAB
606,O,1EF5FAB9266BD6C8
606,O,54733D2BB5BE7121
606,O,8CFDFD3B86662D91
606,O,23AF5995FEBCA8E6
606,O,C970D8254790191E
606,O,E905F8E518AE17B6
606,O,24AD2532770CF399
606,O,5564FED01546FF23
606,O,F140654A12BA066A
606,O,5358062C769CEC05
606,O,C32B9494869D5BBF
606,O,3F9AE21DC3A540B9
606,O,F2127FD781019971
606,O,AB2BD1CDDCB213CB
606,O,5AAC6A858427D04E
606,O,5BDD5F9F4C89D3E1
606,O,9535298A652873DB
606,O,B6E124DFD59022EF
606,O,40CB528985641937
606,O,17A5341790B188CB
606,O,633C082A94176ED0
606,O,7ADCBB1CA80611B0
606,O,F63A6E7548CF6D44
606,O,D3A622F2C90CF194
606,O,37A527C88AEA72AC
606,O,EE5EC4A3D89B15A2
606,O,919E4DD5F0CD1EB8
606,O,C5047114FD7095C2
606,O,09C3C495C7DF0E37
606,O,D709FAE71F6D5238
606,O,52F78710210E94E6
606,O,0D34F002BAE8E646
606,O,092A3C151699DEC0
606,O,249030228FF24B3F
606,O,72F07CA66230A1BE
606,O,3C20E46D2F60DA28
606,O,EC157EA93B3DD279
606,O,FACE7DC841CEF78F
606,O,41E537666558ED07
606,O,B4CF77BA0F9D34B8
606,O,671C0B06B1582C54
606,O,5F0966CBF6A909A3
606,O,B83A88488B3F6EAB
606,O,D533E8F25C189485
606,O,0F421E6B729C2D24
606,O,27039EC5E64E6137
606,O,2E0D7F52D1608C12
606,O,3F06E3B155C6A4BF
606,I,3F06E3B155C6A4BF
606,I,5C1471822EE10AF3
606,I,2567DBD44B8B1328
606,I,906F89BBA32AEF7E
606,I,3D5712E812B2A644
606,I,BB5C1DCDD6B2BC9D
606,I,C539A7A9365F64D0
606,I,51B7D1F60A5BA724
606,I,4BD11538EEA40F55
606,I,073E1DD8599E7315
606,I,41FA91EC4FFF5A19
606,I,0DCC18C3A018C1DA
606,I,75767448DA6FA081
606,I,4073C7B5B3D72456
606,I,EBBFDA8142CCE90D
606,I,96B1319F18A47BA5
606,I,223C710D32CE25F0
606,I,ACF62AEB50A6E73F
606,I,E71AA0E0F0D0377A
606,I,D715DFCAE9DEB3E7
606,I,E114ADD0B146D4CA
606,I,A919C2BFC31695EE
606,I,47E68CD8B89FD64D
606,I,58858CC869297C4A
606,I,F1C0B762655B89E4
606,I,996069D6FEF7D71A
606,I,75CE4282D2043790
606,I,C00C986B85A2220E
606,I,3328A22FC67A46F9
606,I,9335E0F061724158
606,I,D678B3364437D16B
606,I,2EF9764BE18FC290
606,I,F1A90CEE2B8C40CC
606,I,9BABE6579EB241FA
606,I,DBEA3F848C7981F2
606,I,84BACA14B0C50790
606,I,CDF0D5A4E1023C8E
606,I,9268B442F0C2807E
606,I,E7116B44D9E9393A
606,I,942E95B4336BDFA7
606,I,360587444784CEAB
606A,O,360587444784CEAB
606A,O,1EF5FAB9266BD6C8
606A,O,54733D2BB5BE7121
606A,O,8CFDFD3B86662D91
606A,O,23AF5995FEBCA8E6
606A,O,C970D8254790191E
606A,O,E905F8E518AE17B6
606A,O,24AD2532770CF399
606A,O,5564FED01546FF23
606A,O,F140654A12BA066A
606A,O,5358062C769CEC05
606A,O,C32B9494869D5BBF
606A,O,3F9AE21DC3A540B9
606A,O,F2127FD781019971
606A,O,AB2BD1CDDCB213CB
606A,O,5AAC6A858427D04E
606A,O,5BDD5F9F4C89D3E1
606A,O,9535298A652873DB
606A,O,B6E124DFD59022EF
606A,O,40CB528985641937
606A,O,17A5341790B188CB
606A,O,633C082A94176ED0
606A,O,7ADCBB1CA80611B0
606A,O,F63A6E7548CF6D44
606A,O,D3A622F2C90CF194
606A,O,37A527C88AEA72AC
606A,O,EE5EC4A3D89B15A2
606A,O,919E4DD5F0CD1EB8
606A,O,C5047114FD7095C2
606A,O,09C3C495C7DF0E37
606A,O,86A7D57B3275BC96
606A,I,86A7D57B3275BC96
606A,I,E114ADD0B146D4CA
606A,I,A919C2BFC31695EE
606A,I,47E68CD8B89FD64D
606A,I,58858CC869297C4A
606A,I,F1C0B762655B89E4
606A,I,996069D6FEF7D71A
606A,I,75CE4282D2043790
606A,I,C00C986B85A2220E
606A,I,3328A22FC67A46F9
606A,I,9335E0F061724158
606A,I,D678B3364437D16B
606A,I,2EF9764BE18FC290
606A,I,F1A90CEE2B8C40CC
606A,I,9BABE6579EB241FA
606A,I,DBEA3F848C7981F2
606A,I,84BACA14B0C50790
606A,I,CDF0D5A4E1023C8E
606A,I,9268B442F0C2807E
606A,I,E7116B44D9E9393A
606A,I,942E95B4336BDFA7
606A,I,360587444784CEAB
606X,O,8A12C30EE2545583
606X,O,07521BB848913F74
606X,O,C32B9494869D5BBF
606X,O,3F9AE21DC3A540B9
606X,O,F2127FD781019971
606X,O,AB2BD1CDDCB213CB
606X,O,5AAC6A858427D04E
606X,O,5BDD5F9F4C89D3E1
606X,O,9535298A652873DB
606X,O,A1D5C0FDCC39AFF8
606X,O,72F07CA66230A1BE
606X,O,3C20E46D2F60DA28
606X,O,EC157EA93B3DD279
606X,O,FACE7DC841CEF78F
606X,O,41E537666558ED07
606X,O,687325CD84BA96A0
606X,O,B83A88488B3F6EAB
606X,O,D533E8F25C189485
606X,O,0F421E6B729C2D24
606X,O,27039EC5E64E6137
606X,O,2E0D7F52D1608C12
606X,O,3F06E3B155C6A4BF
606X,O,0718DE53C1C84496
606X,O,8A12C30EE2545583
606X,O,07521BB848913F74
606X,O,C32B9494869D5BBF
606X,O,3F9AE21DC3A540B9
606X,O,F2127FD781019971
606X,O,AB2BD1CDDCB213CB
606X,O,5AAC6A858427D04E
606X,O,5BDD5F9F4C89D3E1
606X,O,9535298A652873DB
606X,O,A1D5C0FDCC39AFF8
606X,O,72F07CA66230A1BE
606X,O,3C20E46D2F60DA28
606X,O,EC157EA93B3DD279
606X,O,FACE7DC841CEF78F
606X,O,41E537666558ED07
606X,O,687325CD84BA96A0
606X,O,B83A88488B3F6EAB
606X,O,D533E8F25C189485
606X,O,0F421E6B729C2D24
606X,O,27039EC5E64E6137
606X,O,2E0D7F52D1608C12
606X,O,3F06E3B155C6A4BF
606X,O,0718DE53C1C84496
606X,O,9A0959AB68FA5E1F
606X,O,94358F5481BAE505
606X,O,017A10A009B4A409
606X,O,C32B9494869D5BBF
606X,O,3F9AE21DC3A540B9
606X,O,F2127FD781019971
606X,O,AB2BD1CDDCB213CB
606X,O,5AAC6A858427D04E
606X,O,5BDD5F9F4C89D3E1
606X,O,9535298A652873DB
606X,O,A1D5C0FDCC39AFF8
606X,O,72F07CA66230A1BE
606X,O,3C20E46D2F60DA28
606X,O,EC157EA93B3DD279
606X,O,FACE7DC841CEF78F
606X,O,41E537666558ED07
606X,O,687325CD84BA96A0
606X,O,B83A88488B3F6EAB
606X,O,D533E8F25C189485
606X,O,0F421E6B729C2D24
606X,O,27039EC5E64E6137
606X,O,2E0D7F52D1608C12
606X,O,3F06E3B155C6A4BF
606X,I,3F06E3B155C6A4BF
606X,I,5C1471822EE10AF3
606X,I,2567DBD44B8B1328
606X,I,906F89BBA32AEF7E
606X,I,3D5712E812B2A644
606X,I,BB5C1DCDD6B2BC9D
606X,I,C539A7A9365F64D0
606X,I,51B7D1F60A5BA724
606X,I,4BD11538EEA40F55
606X,I,073E1DD8599E7315
606X,I,41FA91EC4FFF5A19
606X,I,0DCC18C3A018C1DA
606X,I,75767448DA6FA081
606X,I,4073C7B5B3D72456
606X,I,A1D5C0FDCC39AFF8
606X,I,D678B3364437D16B
606X,I,2EF9764BE18FC290
606X,I,F1A90CEE2B8C40CC
606X,I,9BABE6579EB241FA
606X,I,DBEA3F848C7981F2
606X,I,84BACA14B0C50790
606X,I,CDF0D5A4E1023C8E
606X,I,8A12C30EE2545583
613,O,FBE07247C3FDB904
613,O,EC1E1868D370F3D9
613,O,057B2DCE8BE58FFA
613,O,4A91A327C9FC745E
613,O,39AB774DC35311C0
613,O,3C0AF6BA82588E2F
613,O,F8DEE1D5F9A349AD
613,O,4A14A012710E80B1
613,O,3216F11DA45B80D7
613,O,6F106FD26B684372
613,O,26305AF62FBEE2BC
613,O,D83C4CC1305E35E9
613,O,13A8D09F9E444BF3
613,O,3144CE950CE29C80
613,O,543FD8B6C65D1C4C
613,O,316BB2C947568585
613,O,3E862B92873F5811
613,O,57A0D4D6D4D57497
613,O,0F9D050D4229C0F7
613,O,19171A194D7507D5
613,O,F60CC440E22B0BD9
613,O,3C6DAB7267F9E54F
613,O,73E85E88E124EF2C
613,O,9535298A652873DB
613,O,57FA25A4EF6DC06B
613,O,A49CD3D666BD82B3
613,O,85CACCFD0C731C5B
613,O,A77FC2D2F11EC88B
613,O,3D72573A84FB828E
613,O,FDEC48CF813DC294
613,O,7D9DEEF866E001C7
613,O,5AA2B931E2B0351D
613,O,DA08A866466BF360
613,O,C240222368E20D66
613,O,4C923274E731F539
613,I,4C923274E731F539
613,I,DF09E3ABD8868325
613,I,D8A1FDBB5782C011
613,I,32D100AA14882F16
613,I,D57DA1E15D3C0332
613,I,F685D02ECD61787F
613,I,1DF2674AD9A14995
613,I,FB4ACCBAB77BE615
613,I,71827391BC3C3C7A
613,I,27132166FD049BF9
613,I,BB930AAAB15181A1
613,I,D678B3364437D16B
613,I,9C839C3824F47A6A
613,I,CB4BB0008A87E4FC
613,I,40FF132FB8E77051
613,I,B08CA4B3CDCF142A
613,I,CF18D17DE7B40350
613,I,736E84A8060D2AB9
613,I,CB4B52222877C32F
613,I,6B9496267BEFF02A
613,I,5ACB622335DF5AE7
613,I,B7082198F517B1E8
613,I,1FBAAE29AF1CA50E
613,I,466BC4C1908A1A06
613,I,AA52228890817D12
613,I,D9563FD5B8CB0CEF
613,I,FF68304E8C1FF0B1
613,I,FBE07247C3FDB904
613A,O,FBE07247C3FDB904
613A,O,EC1E1868D370F3D9
613A,O,057B2DCE8BE58FFA
613A,O,4A91A327C9FC745E
613A,O,39AB774DC35311C0
613A,O,3C0AF6BA82588E2F
613A,O,F8DEE1D5F9A349AD
613A,O,4A14A012710E80B1
613A,O,3216F11DA45B80D7
613A,O,6F106FD26B684372
613A,O,26305AF62FBEE2BC
613A,O,D83C4CC1305E35E9
613A,O,5BDD5F9F4C89D3E1
613A,O,9535298A652873DB
613A,O,57FA25A4EF6DC06B
613A,O,A49CD3D666BD82B3
613A,O,85CACCFD0C731C5B
613A,O,A77FC2D2F11EC88B
613A,O,3D72573A84FB828E
613A,O,FDEC48CF813DC294
613A,O,7D9DEEF866E001C7
613A,O,5AA2B931E2B0351D
613A,O,DA08A866466BF360
613A,O,C240222368E20D66
613A,O,EF17411CD85807EE
613A,O,D9C6E05CF96CEEAE
613A,O,F35D6943E16A8DB0
613A,O,19EC738CA52DEFBF
613A,O,2C86CB44C20CCC97
613A,O,6EC0583BAD08CA5A
613A,O,EFA71508B2EBD9B9
613A,O,5E77ADDA52B97105
613A,O,A3A9BF4F24607EA4
613A,O,BBAC36FF9C478647
613A,O,2CC23C7A21A51FFF
613A,O,C498AA2390E7555F
613A,O,E34948ABDF8285ED
613A,O,6546B62F4E723EB6
613A,O,6DCB4A578EFF1986
613A,O,C9071710C1DEE3C7
613A,I,C9071710C1DEE3C7
613A,I,8F34B65D8933BA0C
613A,I,DA3EA19D6FC4D037
613A,I,5EF17508ECE5D9BD
613A,I,A3A9BF4F24607EA4
613A,I,C41D6E03AEFFA431
613A,I,E2C1A8269F4200F5
613A,I,9BA030AD16EE2F52
613A,I,E34948ABDF8285ED
613A,I,0E616BB1DFB33C5B
613A,I,3DEEC3D4DC381867
613A,I,4C242D3AEB01C1B6
613A,I,15A44CA5ED3AEE5B
613A,I,8D7B58ABFAD1F852
613A,I,70245F30FE686EA2
613A,I,E060D03C30317F2C
613A,I,2F1AD255E336F1A8
613A,I,0DAD41F9AC0A9284
613A,I,DF09E3ABD8868325
613A,I,D8A1FDBB5782C011
613A,I,32D100AA14882F16
613A,I,D57DA1E15D3C0332
613A,I,F685D02ECD61787F
613A,I,1DF2674AD9A14995
613A,I,FB4ACCBAB77BE615
613A,I,71827391BC3C3C7A
613A,I,27132166FD049BF9
613A,I,BB930AAAB15181A1
613A,I,D678B3364437D16B
613A,I,2EF9764BE18FC290
613A,I,ED8812E232F6958A
613A,I,93084A14AE624C6F
613A,I,D17050E8964504BB
613A,I,04DDF4F7F1C74876
613A,I,BF08F9C08BB54A2B
613A,I,5FF5FCFD1121F033
613A,I,B809C24DC8C87767
613A,I,3BA4DBB4520188DF
613A,I,466BC4C1908A1A06
613A,I,AA52228890817D12
613A,I,D9563FD5B8CB0CEF
613A,I,FF68304E8C1FF0B1
613A,I,FBE07247C3FDB904
619,O,ECCCAB1120D6B6C6
619,O,A28048B524056C9D
619,O,484F835517494767
619,O,2CFCDB6EA2892637
619,O,E308599CF719FE37
619,O,6765DD696FA8BF8D
619,O,0CA3C6C38D2F3F75
619,O,FAF9EF8853A3B65E
619,O,C9F3531BB5050372
619,O,9D431DF484149B75
619,O,5358062C769CEC05
619,O,C32B9494869D5BBF
619,O,A880D4A7E3310AEB
619,O,F2127FD781019971
619,O,114381B039350CBB
619,O,5AAC6A858427D04E
619,O,5BDD5F9F4C89D3E1
619,O,E0558D2901ECC032
619,O,745B539CC1A71251
619,O,DDAA6CA9D68D3BA5
619,O,DA2677E4FF848D7C
619,O,5B0682EF0C8397A2
619,O,A68AAD43AC1A238F
619,O,68A16FFD6C0EC2A2
619,O,C2B8BCB3CC0D2214
619,O,93D084D7713119D8
619,O,9B01BEC701652627
619,O,4395252CFDC7AB1F
619,O,52C01B7F122297BD
619,O,B42222C6800A33A2
619,O,A8CD8C1198907526
619,O,3E2E0FF05B36999C
619,I,3E2E0FF05B36999C
619,I,89ED5D96534CED83
619,I,5298A15B8CCAEF42
619,I,A9069A17B1474D76
619,I,3007D34FB91FB27E
619,I,255401DABB64289D
619,I,16CE9E8D17681839
619,I,A71457854D13E9DE
619,I,2B9DA1FE14596F2E
619,I,A07CC0A6D462A579
619,I,4EE6F43CF8D6217D
619,I,9541036143D6CCF1
619,I,1A0BCDF4BDC3E1A9
619,I,A4EBD881BA65C831
619,I,05C0C27B083F2C00
619,I,322A5914FD96DE4B
619,I,33D2B3AB9D2CCDF3
619,I,D678B3364437D16B
619,I,2EF9764BE18FC290
619,I,5B04604E989BBDF0
619,I,42B4DEF46BB30887
619,I,DBEA3F848C7981F2
619,I,84BACA14B0C50790
619,I,9C4CA9F8953C0C88
619,I,921C19F6147C74A6
619,I,47C3597662B81B47
619,I,7EF64469471FE344
619,I,0A03521DFD20FEA9
619,I,0511A6AC2CBC9A21
619,I,6E113B962058A553
619,I,62F953A6FC5652BE
619,I,ECCCAB1120D6B6C6
619P,O,ECCCAB1120D6B6C6
619P,O,A28048B524056C9D
619P,O,484F835517494767
619P,O,2CFCDB6EA2892637
619P,O,E308599CF719FE37
619P,O,6765DD696FA8BF8D
619P,O,0CA3C6C38D2F3F75
619P,O,FAF9EF8853A3B65E
619P,O,C9F3531BB5050372
619P,O,9D431DF484149B75
619P,O,5358062C769CEC05
619P,O,C32B9494869D5BBF
619P,O,A880D4A7E3310AEB
619P,O,F2127FD781019971
619P,O,114381B039350CBB
619P,O,5AAC6A858427D04E
619P,O,5BDD5F9F4C89D3E1
619P,O,E0558D2901ECC032
619P,O,182976403F291FE0
619P,O,B8760F28D7938609
619P,O,4395252CFDC7AB1F
619P,O,52C01B7F122297BD
619P,O,B42222C6800A33A2
619P,O,A8CD8C1198907526
619P,O,3E2E0FF05B36999C
619X,O,ECCCAB1120D6B6C6
619X,O,A28048B524056C9D
619X,O,484F835517494767
619X,O,2CFCDB6EA2892637
619X,O,E308599CF719FE37
619X,O,745B539CC1A71251
619X,O,DDAA6CA9D68D3BA5
619X,O,DA2677E4FF848D7C
619X,O,5B0682EF0C8397A2
619X,O,A68AAD43AC1A238F
619X,O,68A16FFD6C0EC2A2
619X,O,C2B8BCB3CC0D2214
619X,O,93D084D7713119D8
619X,O,9B01BEC701652627
619X,O,4395252CFDC7AB1F
619X,O,52C01B7F122297BD
619X,O,B42222C6800A33A2
619X,O,A8CD8C1198907526
619X,O,3E2E0FF05B36999C
619X,I,3E2E0FF05B36999C
619X,I,89ED5D96534CED83
619X,I,5298A15B8CCAEF42
619X,I,A9069A17B1474D76
619X,I,3007D34FB91FB27E
619X,I,255401DABB64289D
619X,I,16CE9E8D17681839
619X,I,A71457854D13E9DE
619X,I,2B9DA1FE14596F2E
619X,I,A07CC0A6D462A579
619X,I,4EE6F43CF8D6217D
619X,I,9541036143D6CCF1
619X,I,1A0BCDF4BDC3E1A9
619X,I,A4EBD881BA65C831
619X,I,05C0C27B083F2C00
619X,I,322A5914FD96DE4B
619X,I,33D2B3AB9D2CCDF3
619X,I,D678B3364437D16B
619X,I,2EF9764BE18FC290
619X,I,ED8812E232F6958A
619X,I,1FBAAE29AF1CA50E
619X,I,3C0AF6BA82588E2F
619X,I,F8DEE1D5F9A349AD
619X,I,0511A6AC2CBC9A21
619X,I,6E113B962058A553
619X,I,62F953A6FC5652BE
619X,I,ECCCAB1120D6B6C6
621,O,606FAFD58ACD98FA
621,O,AA552AEC56A11EE4
621,O,CE19AD46C3C43EB8
621,O,30BF9D28A0DB0551
621,O,B4BC12D061EC853E
621,O,C118D4208E92EE2D
621,O,A95174A6FE24B3A6
621,O,F91F9405B5B06039
621,O,EA4BD96DD55D585C
621,O,6784D2ABC479F6CE
621,I,6784D2ABC479F6CE
621,I,FA8CD68ED6042BE2
621,I,8CB416D9703A48A4
621,I,CDA6257743B1D479
621,I,3007D34FB91FB27E
621,I,1AB934EFE0E1470A
621,I,16CE9E8D17681839
621,I,A71457854D13E9DE
621,I,AC1E2BBDC663717F
621,I,A07CC0A6D462A579
621,I,4EE6F43CF8D6217D
621,I,9541036143D6CCF1
621,I,DDEB0396969D004B
621,I,D678B3364437D16B
621,I,2EF9764BE18FC290
621,I,FF6E49051D6D9A8C
621,I,41E95E283D770EF7
621,I,60EFE49C54F0CF11
621,I,CFD146683A7FFC62
621,I,606FAFD58ACD98FA
641,O,D7D5103D53D4ED90
641,O,72999453ECAC4693
641,O,09B6F28D05DA00F4
641,O,AA26D9F25826AA4A
641,O,29ED2073D6C52B5A
641,O,327E4BC13954EA86
641,O,017A10A009B4A409
641,O,C32B9494869D5BBF
641,O,A880D4A7E3310AEB
641,O,F2127FD781019971
641,O,114381B039350CBB
641,O,5AAC6A858427D04E
641,O,5BDD5F9F4C89D3E1
641,O,DBF0C952CAA654B5
641,O,C9109584C37A5B98
641,O,970DA2E578488682
641,O,D2F2B3C5436007C2
641,O,EC2573EE5FF42AAC
641,O,FCF786050383019A
641,O,ED3477DD255C1DE7
641,O,BC3B6E69D606932B
641,I,BC3B6E69D606932B
641,I,69263C9DB4729B7F
641,I,205CE4DA030061F9
641,I,50C82DFB0AC97FC8
641,I,3007D34FB91FB27E
641,I,60012869923EEE68
641,I,9DA98A5E3914E2E3
641,I,E1F7BDC43A19F5AC
641,I,D678B3364437D16B
641,I,2EF9764BE18FC290
641,I,5B04604E989BBDF0
641,I,9BABE6579EB241FA
641,I,DBEA3F848C7981F2
641,I,84BACA14B0C50790
641,I,91449853378E9F8F
641,I,A24F5416BCCE60F9
641,I,D0B8C96BC4451180
641,I,F663E12DC37F3C5A
641,I,D2B43459063F53DB
641,I,7995F69FE44D0DB3
641,I,A4601C77EB896E30
641,I,D7D5103D53D4ED90
671,O,CC0EA05EEADFA481
671,O,6FB456AE4E4CFFD4
671,O,DFAA3371878CEED2
671,O,3BB1407BA61E0A9B
671,O,23AF5995FEBCA8E6
671,O,4BD5CE5106BB0697
671,O,D530D698BC181839
671,O,3E73B73B12E25DCF
671,O,A880D4A7E3310AEB
671,O,EB177E95B39626AE
671,O,5AAC6A858427D04E
671,O,5BDD5F9F4C89D3E1
671,O,E0558D2901ECC032
671,O,4618B90F316901BB
671,O,5EA1BB87DFD5CADB
671,O,31748E8EF7377312
671,O,3B604DDE85F00A7B
671,O,5B0682EF0C8397A2
671,O,388C3DB16F0F2719
671,O,719B6A48C203AFBA
671,O,4BF5A563B95D2F42
671,O,9AD628EDE1178D24
671,O,3147FEC6D6DC535A
671,O,4830E097480D3AD6
671,O,EE1C91F3EDCEBB7E
671,O,277B784B9369F9E1
671,O,85363AEF68CB6277
671,O,5A7CD7DCB08F92C2
671,O,ED29F1957E0D38EC
671,O,A082B0B376063B20
671,O,579FD884D6371179
671,O,B1150B18848D0598
671,O,3332ED875BCFFB7C
671,O,1EE34E904F2AEC25
671,O,1A213BD9F2753CDE
671,O,FBBA97AE1E9F4B53
671,I,FBBA97AE1E9F4B53
671,I,7F3F90F0B2C4306B
671,I,05E2DF7FFDEA4F9A
671,I,90268774329160D9
671,I,96BA48FFCBDB7791
671,I,2208DE69AD7B38DA
671,I,C355E5F825B9864F
671,I,38B4D64E5D9DA9AB
671,I,7C27E54D8AEC683A
671,I,6D9D9FDA28C09FC0
671,I,3227505D6CDA32C9
671,I,7906D320A27CAD88
671,I,EC839AE65935149B
671,I,AE4E8F82AD65348C
671,I,225E8FAE869B3308
671,I,86B81946F9FA57FB
671,I,A07CC0A6D462A579
671,I,4EE6F43CF8D6217D
671,I,9541036143D6CCF1
671,I,1A0BCDF4BDC3E1A9
671,I,A4EBD881BA65C831
671,I,05C0C27B083F2C00
671,I,322A5914FD96DE4B
671,I,33D2B3AB9D2CCDF3
671,I,D678B3364437D16B
671,I,2EF9764BE18FC290
671,I,25F3EF8ACD865DFB
671,I,FDFA7692A141612F
671,I,83BB162ED5F1355F
671,I,7380707A36C032B9
671,I,60D0B9706B352D1C
671,I,8570495BD7C63C02
671,I,F374B56E275194D8
671,I,F6512E7C4A6D5C2E
671,I,9AC3AFC5216B9711
671,I,7ABFD50CAA98A9D1
671,I,A0FDF34B2D278750
671,I,CC0EA05EEADFA481
671X,O,FBBA97AE1E9F4B53
671X,O,7F3F90F0B2C4306B
671X,O,05E2DF7FFDEA4F9A
671X,O,90268774329160D9
671X,O,96BA48FFCBDB7791
671X,O,2208DE69AD7B38DA
671X,O,C355E5F825B9864F
671X,O,38B4D64E5D9DA9AB
671X,O,7C27E54D8AEC683A
671X,O,6D9D9FDA28C09FC0
671X,O,3227505D6CDA32C9
671X,O,7906D320A27CAD88
671X,O,EC839AE65935149B
671X,O,AE4E8F82AD65348C
671X,O,225E8FAE869B3308
671X,O,D678B3364437D16B
671X,O,2EF9764BE18FC290
671X,O,25F3EF8ACD865DFB
671X,O,FDFA7692A141612F
671X,O,83BB162ED5F1355F
671X,O,7380707A36C032B9
671X,O,60D0B9706B352D1C
671X,O,8570495BD7C63C02
671X,O,F374B56E275194D8
671X,O,F6512E7C4A6D5C2E
671X,O,9AC3AFC5216B9711
671X,O,7ABFD50CAA98A9D1
671X,O,A0FDF34B2D278750
671X,O,CC0EA05EEADFA481
673,O,F6C4CEFB8C5DB31F
673,O,FC6CB9607D36FBD7
673,O,A67D189D438E1534
673,O,B986375ED4762DA9
673,O,A7C1A969F48B62C0
673,O,D3E18D04B69DF388
673,O,C4F843F93CDCBE64
673,O,4235BA400EB10F0E
673,O,879A98CD29D9433F
673,O,A22E315AD21129EB
673,O,944EC71DD1731BE0
673,O,EF78DD9F765C6565
673,O,BFAE1E951D3B63EC
673,O,C67060F448591E4F
673,O,84AF6F0ACA61386F
673,O,FFBEBD7068E01EA4
673,O,DBF0C952CAA654B5
673,O,A51DD43F6382CCDE
673,O,F7F2BD04BE667369
673,O,BBFDDE87E6A6DD13
673,O,D073FFE1CF019F1F
673,O,4572EAE6E84619CD
673,O,BB8FFA4BD4D2501B
673,O,E80FF60621E3B42B
673,O,B471F4B9E9CB6DB7
673,O,DC5AC2E3C1153288
673,O,255CE76A95FC1A80
673,O,C7392BC1280A591E
673,O,24450906E5F3A75F
673,I,24450906E5F3A75F
673,I,1E964671BE4EC7B5
673,I,46CB01C7F12428A3
673,I,D5FEF340EE98A7E8
673,I,3FCC00D1D01ACD28
673,I,AD1B202B678A3B56
673,I,C88DEC0AF0D1102B
673,I,B241331CC87A36D4
673,I,B4F3F0D547580CE2
673,I,F1A22B170518051B
673,I,3DB9E473F29FCDEE
673,I,84C5EBC00642536A
673,I,42E86F97FAC8F719
673,I,991E47DBD416B908
673,I,9274EF6791CA3ED8
673,I,0F3FA9B7D07A91F3
673,I,C837C3C549793472
673,I,9BE3D659E4C144D2
673,I,B6C8902A10BA6EFC
673,I,000CFEE2F92DC17B
673,I,53BB93AAB2D45F3B
673,I,E960E8842F9C633D
673,I,1380D71251D0CBF9
673,I,B85E71E9AFF5B087
673,I,D78B86AB419E84B3
673,I,EBE1766B508217AF
673,I,EE775A73D626A46E
673,I,D417A444017171C6
673,I,F6C4CEFB8C5DB31F
673A,O,F6C4CEFB8C5DB31F
673A,O,FC6CB9607D36FBD7
673A,O,A67D189D438E1534
673A,O,B986375ED4762DA9
673A,O,A7C1A969F48B62C0
673A,O,D3E18D04B69DF388
673A,O,C4F843F93CDCBE64
673A,O,4235BA400EB10F0E
673A,O,879A98CD29D9433F
673A,O,A22E315AD21129EB
673A,O,944EC71DD1731BE0
673A,O,87F9F165B63331A5
673A,O,BFAE1E951D3B63EC
673A,O,C67060F448591E4F
673A,O,9AD79D5854941F81
673A,O,923E5B79E1B48739
673A,O,FA52803E2628A212
673A,O,84AF6F0ACA61386F
673A,O,FFBEBD7068E01EA4
673A,O,DBF0C952CAA654B5
673A,O,A51DD43F6382CCDE
673A,O,F7F2BD04BE667369
673A,O,BBFDDE87E6A6DD13
673A,O,D073FFE1CF019F1F
673A,O,4572EAE6E84619CD
673A,O,BB8FFA4BD4D2501B
673A,O,E80FF60621E3B42B
673A,O,B471F4B9E9CB6DB7
673A,O,DC5AC2E3C1153288
673A,O,E959938F3B4FF318
673A,I,24450906E5F3A75F
673A,I,1E964671BE4EC7B5
673A,I,46CB01C7F12428A3
673A,I,D5FEF340EE98A7E8
673A,I,3FCC00D1D01ACD28
673A,I,AD1B202B678A3B56
673A,I,C88DEC0AF0D1102B
673A,I,B241331CC87A36D4
673A,I,B4F3F0D547580CE2
673A,I,F1A22B170518051B
673A,I,3DB9E473F29FCDEE
673A,I,84C5EBC00642536A
673A,I,42E86F97FAC8F719
673A,I,991E47DBD416B908
673A,I,9274EF6791CA3ED8
673A,I,3AD4DADA5B941CF2
673A,I,CA9E9870D7B2FF36
673A,I,D0FB28B8EED62431
673A,I,FA52803E2628A212
673A,I,0F3FA9B7D07A91F3
673A,I,C837C3C549793472
673A,I,9BE3D659E4C144D2
673A,I,B6C8902A10BA6EFC
673A,I,000CFEE2F92DC17B
673A,I,53BB93AAB2D45F3B
673A,I,E960E8842F9C633D
673A,I,1380D71251D0CBF9
673A,I,B85E71E9AFF5B087
673A,I,D78B86AB419E84B3
673A,I,EBE1766B508217AF
673A,I,EE775A73D626A46E
673A,I,D417A444017171C6
673A,I,F6C4CEFB8C5DB31F
673P,O,F6C4CEFB8C5DB31F
673P,O,FC6CB9607D36FBD7
673P,O,A67D189D438E1534
673P,O,B986375ED4762DA9
673P,O,A7C1A969F48B62C0
673P,O,D3E18D04B69DF388
673P,O,C4F843F93CDCBE64
673P,O,4235BA400EB10F0E
673P,O,879A98CD29D9433F
673P,O,A22E315AD21129EB
673P,O,944EC71DD1731BE0
673P,O,EF78DD9F765C6565
673P,O,BFAE1E951D3B63EC
673P,O,C67060F448591E4F
673P,O,84AF6F0ACA61386F
673P,O,FFBEBD7068E01EA4
673P,O,DBF0C952CAA654B5
673P,O,2809891AD217DE74
673P,O,88F517E7C0852793
673P,O,EB9531CB75DC2589
673P,O,D5A6AEBAF245B472
673P,O,5BF4FC6B133FAFF8
673P,O,55371F963B58DC5B
673P,O,11CE1FD8440A89D3
673P,O,4AA350AD8FFF4786
673P,O,B8FBAC0A201E0F2C
673P,O,E959938F3B4FF318
678,O,F6C4CEFB8C5DB31F
678,O,98EBAB9468C80DD2
678,O,6DD6B837EF1FA76C
678,O,AFD29CB1A4F71AB9
678,O,60952B4A38F3D82E
678,O,D67917549F3DC8A3
678,O,EE81A30BE4BDC8AC
678,O,9AD79D5854941F81
678,O,923E5B79E1B48739
678,O,FA52803E2628A212
678,O,FFBEBD7068E01EA4
678,O,9535298A652873DB
678,O,FD752B76C5C6517B
678,O,6EB240B51722FF5C
678,O,C26B0B206E75F5CC
678,O,264D807284BEF1A8
678,O,0A9E349E178D498C
678,O,1E8FB68865850810
678,O,73A2A03BA9A23247
678,O,3328A22FC67A46F9
678,O,745B539CC1A71251
678,O,DDAA6CA9D68D3BA5
678,O,DA2677E4FF848D7C
678,O,65DFA1F84CD5A03B
678,O,29A14A56FBEFADB4
678,O,C24F73B268A1722C
678,O,16800E0FC0A78B87
678,I,16800E0FC0A78B87
678,I,9541036143D6CCF1
678,I,1A0BCDF4BDC3E1A9
678,I,A4EBD881BA65C831
678,I,05C0C27B083F2C00
678,I,322A5914FD96DE4B
678,I,33D2B3AB9D2CCDF3
678,I,B6E124DFD59022EF
678,I,0B071FC4D33FC334
678,I,A34AEEFEFB3013FC
678,I,633C082A94176ED0
678,I,7ADCBB1CA80611B0
678,I,BB8D798D19066A35
678,I,1A03767DB7C1824D
678,I,991E47DBD416B908
678,I,9274EF6791CA3ED8
678,I,14BDB94A8F3ED3EC
678,I,D0FB28B8EED62431
678,I,C7120BD9A94B4F6A
678,I,825199DC3BC0C5A3
678,I,ADB9356BBF06F7C7
678,I,8E3F5AE0A97053F9
678,I,D876A83244ECB838
678,I,F6C4CEFB8C5DB31F
680,O,0C81107C4ABFCD56
680,O,3C61E9226688CA79
680,O,8507CD56EB29D1CF
680,O,15FF958BE6921BAA
680,O,1D6A8B8C58C268FF
680,O,F86BDB236D6ACDC3
680,O,664BAA2EA12B80B1
680,O,30553FA19D045D25
680,O,4A3D71FFAB41B756
680,O,A78292AA77A277A7
680,O,578C11F0F4197509
680,O,A295FD27A4E5A7C5
680,O,C43782B93826F4CD
680,O,2223D64E9ED2E1A7
680,O,FFBEBD7068E01EA4
680,O,9535298A652873DB
680,O,B71025EB663E736F
680,O,8D05916401FE8BCB
680,O,3F3DBD185AC10BBE
680,O,29BF740504C5EEB6
680,O,1C36A07970C8909A
680,O,9F72AC7E3C3CE65C
680,O,85342AE6060B2214
680,O,265B143AC892EE78
680,O,B65DB5330193E38E
680,O,D15281453EE5E0B4
680,O,A0934516C3FE8D29
680,O,D2F2B3C5436007C2
680,O,8F5D8F5379BAD19C
680,O,0C81107C4ABFCD56
680,O,3C61E9226688CA79
680,O,8507CD56EB29D1CF
680,O,15FF958BE6921BAA
680,O,0CAB5EE71EF19B76
680,O,1D6A8B8C58C268FF
680,O,F86BDB236D6ACDC3
680,O,664BAA2EA12B80B1
680,O,30553FA19D045D25
680,O,4A3D71FFAB41B756
680,O,A78292AA77A277A7
680,O,578C11F0F4197509
680,O,A295FD27A4E5A7C5
680,O,C43782B93826F4CD
680,O,2223D64E9ED2E1A7
680,O,FFBEBD7068E01EA4
680,O,9535298A652873DB
680,O,B71025EB663E736F
680,O,8D05916401FE8BCB
680,O,3F3DBD185AC10BBE
680,O,29BF740504C5EEB6
680,O,1C36A07970C8909A
680,O,9F72AC7E3C3CE65C
680,O,85342AE6060B2214
680,O,265B143AC892EE78
680,O,B65DB5330193E38E
680,O,D15281453EE5E0B4
680,O,A0934516C3FE8D29
680,O,D2F2B3C5436007C2
680,O,8F5D8F5379BAD19C
680,I,8F5D8F5379BAD19C
680,I,60012869923EEE68
680,I,1B5E6822783B914B
680,I,36904A9AD2C13B32
680,I,CCBCD7F613287BC8
680,I,B4372FB3544677BB
680,I,913E96996F3B7E3A
680,I,328C9939240A94CA
680,I,58C47FBFFF12E65F
680,I,4AEB8A22E18AB111
680,I,AE4423E551C360BF
680,I,9DE043DB23CEDAA8
680,I,991E47DBD416B908
680,I,C57C924EEB5463E5
680,I,02CF8D1FE31E9A09
680,I,B8E228521E55C7C5
680,I,40829C12642639D4
680,I,16A7F2C343AA6DE6
680,I,4B0E21EDF07F9C83
680,I,1CF4AE2F7045B848
680,I,E27820FF0AF73D52
680,I,6F5592E4FF8A35E8
680,I,857F6F958A96DCDB
680,I,B31E6B9D8E5B4493
680,I,46D02E1C1CD82C9A
680,I,5E082FCF5C58328C
680,I,4B5F39DBC6671C81
680,I,0C81107C4ABFCD56
680B,O,46F034381CE08F9C
680B,O,25FB047753EFD115
680B,O,6B46C7E695EF21CF
680B,O,FFBEBD7068E01EA4
680B,O,9535298A652873DB
680B,O,B71025EB663E736F
680B,O,8D05916401FE8BCB
680B,O,3F3DBD185AC10BBE
680B,O,29BF740504C5EEB6
680B,O,1C36A07970C8909A
680B,O,9F72AC7E3C3CE65C
680B,O,85342AE6060B2214
680B,O,265B143AC892EE78
680B,O,B65DB5330193E38E
680B,O,D15281453EE5E0B4
680B,O,A0934516C3FE8D29
680B,O,D2F2B3C5436007C2
680B,O,8F5D8F5379BAD19C
680P,O,E22B819E638307CC
680P,O,8337F935242C5CC3
680P,O,761CDB62DC025007
680P,O,15FF958BE6921BAA
680P,O,1D6A8B8C58C268FF
680P,O,F86BDB236D6ACDC3
680P,O,30553FA19D045D25
680P,O,4A3D71FFAB41B756
680P,O,A78292AA77A277A7
680P,O,FFBEBD7068E01EA4
680P,O,9535298A652873DB
680P,O,B71025EB663E736F
680P,O,8D05916401FE8BCB
680P,O,3F3DBD185AC10BBE
680P,O,29BF740504C5EEB6
680P,O,1C36A07970C8909A
680P,O,9F72AC7E3C3CE65C
680P,O,85342AE6060B2214
680P,O,265B143AC892EE78
680P,O,B65DB5330193E38E
680P,O,D15281453EE5E0B4
680P,O,A0934516C3FE8D29
680P,O,D2F2B3C5436007C2
680P,O,8F5D8F5379BAD19C
680X,O,E22B819E638307CC
680X,O,8337F935242C5CC3
680X,O,6BD93B827893E41E
680X,O,3C61E9226688CA79
680X,O,8507CD56EB29D1CF
680X,O,15FF958BE6921BAA
680X,O,1D6A8B8C58C268FF
680X,O,F86BDB236D6ACDC3
680X,O,FFBEBD7068E01EA4
680X,O,9535298A652873DB
680X,O,C9109584C37A5B98
680X,O,970DA2E578488682
680X,O,38C9E6D10257D167
680X,O,228D031FB197691F
680X,O,F0B6112380784741
680X,O,BC3B6E69D606932B
680X,I,BC3B6E69D606932B
680X,I,4FCF8ED4A60F9769
680X,I,77D08D8DF5A80932
680X,I,E499DA804188827F
680X,I,B7EE8C907E1E50C0
680X,I,60012869923EEE68
680X,I,1B5E6822783B914B
680X,I,36904A9AD2C13B32
680X,I,CCBCD7F613287BC8
680X,I,B4372FB3544677BB
680X,I,913E96996F3B7E3A
680X,I,31EA5920FFF0DBBF
680X,I,991E47DBD416B908
680X,I,C57C924EEB5463E5
680X,I,6F5592E4FF8A35E8
680X,I,857F6F958A96DCDB
680X,I,B31E6B9D8E5B4493
680X,I,46D02E1C1CD82C9A
680X,I,5E082FCF5C58328C
680X,I,4B5F39DBC6671C81
680X,I,4CC126E0B1E42F14
680X,I,A90443FD0C19C4B1
680X,I,E22B819E638307CC
681,O,A81CBBDC8206A166
681,O,FA8CD68ED6042BE2
681,O,E51DA37997BE59A8
681,O,CDA6257743B1D479
681,O,3007D34FB91FB27E
681,O,1AB934EFE0E1470A
681,O,1B5E6822783B914B
681,O,638FE52F0D97B5FC
681,O,A07CC0A6D462A579
681,O,9E25CF3DAA0BA0C4
681,O,9541036143D6CCF1
681,O,DDEB0396969D004B
681,O,991E47DBD416B908
681,O,C57C924EEB5463E5
681,O,E27820FF0AF73D52
681,O,6F5592E4FF8A35E8
681,O,5E073AD8BC9F2AC8
681,O,B31E6B9D8E5B4493
681,O,0D0D7E774E1C1575
681,O,7005EE5654387B8A
681,I,BA6D9F93E62B8075
681,I,1D6A8B8C58C268FF
681,I,F86BDB236D6ACDC3
681,I,664BAA2EA12B80B1
681,I,FFBEBD7068E01EA4
681,I,DBF0C952CAA654B5
681,I,182976403F291FE0
681,I,82F385AE99820D83
681,I,B4BC12D061EC853E
681,I,6ACA5143BB7C496B
681,I,A95174A6FE24B3A6
681,I,F91F9405B5B06039
681,I,EA4BD96DD55D585C
681,I,A81CBBDC8206A166
681P,O,F1F906098E7C35E9
681P,O,857F6F958A96DCDB
681P,O,03354DBC3AD86BAC
681P,O,96B7D7C8DF39E707
681P,O,6B46C7E695EF21CF
681P,O,D9328F386A03DC36
681P,O,ECE98AAA81373891
681P,O,2CC81AE9D0A0E668
681P,O,46F034381CE08F9C
681P,O,4A3D71FFAB41B756
681P,O,A78292AA77A277A7
681P,O,FFBEBD7068E01EA4
681P,O,DBF0C952CAA654B5
681P,O,182976403F291FE0
681P,O,B8760F28D7938609
681P,O,3225E407F87D904C
681P,O,DD5CDB226E98FD0B
681P,O,78A74247AE9B466E
681P,O,16A987682D402255
681P,I,BD9D7DAC7CD2F537
681P,I,89ED5D96534CED83
681P,I,59073C1C6D8BB1F7
681P,I,A9069A17B1474D76
681P,I,3007D34FB91FB27E
681P,I,1AB934EFE0E1470A
681P,I,1B5E6822783B914B
681P,I,638FE52F0D97B5FC
681P,I,A07CC0A6D462A579
681P,I,9E25CF3DAA0BA0C4
681P,I,9541036143D6CCF1
681P,I,DDEB0396969D004B
681P,I,991E47DBD416B908
681P,I,C57C924EEB5463E5
681P,I,16A7F2C343AA6DE6
681P,I,4B0E21EDF07F9C83
681P,I,1CF4AE2F7045B848
681P,I,11A1533C3B63F3E4
681P,I,1BD5318E1C647F83
681P,I,651489E8C0A626A1
681P,I,6B46C7E695EF21CF
681P,I,F489213E82621D3F
681P,I,31DA09E74ABD87CD
681P,I,842DC076B16BE3A2
681P,I,96B1EEEF3B7B29A0
690,O,A54B523A325432E8
690,O,ABC15E2110BF7A49
690,O,BC66863007C0592B
690,O,848CA90EB0DB1146
690,O,7486D53F341F1AAC
690,O,C73A03D6C468B767
690,O,FFFA7F14EBC1BB1E
690,O,0246D8407B61118D
690,O,24627F9D79F25721
690,O,4D30DF225016CBB0
690,O,883E42D32C6AD101
690,O,5BEC0CCDD7EE4A8C
690,O,42C6BA7F38987023
690,O,A75AAAA36A33C563
690,O,3EF537320681EE89
690,O,E0558D2901ECC032
690,O,745B539CC1A71251
690,O,DDAA6CA9D68D3BA5
690,O,DA2677E4FF848D7C
690,O,5B0682EF0C8397A2
690,O,78277EF9D0189DED
690,O,6A2B162370C1EA01
690,O,EEBF538FE7455434
690,O,93D084D7713119D8
690,O,9B01BEC701652627
690,O,3225E407F87D904C
690,O,4395252CFDC7AB1F
690,O,8CD39F19DD49D504
690,O,A54B523A325432E8
690,O,ABC15E2110BF7A49
690,O,BC66863007C0592B
690,O,848CA90EB0DB1146
690,O,7486D53F341F1AAC
690,O,C73A03D6C468B767
690,O,FFFA7F14EBC1BB1E
690,O,0246D8407B61118D
690,O,24627F9D79F25721
690,O,4D30DF225016CBB0
690,O,883E42D32C6AD101
690,O,5BEC0CCDD7EE4A8C
690,O,42C6BA7F38987023
690,O,A75AAAA36A33C563
690,O,3EF537320681EE89
690,O,E0558D2901ECC032
690,O,745B539CC1A71251
690,O,DDAA6CA9D68D3BA5
690,O,DA2677E4FF848D7C
690,O,65DFA1F84CD5A03B
690,O,29A14A56FBEFADB4
690,O,C24F73B268A1722C
690,O,124B8C8972C7E0EC
690,O,3CF1CD8C227AB562
690,O,B998E5EA894F464C
690,O,A0424645102B1D9C
690,O,6ACA5143BB7C496B
690,O,D2F5C3E1405DB8B6
690,O,F91F9405B5B06039
690,O,8CD39F19DD49D504
690,I,8CD39F19DD49D504
690,I,228D031FB197691F
690,I,5298A15B8CCAEF42
690,I,A9069A17B1474D76
690,I,3007D34FB91FB27E
690,I,255401DABB64289D
690,I,16CE9E8D17681839
690,I,A71457854D13E9DE
690,I,2B9DA1FE14596F2E
690,I,A07CC0A6D462A579
690,I,4EE6F43CF8D6217D
690,I,9541036143D6CCF1
690,I,1A0BCDF4BDC3E1A9
690,I,A4EBD881BA65C831
690,I,05C0C27B083F2C00
690,I,322A5914FD96DE4B
690,I,33D2B3AB9D2CCDF3
690,I,991E47DBD416B908
690,I,2EF9764BE18FC290
690,I,ED8812E232F6958A
690,I,3EB5320C2212F52F
690,I,DF7F22DF4F8A9D11
690,I,1078119989C67B82
690,I,3047EC57E5BC5FA6
690,I,544FDBB0FC074ABC
690,I,E86C2ACAFC72D243
690,I,68799FD9ECBF50B1
690,I,A54B523A325432E8
690P,O,A54B523A325432E8
690P,O,ABC15E2110BF7A49
690P,O,BC66863007C0592B
690P,O,848CA90EB0DB1146
690P,O,7486D53F341F1AAC
690P,O,C73A03D6C468B767
690P,O,0246D8407B61118D
690P,O,24627F9D79F25721
690P,O,4D30DF225016CBB0
690P,O,883E42D32C6AD101
690P,O,5BEC0CCDD7EE4A8C
690P,O,42C6BA7F38987023
690P,O,A75AAAA36A33C563
690P,O,3EF537320681EE89
690P,O,E0558D2901ECC032
690P,O,182976403F291FE0
690P,O,B8760F28D7938609
690P,O,4395252CFDC7AB1F
690P,O,8CD39F19DD49D504
690S,O,5016E25156D72ADA
690S,O,AF2DB48410CC6EC3
690S,O,54FCA9F5D8F3587E
690S,O,4E7C1C7F6D191BCB
690S,O,815BC43527FD9247
690S,O,E51AC47DDDA21250
690S,O,B3F2EC8E42FA3184
690S,O,2307DECBF51E9D7F
690S,O,E3DF87A934DC95EE
690S,O,182976403F291FE0
690S,O,B8760F28D7938609
690S,O,3225E407F87D904C
690S,O,A95174A6FE24B3A6
690S,O,F91F9405B5B06039
690S,O,8CD39F19DD49D504
690S,I,8CD39F19DD49D504
690S,I,228D031FB197691F
690S,I,5298A15B8CCAEF42
690S,I,A9069A17B1474D76
690S,I,3007D34FB91FB27E
690S,I,255401DABB64289D
690S,I,16CE9E8D17681839
690S,I,A71457854D13E9DE
690S,I,2B9DA1FE14596F2E
690S,I,A07CC0A6D462A579
690S,I,4EE6F43CF8D6217D
690S,I,9541036143D6CCF1
690S,I,DDEB0396969D004B
690S,I,E8149C288DA7DF33
690S,I,07142A6203E50A47
690S,I,E92E009DE3307F85
690S,I,E51AC47DDDA21250
690S,I,0A1D83D50B49933D
690S,I,38A37564B3F3CACF
690S,I,6C3F6AF77695CAE9
690S,I,D732B7AE560F7326
690S,I,99A3DFDBDF41F0E9
848,O,E236AF9D2E0B82DB
848,O,620E14F31DA31490
848,O,0E61C7B5C90B8CAF
848,O,CE2E93A0D850F21F
848,O,387ABDCA2814CA84
848,O,13824F71E7DB6109
848,O,81BBDC83713D1C2F
848,O,F3432DFEDE7E7AA0
848,O,AAB411C52D067AD1
848,O,6A20A74A8B3F78A3
848,O,0E65D3EC41A1D34B
848,O,508B02C5E209E802
848,O,6C11A9780213BBBB
848,O,716A72D0EAAC8738
868,O,BD830C5E8AAE1C74
868,O,D893FD9E88E2A98D
868,O,5941DC3E9FA7BE8B
868,O,F8D8D0AED9889278
868,O,CA793BE80FF68AE2
868,O,81B719F7DC3F0FAD
868,O,9E8E99C5BB698AC2
868,O,EFA7876734213321
868,I,EFA7876734213321
868,I,620E14F31DA31490
868,I,5FDA47671B5557B3
868,I,939E0C584E1A1C3C
868,I,0115F5FC6A7772C3
868,I,E083D2189A733B79
868,I,BC8F3F54B096B69F
868,I,8660BDF2C013FAC2
869,O,EFA7876734213321
869,O,6A4B371546D489BF
869,O,CCBBE2779B1765C4
869,O,78AD2432201EF5EE
869,O,D9CE618F99BAC2B6
869,O,1B0FD9C27F5FE0BE
869,O,A010FE2C473103A8
869,O,A264A7BA921EEE6E
869,O,ABE1BADF8D43CB24
869,O,6A90A40248059768
869,O,48D55BCE2E97E1DE
869,O,FBBF4EB577663A13
869,O,F97A667725CDEB82
869,O,63DF37D89C356A04
869,O,FE801C732EC6EA42
869,O,6D4E7B9D5F9584E7
869,O,5D9E516680412A3E
869,O,A264255E81F51111
869,O,4C86E1F44AE9C25B
869,O,308112BE50081258
869,O,537F93CCE45CB56F
869,O,0AE307AC4840B867
872,O,610D6DDB5A3E99F1
872,O,CC70125C02A60585
872,O,C06FB5A6B411531F
872,O,E83A9BC796627F57
872,O,D10D7250FE345946
872,O,A44D983C2E3C7F1D
872,O,DF3F6652DC307265
872,O,D4136D223D5EFF10
872,O,57E8535707AE3EEB
872,O,B05D756C845FA4D4
872,O,84FB4D7D386169D7
872,O,7A8EFDDC5E341FCD
872,O,193F348597404EFC
872,O,D03560F5A7014BB3
872,O,C97621D676C9EFE6
872,O,D9E7FBC3599B5EE0
872,O,CDB292D507E4302D
872,O,05485C36CA334A81
872,O,530F970BB56D778D
872,O,6716018C3EE42733
872,O,27222F0DE22582ED
872X,O,610D6DDB5A3E99F1
872X,O,CDB292D507E4302D
872X,O,05485C36CA334A81
872X,O,530F970BB56D778D
872X,O,6716018C3EE42733
872X,O,27222F0DE22582ED
887,O,EE03BF690B5829A6
887,O,2431FF3100478DEE
887,O,ED6FCB0422D541F5
887,O,330F82C1677EEC3D
887,O,98FCC750B322B706
887,O,98735B91CBE6B102
887,O,EEB8F0A7B9A9AA7D
887,O,1EC9ED318297A470
887,O,7ADC6D521E6BECE6
887,O,E02E10C9135624F9
887,O,405DE12B9200AD9F
887,O,145515B1D2C60CAF
887,O,DBF574C877BF4AC5
888,O,791219D96C10F0A9
888,O,7421C8745B4EDF25
888,O,8EFA13840D1272E8
888,O,99B9CAA698C36C5E
889,O,0F76C05C69B00953
889,O,326199D24220A42B
889,O,F893C6ABC2743F64
889,O,B27236FC63F891D9
889,O,96A6FE5F07BDF203
889,O,2150919C68CAE98E
889,O,4A8AAC7402C3F60F
889,O,D9B53E4B3A192940
889,O,4BD5CE5106BB0697
889,O,6465DE9EE57F6C94
889,O,4D3C6D74F6AE8C7D
889,O,0B8C52E4C34E3B64
889,O,144E9479168069DD
889,O,7459D3AB11AFD6B5
889,O,9C839C3824F47A6A
889,O,CB4BB0008A87E4FC
889,O,40FF132FB8E77051
889,O,B08CA4B3CDCF142A
889,O,CF18D17DE7B40350
889,O,736E84A8060D2AB9
889,O,CB4B52222877C32F
889,O,6B9496267BEFF02A
889,O,B9D7AE7CB0C56556
889,O,DA29C9192B8D12DC
889,O,23727783D2D3E994
889,O,EF17FDCDDF170D38
889,O,657899B3C4E4F4A5
891,O,7C5D14A31975829E
891,O,326199D24220A42B
891,O,D360B3EBF155C15A
891,O,713BF17AF24FE4DA
891,O,FA09C95ECE002018
891,O,586EF0AC07C58499
891,O,B2B63870BF0309F5
891,O,4BB3E2907D3ED1CB
891,O,052D737A85CAFFB4
891,O,1C79BF0732EDBD9C
891,O,AE4D7869B643DAA2
891,O,69B5D7E02401C25B
891,O,4EEABE3D756581FB
891,O,C3427DE8E291FFA6
893,O,0F76C05C69B00953
893,O,FFBEBD7068E01EA4
893,O,3EB5320C2212F52F
893,O,4E62491AA640A5EB
893,O,3E8B459E94CD57E5
893,O,69B96A44A754E404
893,O,5016E25156D72ADA
893,O,336FF66D1F0AC4A0
893,O,43C8B0C86DE8805D
893,O,ECD84D5B8C52642B
893,O,1078119989C67B82
893,O,3047EC57E5BC5FA6
893,O,544FDBB0FC074ABC
893,O,E86C2ACAFC72D243
893,O,3CEDAAAC5071EF7B
893,O,D4D418BAEAC719B0
900,O,2260C9C02C307D45
900,O,5747450359C7907C
900,O,33ABA49F0E91A247
900,O,023E9E5A9E073E1A
900,O,B464BD6334A93FA1
900,O,5C2A974134634635
900,O,A0D379E172F5BC93
900,O,853CD1316EB5227B
900,O,BE6EC9708F5FB613
900,O,F4CC6B75BA4F647E
900,O,7012718FDFC57D32
900,O,480DB16994F8FFEE
900,O,673B33867260EBB7
900,O,E18D73287340B634
900,O,28B264A688848238
900,O,FFB52BC25F0AB482
900,O,3D880BF3426C8C0B
900,O,3FCC00D1D01ACD28
900,O,3E63535258CAA9BB
900,O,D27B34CA3854232D
900,I,D27B34CA3854232D
900,I,B603EBE7441D0A64
900,I,47A2AA98F8E20AE2
900,I,FD91979BDA3DE7D8
900,I,A63B90588F747496
900,I,83B717529F9794BC
900,I,98FEDCA813462C77
900,I,A81B13297DB1C481
900,I,13E0A0449C73F4DE
900,I,DEBD2B9A856C0B1F
900,I,3F21ED54F86D9B1D
900,I,7EC5C567E35D2805
900,I,142BE7225B0BB745
900,I,AFC5E64568DBB2D5
900,I,739A5DDE0CF1970C
900,I,9E95343C77BB85E2
900,I,2D1A8946EF054FC9
900,I,BE940A2F1B154D6E
900,I,E8F5E085BAEFE100
900,I,3313B37BF82AFF18
900,I,5747450359C7907C
900,I,2260C9C02C307D45
900,I,D27B34CA3854232D
900,I,B603EBE7441D0A64
900,I,47A2AA98F8E20AE2
900,I,FD91979BDA3DE7D8
900,I,A63B90588F747496
900,I,83B717529F9794BC
900,I,98FEDCA813462C77
900,I,A81B13297DB1C481
900,I,13E0A0449C73F4DE
900,I,DEBD2B9A856C0B1F
900,I,3F21ED54F86D9B1D
900,I,7EC5C567E35D2805
900,I,142BE7225B0BB745
900,I,AFC5E64568DBB2D5
900,I,548DB838B4673D93
900,I,739A5DDE0CF1970C
900,I,9E95343C77BB85E2
900,I,2D1A8946EF054FC9
900,I,BE940A2F1B154D6E
900,I,E8F5E085BAEFE100
900,I,3313B37BF82AFF18
900,I,E42EE04A4E8CC11D
900X,O,2260C9C02C307D45
900X,O,5747450359C7907C
900X,O,33ABA49F0E91A247
900X,O,023E9E5A9E073E1A
900X,O,B464BD6334A93FA1
900X,O,5C2A974134634635
900X,O,A0D379E172F5BC93
900X,O,853CD1316EB5227B
900X,O,BE6EC9708F5FB613
900X,O,480DB16994F8FFEE
900X,O,673B33867260EBB7
900X,O,E18D73287340B634
900X,O,28B264A688848238
900X,O,FFB52BC25F0AB482
900X,O,3D880BF3426C8C0B
900X,O,3FCC00D1D01ACD28
900X,O,3E63535258CAA9BB
900X,O,D27B34CA3854232D
904,O,B9F19D629C894FEE
904,O,79BB89DA868D93CF
904,O,BE47845FF3E717FC
904,O,ACA7282A66D0A29B
904,O,FF3CD465098B03A5
904,O,9DA9C859E574B8B4
904,O,A701BCC43DF54B6B
904,O,FC28F96F0BAF8FF7
904,O,652BD65D62F807DE
904,O,E553B839AD6A8C3D
904,O,DEB3135B3EBB8E9C
904,O,7B98BAE3D93817AC
904,O,5FD9F31BE3249D43
904,O,5CA7841E84D52C8A
904,O,6E764374E3F36BBB
904,O,3B8B261C1DA409BD
904,O,0F5CEC693FD6EB66
904,O,07E603DFCBEAEA77
904,O,1BA80A40CD423D33
904,O,CEEA538B2BDFE329
904,O,85060261088757CD
904,O,B0764B3D836822DE
904,O,82F73F339C0E0E45
904,I,82F73F339C0E0E45
904,I,96223D2AFB9BDA16
904,I,0ED8503933F861D8
904,I,CEFDCD673C8E07B4
904,I,85CB8068F5EE5C72
904,I,A1034BF3E773BB68
904,I,1C6C94ABE1C78BBB
904,I,7C99CFD0D8908BE7
904,I,5A0D9C9441ED6AC5
904,I,9BF9C994F2DAE15D
904,I,E6915B4BA88D2DB5
904,I,A7F35DC09E1A1528
904,I,35423FEB8DE2C34D
904,I,730AB612DCDF58C8
904,I,1A85A6C132C4197F
904,I,C3FD63E226246052
904,I,098AF67CBBB9FBA9
904,I,0BADB28A19C2E0BE
904,I,A1AA846971415968
904,I,6188A6666E298598
904,I,70349D91EC82AFE1
904,I,E35B5F1B80E085E6
904,I,EBEF10F95443B217
904,I,B9F19D629C894FEE
905,O,2F8E1900654BF56C
905,O,79BB89DA868D93CF
905,O,BE47845FF3E717FC
905,O,F01F8CF411A34AA7
905,O,FF3CD465098B03A5
905,O,9DA9C859E574B8B4
905,O,A701BCC43DF54B6B
905,O,FC28F96F0BAF8FF7
905,O,652BD65D62F807DE
905,O,E553B839AD6A8C3D
905,O,DEB3135B3EBB8E9C
905,O,7B98BAE3D93817AC
905,O,5FD9F31BE3249D43
905,O,5CA7841E84D52C8A
905,O,6E764374E3F36BBB
905,O,3B8B261C1DA409BD
905,O,0F5CEC693FD6EB66
905,O,E75C2398E14CDF56
905,O,96A2D8B9A0BB1A71
905,O,16DA5BA89307EDC2
905,O,E89C6DCF25D25B3B
905,O,98CB0D8D3F739CC1
905,O,CE1BEC7176C47D52
905,O,4FCF8ED4A60F9769
905,O,77D08D8DF5A80932
905,O,0B5173319F41B63C
905,O,94DD695443E28D10
905,O,32744B2FF962A824
905,O,4A182203F1AD6C2E
905,O,8FC6D695940F0933
905,I,8FC6D695940F0933
905,I,68139B105CBE1812
905,I,3B984EDD1277F1A9
905,I,64A04DC2ADEE57E6
905,I,B1DE024B06DE2EC7
905,I,74EE2ECB1A3773E9
905,I,C0B3CCF700EDA89C
905,I,8ED2EBBD73781C58
905,I,0AB51B6742BD37E4
905,I,0F3CD50DC7D4F385
905,I,1749ED5AAA821C85
905,I,A72EB7FC6BB34E40
905,I,B6606A91B6DE64E3
905,I,07E603DFCBEAEA77
905,I,7C99CFD0D8908BE7
905,I,5A0D9C9441ED6AC5
905,I,9BF9C994F2DAE15D
905,I,E6915B4BA88D2DB5
905,I,A7F35DC09E1A1528
905,I,35423FEB8DE2C34D
905,I,730AB612DCDF58C8
905,I,1A85A6C132C4197F
905,I,C3FD63E226246052
905,I,098AF67CBBB9FBA9
905,I,0BADB28A19C2E0BE
905,I,A1AA846971415968
905,I,6188A6666E298598
905,I,70349D91EC82AFE1
905,I,E35B5F1B80E085E6
905,I,EBEF10F95443B217
905,I,2F8E1900654BF56C
905A,O,8FC6D695940F0933
905A,O,68139B105CBE1812
905A,O,3B984EDD1277F1A9
905A,O,64A04DC2ADEE57E6
905A,O,B1DE024B06DE2EC7
905A,O,74EE2ECB1A3773E9
905A,O,C0B3CCF700EDA89C
905A,O,8ED2EBBD73781C58
905A,O,0AB51B6742BD37E4
905A,O,0F3CD50DC7D4F385
905A,O,1749ED5AAA821C85
905A,O,A72EB7FC6BB34E40
905A,O,B6606A91B6DE64E3
905A,O,07E603DFCBEAEA77
905A,O,7C99CFD0D8908BE7
905A,O,7FC13D26792F63F9
905A,O,1E88575F644EF7D4
905A,O,A8762A74241E8027
905A,O,0BADB28A19C2E0BE
905A,O,A1AA846971415968
905A,O,6188A6666E298598
905A,O,70349D91EC82AFE1
905A,O,E35B5F1B80E085E6
905A,O,EBEF10F95443B217
905A,O,2F8E1900654BF56C
905P,O,2F8E1900654BF56C
905P,O,79BB89DA868D93CF
905P,O,BE47845FF3E717FC
905P,O,3CB360C4C4AA1098
905P,O,3046236EDF1850D4
905P,O,1BD82E4312536F0C
905P,O,25215C60B06337AF
905P,O,C163B1F33533C2A9
905P,O,6A225A9CB16BC4BB
905P,O,F5098BFD784B8FAB
905P,O,DBF574C877BF4AC5
905P,O,3B8B261C1DA409BD
905P,O,0F5CEC693FD6EB66
905P,O,E75C2398E14CDF56
905P,O,96A2D8B9A0BB1A71
905P,O,16DA5BA89307EDC2
905P,O,E89C6DCF25D25B3B
905P,O,98CB0D8D3F739CC1
905P,O,CE1BEC7176C47D52
905P,O,4FCF8ED4A60F9769
905P,O,77D08D8DF5A80932
905P,O,0B5173319F41B63C
905P,O,94DD695443E28D10
905P,O,32744B2FF962A824
905P,O,4A182203F1AD6C2E
907C,O,C28681F6959BE178
907C,O,2D2F0A476CB1FEF5
907C,O,81293E4174C24FD5
907C,O,378DA3C43904CFF9
907C,O,9FBD2D7974A0AB50
907C,O,F1F1C3A91C6EB439
907C,O,27222F0DE22582ED
907C,O,325FDAE396B59480
907C,O,597CE200C2824BEE
907C,O,7AC279608B65128C
907C,O,12E4BAFA2B73435B
907C,O,E18D73287340B634
907C,O,F4D2D9D3575AECF6
907C,O,89ED5D96534CED83
907C,O,AE6FE615893E8C89
907C,O,3007D34FB91FB27E
907C,O,1AB934EFE0E1470A
907C,O,16CE9E8D17681839
907C,O,E727E56EF8937CD1
907C,I,7467743E276518E9
907C,I,3B487B85E3F07416
907C,I,67387941757BB9DC
907C,I,FACA192DB8589295
907C,I,7C99CFD0D8908BE7
907C,I,CDB292D507E4302D
907C,I,4EF065C6D7FCCFE7
907C,I,530F970BB56D778D
907C,I,6716018C3EE42733
907C,I,3DDE81FE5DB08180
907C,I,1A0BF02F827F6A20
907C,I,18E4449F4C5CE30B
907C,I,E796B592A3D045F0
907C,I,F9C14690633CE7E0
907C,I,7BCFD79F22F60457
907C,I,628613296EF92C64
907C,I,0962265A8720C38C
907C,I,C28681F6959BE178
907D,O,F9AB54847EF884BB
907D,O,8C1810DE2419A30B
907D,O,56F79FB1FC157E22
907D,O,95B249916F323BD4
907D,O,F1F1C3A91C6EB439
907D,O,27222F0DE22582ED
907D,O,ACDCC9E65172243D
907D,O,12E4BAFA2B73435B
907D,O,74648B92E0E80E2E
907D,O,261392BB77CC768D
907D,O,33ABA49F0E91A247
907D,O,023E9E5A9E073E1A
907D,O,B644204AEDE7A031
907D,O,5C2A974134634635
907D,O,A0D379E172F5BC93
907D,O,853CD1316EB5227B
907D,O,BE6EC9708F5FB613
907D,O,63C467254154B6B5
907D,O,A34AEEFEFB3013FC
907D,O,633C082A94176ED0
907D,O,7ADCBB1CA80611B0
907D,O,F63A6E7548CF6D44
907D,O,3408E0103E0757F3
907D,O,B2E49C1CAD0A95A5
907D,O,6ABBD9BC03DFAB0E
907D,O,0DD75DC664712A9B
907D,O,72F07CA66230A1BE
907D,O,EC157EA93B3DD279
907D,O,FACE7DC841CEF78F
907D,O,41E537666558ED07
907D,O,687325CD84BA96A0
907D,O,B83A88488B3F6EAB
907D,O,D533E8F25C189485
907D,O,0F421E6B729C2D24
907D,O,27039EC5E64E6137
907D,O,5FA65E4D6CD094FF
907D,O,11865531C7042E29
907D,O,1CB893E0DE8F8B43
907D,I,E7EEC8527FE110F4
907D,I,E9CA5B9AFBBDADBA
907D,I,2567DBD44B8B1328
907D,I,339DE84A73768EDC
907D,I,906F89BBA32AEF7E
907D,I,3D5712E812B2A644
907D,I,BB5C1DCDD6B2BC9D
907D,I,B3C1FF6025D7CB3A
907D,I,22186D34914B7805
907D,I,073E1DD8599E7315
907D,I,F95F577CD58D9091
907D,I,0441EF89B8EEEFFF
907D,I,75767448DA6FA081
907D,I,4073C7B5B3D72456
907D,I,EBBFDA8142CCE90D
907D,I,96B1319F18A47BA5
907D,I,175CBF43CD330A0A
907D,I,350EBC52D2ABF3D8
907D,I,7297D36F7092CEFC
907D,I,A334D0EC59D94F8D
907D,I,996069D6FEF7D71A
907D,I,C1C7CB15FEEE14AB
907D,I,C00C986B85A2220E
907D,I,3328A22FC67A46F9
907D,I,739A5DDE0CF1970C
907D,I,9E95343C77BB85E2
907D,I,2D1A8946EF054FC9
907D,I,DADEC4FDAD7C58B3
907D,I,E8F5E085BAEFE100
907D,I,79FD1B44D37205B8
907D,I,369A5601F8A63B5E
907D,I,A339426A8F633D63
907D,I,CDB292D507E4302D
907D,I,FB5500F0D32629B2
907D,I,BBFADA4889A61FCC
907D,I,3DDE81FE5DB08180
907D,I,1A0BF02F827F6A20
907D,I,9FDEEC09AD1B601B
907D,I,E796B592A3D045F0
914,O,366341F6311738C5
914,O,1BD82E4312536F0C
914,O,25215C60B06337AF
914,O,7B3074F34B2D6D01
914,O,98AB21EAFF27FE09
914,O,62A80759AABB1937
914,O,9A773DDB814933C1
914,O,C163B1F33533C2A9
914,O,6A225A9CB16BC4BB
914,O,F5098BFD784B8FAB
914,O,1C7C526A52EF9171
914,O,6085C420AB7E6FF9
914,O,4AF8DE7DC96BCF83
914,O,50DAF4168DAE2978
914,O,466111DE1A3E4656
914,O,CE1BEC7176C47D52
914,O,4FCF8ED4A60F9769
914,O,77D08D8DF5A80932
914,O,04601C2FB7201CAA
914,O,E74202351AF7F37D
914,O,85D7313CCE53D396
914,O,36904A9AD2C13B32
914,O,1F3870BB293E9DAF
914,O,DB3C788ACBB6668D
914,O,DF901EF2F9A46F7B
914,O,6F206EE9D2AF0838
914,I,6F206EE9D2AF0838
914,I,16A17C98A3C1F354
914,I,CB57F3C6E52C89F0
914,I,F9504B1154C49129
914,I,F8E10FE7A5E12FAC
914,I,0016BA6EDE99B8E3
914,I,265B143AC892EE78
914,I,B65DB5330193E38E
914,I,A0424645102B1D9C
914,I,64A04DC2ADEE57E6
914,I,B1DE024B06DE2EC7
914,I,74EE2ECB1A3773E9
914,I,C0B3CCF700EDA89C
914,I,8ED2EBBD73781C58
914,I,6B7C2A21D95241A5
914,I,3CA62A3B1C8415D0
914,I,98F2067168C267FE
914,I,F2BD88B8D506E78A
914,I,16F899DA5289900D
914,I,B96E368FC17CD0B0
914,I,420E7970087AD769
914,I,520C9836ACAECDF9
914,I,22FE13158B36FE48
914,I,67064412B0E9D9A6
914,I,242DFDBDBFA2034A
914,I,EF568D9658FEF62C
914,I,CC14CF9E8A163F34
914,I,CC9AE3EF28E5725F
914,I,2D30B4FAF44D2398
914,I,366341F6311738C5
914P,O,366341F6311738C5
914P,O,1BD82E4312536F0C
914P,O,25215C60B06337AF
914P,O,A411F9374FB2879B
914P,O,B31576A5B6E630FE
914P,O,F5098BFD784B8FAB
914P,O,1C7C526A52EF9171
914P,O,466111DE1A3E4656
914P,O,CE1BEC7176C47D52
914P,O,4FCF8ED4A60F9769
914P,O,FA8CD68ED6042BE2
914P,O,0B5173319F41B63C
914P,O,94DD695443E28D10
914P,O,32744B2FF962A824
914P,O,B3BC9C1C632F98B2
914P,O,DF901EF2F9A46F7B
914P,O,6F206EE9D2AF0838
914X,O,366341F6311738C5
914X,O,1BD82E4312536F0C
914X,O,25215C60B06337AF
914X,O,7B3074F34B2D6D01
914X,O,98AB21EAFF27FE09
914X,O,62A80759AABB1937
914X,O,9A773DDB814933C1
914X,O,C163B1F33533C2A9
914X,O,6A225A9CB16BC4BB
914X,O,F5098BFD784B8FAB
914X,O,1C7C526A52EF9171
914X,O,6085C420AB7E6FF9
914X,O,4AF8DE7DC96BCF83
914X,O,50DAF4168DAE2978
914X,O,466111DE1A3E4656
914X,O,CE1BEC7176C47D52
914X,O,4FCF8ED4A60F9769
914X,O,FA8CD68ED6042BE2
914X,O,0B5173319F41B63C
914X,O,94DD695443E28D10
914X,O,32744B2FF962A824
914X,O,B3BC9C1C632F98B2
914X,O,DF901EF2F9A46F7B
914X,O,6F206EE9D2AF0838
917,O,66168D255D3077A1
917,O,133C7D2962C7F1BC
917,O,29D98E0E28755105
917,O,B6F2BC9C6F568478
917,O,E125CB2691C02A61
917,O,50470E768697ADE7
917,O,6ABB8BFDA0132477
917,O,1D80459A1AF65555
917,O,8DB16246038679CC
917,O,1026E085ACAE345F
917,O,062F5F255FB38C8E
917,O,6E5B15E36D4974D6
917,O,A41AC473B50767ED
917,O,D2AC8846BCEA7087
917,O,F3B757A8186D86A1
917,O,EE8C89F86C4F0D9E
917,O,28DFA05F3568D012
917,O,26671B4CC52F33A5
917,O,16CDF274B0FC2E28
917,O,0B2C69CD189C9BE9
917,O,3E8814306C1A5DB7
917,O,A67A34E89E860BB8
917,O,3546486D807D1FF5
917,O,AAF800DFE742FCB4
917,O,8A85D89B672BDDFA
917,O,575CA240786FAB73
917,O,BE33055826E32CAB
917,O,A522C32E5DA5C278
917,O,9013CD4C1D5BFF3E
917,O,86696A7A219A96D3
917,O,E36580E9EEC875E9
917,I,D7F8C61F76C45F89
917,I,BF0A23DBB6214531
917,I,9979D6EC18DD14EE
917,I,2C6555A9FE21053D
917,I,DA5348EA9D654299
917,I,A77C2444E9324740
917,I,31EBD82ED5BCDF93
917,I,FDD1B3049B7557F1
917,I,515244AC39630F51
917,I,6307B2B4322BFAE2
917,I,A4E21AA314CC9F29
917,I,3550013C1DDCF3FD
917,I,1DCE093D2EE130F4
917,I,3E4798BDD3338214
917,I,120F182BCFED3296
917,I,56FFA51D4E998AF4
917,I,F7009E4B6F151294
917,I,358B4B88B63C3FF8
917,I,B2837AAA73B059FA
917,I,684B031BA12C2F5C
917,I,B52342B1F8528379
917,I,C963DBD0ED515E2E
917,I,97C341CA98FD0C0E
917,I,B5EC4C562F8CC8DA
917,I,F48E6CCAAF536A7F
917,I,5810DE2A3A5AC8DE
917,I,8B420E737F154F81
917,I,A552AA2858C2E0F2
917,I,BBC0FF260FA8618E
918,O,CBA0D271ED709D14
918,O,B190B4EE3D663C7D
918,O,B3E9198D7E377749
918,O,372CAD789479077E
918,O,1C8D366A8E0235D2
918,O,A99EAA9BF58E4AAE
918,O,9DD7971F2245445A
918,O,38E98CDA66797431
918,O,7B000C45829679BB
918,O,B42C02E04782AA24
918,O,B0E5C563CE57C375
918,O,7934A27F6D03DED6
918,O,12A827339D5B8454
918,O,C03A261956EEC378
918,O,163FC4BF240AFA4F
918,O,F264DF2F9F784D9F
918,O,286C969B42180EA0
918,O,D44D25EEC381AE44
918,O,66E438CBC36DA32F
918,O,47331F05FE637843
918,O,81423EF62957C8C6
918,O,A30F5B94F215CCBA
918,O,0F63227B1059FB0A
918,O,DC0ACF01ABE34E06
918,O,ECEBA677BFFECC4B
918,O,9064D9087DDD5811
918,O,AEE2BF6EF1B0E46E
918,O,16C6B12E0609B683
918,O,5868CBF1CE627437
918,I,F158D6A7E4B11A35
918,I,AC23815E9EE706A2
918,I,1F01222C3FA70452
918,I,275DFEB8CD10D6C6
918,I,527795AF6DEC209C
918,I,911D0729433130DA
918,I,811FB8DCC6291CAB
918,I,18447EC46C82C949
918,I,EB9CE4C04C42159E
918,I,78B21BFA082E3A4F
918,I,9B141D5F54B50B8D
918,I,14F32FE7E25220F7
918,I,E9D461B27264E10C
918,I,147A9F32CAF4E111
918,I,851A8AF37A521C3B
918,I,27C85B117FE98A5B
918,I,D28FBFA4FB62E93C
918,I,5C90B394C135CDC1
918,I,50B174D21ADD3A77
918,I,544EACB723E5EAC8
918,I,55D4F8EB67764C98
918,I,6BAD600ACE13F305
918,I,8709FE759542F799
918,I,461929A6C01B5EF2
918,I,18A684D59CEFCE8E
918,I,0FA88F978E9AEE82
918,I,FCBFCA78F105A7FD
934,O,88F78BDD9BDD7636
934,O,3DD784D9B2C30AFC
934,O,939FE9A08B99174C
934,O,CAEEAD91F339D3DA
934,O,033CB7A21D6DC60C
934,O,72F743E4D464E498
934,O,28B264A688848238
934,O,709C8604AFB90F27
934,O,8379C4B1265C27F7
934,O,C804CCACB2781EEE
934,O,AD1B202B678A3B56
934,O,B30799FB3732222B
934,I,C3D2F84C0F0FF415
934,I,47A2AA98F8E20AE2
934,I,CAC48CE541F0E887
934,I,A63B90588F747496
934,I,B471F4B9E9CB6DB7
934,I,7397A6CBBD749279
934,I,DEBD2B9A856C0B1F
934,I,9B664F8FD4E76E48
934,I,DC420AE60BA9F523
934,I,BFA3460955AC820C
934,I,5FB1FCAF80F3D97D
934,I,9CD69A8A588B2F8D
934,I,88F78BDD9BDD7636
934A,O,A6DCDE5BE439B179
934A,O,38C7D227DA221E77
934A,O,1FBE6A92A88835D3
934A,O,C5C940CF1281B923
934A,O,40A0B70767CA3F13
934A,O,ACCABC765E3F0961
934A,O,CAF9395414DBD090
934A,O,C9E264A3F9D4CEB3
934A,O,72F743E4D464E498
934A,O,28B264A688848238
934A,O,709C8604AFB90F27
934A,O,8379C4B1265C27F7
934A,O,C804CCACB2781EEE
934A,O,AD1B202B678A3B56
934A,O,B30799FB3732222B
934A,I,C3D2F84C0F0FF415
934A,I,47A2AA98F8E20AE2
934A,I,7AD56B4986828A09
934A,I,CAC48CE541F0E887
934A,I,A63B90588F747496
934A,I,B471F4B9E9CB6DB7
934A,I,7397A6CBBD749279
934A,I,DEBD2B9A856C0B1F
934A,I,F3432DFEDE7E7AA0
934A,I,7019D5AE9C63EE72
934A,I,D711AFA9658D51E9
934A,I,3F545756160D7BEA
934A,I,50C0A622B149C308
934A,I,A73739F6D37090EE
934A,I,07814531B88CD829
934A,I,A722DAAC99CE03D4
934A,I,5FD70A34C55CE590
934A,I,A6DCDE5BE439B179
935,O,3597DD106B5CD29F
935,O,264B29FD223D9C4E
935,O,AE7C79C814E6BD95
935,O,C5294C92C5C6E334
935,O,D39CFEB43490567F
935,O,1423FCFF61709EAC
935,O,D46D92A924B2F0FC
935,O,4E3FEA4E559A5D16
935,O,BB04686A2E0D7578
935,O,72F743E4D464E498
935,O,28B264A688848238
935,O,709C8604AFB90F27
935,O,8379C4B1265C27F7
935,O,C804CCACB2781EEE
935,O,AD1B202B678A3B56
935,O,B30799FB3732222B
935,O,51177BE1EFDE8D1E
935,O,A13C2C1D5D3EE0D7
935,O,AE7C79C814E6BD95
935,O,C5294C92C5C6E334
935,O,D39CFEB43490567F
935,O,1423FCFF61709EAC
935,O,D46D92A924B2F0FC
935,O,4E3FEA4E559A5D16
935,O,BB04686A2E0D7578
935,O,72F743E4D464E498
935,O,28B264A688848238
935,O,709C8604AFB90F27
935,O,8379C4B1265C27F7
935,O,C804CCACB2781EEE
935,O,AD1B202B678A3B56
935,O,B30799FB3732222B
935,I,C3D2F84C0F0FF415
935,I,47A2AA98F8E20AE2
935,I,7AD56B4986828A09
935,I,CAC48CE541F0E887
935,I,C0667F887514F03F
935,I,7397A6CBBD749279
935,I,DEBD2B9A856C0B1F
935,I,D17DA49D5EFC6DD4
935,I,140E4137EAC319B5
935,I,8C6EF1266E4EE05B
935,I,D2ACD052AFD5900A
935,I,F718BAC64885E69E
935,I,C95751DB2112F279
935,I,F7AD8DE682AD5BB3
935,I,3A10F716CC6102DE
935,I,3597DD106B5CD29F
936,O,873B57DCAC177674
936,O,D1A1DF2BDC842EE5
936,O,33A7AB58611A0F6D
936,O,0A1DAEAFFDFF0B66
936,O,30000427BD163F84
936,O,066AA1A504714A20
936,O,D2ACD052AFD5900A
936,O,C95751DB2112F279
936,O,F7AD8DE682AD5BB3
936,O,3A10F716CC6102DE
936,O,8CF45DD1D6B1FA4D
936,O,A91E6B3E8A9A7B34
936,O,3C9A7C5FE12B8BCB
936,O,26EB1A3C1E17889A
936,O,C3672D8D28801773
936,O,9A412252B10AD2FF
936,O,66FB0FCA51BFD6A3
936,O,C586D7C1DBA5A4B3
936,O,A5250E1C9C2E5B65
936,O,CCAD6B9A4B1CFFD8
936,O,466111DE1A3E4656
936,O,28B264A688848238
936,O,709C8604AFB90F27
936,O,8379C4B1265C27F7
936,O,B4EBE05A59376062
936,O,33D9DBB7E4754BFD
936,O,3E63535258CAA9BB
936,O,A70E3450F9432F54
936,O,4C333C4D4E80902B
936,O,F1A22B170518051B
936,O,7F0D726107B2540E
936,O,9F25118F734F288B
936,O,A10A69465DCE5402
936,O,1A9362BE56274030
936,O,498836D151ECC5ED
936,I,498836D151ECC5ED
936,I,455C67DEE3D3E649
936,I,BBFDDE87E6A6DD13
936,I,D073FFE1CF019F1F
936,I,569100345CF1E324
936,I,B603EBE7441D0A64
936,I,47A2AA98F8E20AE2
936,I,CAC48CE541F0E887
936,I,A63B90588F747496
936,I,A0C1BB5A1A985802
936,I,DC5AC2E3C1153288
936,I,7397A6CBBD749279
936,I,AF049AE41CC182FC
936,I,DEBD2B9A856C0B1F
936,I,F8A31970F2A8E25C
936,I,F1DE119543E382D9
936,I,D355B700FF30B3D7
936,I,44EA73AE2E27AC12
936,I,B4F2BAAED2470D0A
936,I,75C0DF6C7724CEEA
936,I,EBF4EB34B96BC242
936,I,3FE93821145B65F5
936,I,264B29FD223D9C4E
936,I,26C0B01357752657
936,I,C84CAD6CCD18F87F
936,I,478ACE8A8C9A2705
936,I,A13C2C1D5D3EE0D7
936,I,AE7C79C814E6BD95
936,I,C5294C92C5C6E334
936,I,D39CFEB43490567F
936,I,257A6E19DD7F156C
936,I,28A57C043C111604
936,I,F82CDE4D15A43CA3
936,I,DEDD6247441C8C05
936,I,3B54D43994CAC165
936,I,D9655458715EBBF8
936,I,EE3B40DBD54D6708
936A,O,873B57DCAC177674
936A,O,D1A1DF2BDC842EE5
936A,O,33A7AB58611A0F6D
936A,O,0A1DAEAFFDFF0B66
936A,O,30000427BD163F84
936A,O,066AA1A504714A20
936A,O,D2ACD052AFD5900A
936A,O,8CF45DD1D6B1FA4D
936A,O,A91E6B3E8A9A7B34
936A,O,3C9A7C5FE12B8BCB
936A,O,A7516C49B99EFD78
936A,O,C3672D8D28801773
936A,O,9A412252B10AD2FF
936A,O,CCAD6B9A4B1CFFD8
936A,O,466111DE1A3E4656
936A,O,28B264A688848238
936A,O,709C8604AFB90F27
936A,O,8379C4B1265C27F7
936A,O,B4EBE05A59376062
936A,O,33D9DBB7E4754BFD
936A,O,3E63535258CAA9BB
936A,O,A70E3450F9432F54
936A,O,4C333C4D4E80902B
936A,O,F1A22B170518051B
936A,O,7F0D726107B2540E
936A,O,9F25118F734F288B
936A,O,A10A69465DCE5402
936A,O,1A9362BE56274030
936A,O,498836D151ECC5ED
936A,I,498836D151ECC5ED
936A,I,455C67DEE3D3E649
936A,I,BBFDDE87E6A6DD13
936A,I,D073FFE1CF019F1F
936A,I,569100345CF1E324
936A,I,B603EBE7441D0A64
936A,I,47A2AA98F8E20AE2
936A,I,7AD56B4986828A09
936A,I,CAC48CE541F0E887
936A,I,A63B90588F747496
936A,I,A0C1BB5A1A985802
936A,I,DC5AC2E3C1153288
936A,I,7397A6CBBD749279
936A,I,AF049AE41CC182FC
936A,I,DEBD2B9A856C0B1F
936A,I,F8A31970F2A8E25C
936A,I,F1DE119543E382D9
936A,I,D355B700FF30B3D7
936A,I,44EA73AE2E27AC12
936A,I,B4F2BAAED2470D0A
936A,I,75C0DF6C7724CEEA
936A,I,EBF4EB34B96BC242
936A,I,3FE93821145B65F5
936A,I,264B29FD223D9C4E
936A,I,86D7BB9BA055D8A6
936A,I,C24776F20FE877FF
936A,I,257A6E19DD7F156C
936A,I,28A57C043C111604
936A,I,30000427BD163F84
945,O,E63F94561E97C533
945,O,46C9B5997CFBF8C2
945,O,C67C7D69D2EDA292
945,O,C466F7104D101BED
945,O,693C1DEE3AEEEE51
945,O,A4EDC4D5E336D4B4
945,O,8144A0422908BE73
945,O,3E1D9EABF11829F2
945,O,4C78B66918ACB647
945,I,064C195509AC01EE
945,I,BFEC36AAF24DCFCC
945,I,DF0F8F9667BADA6A
945,I,6DED9BB3FAD04626
945,I,CC16DAD26A76901D
945,I,BA20545E77FA6C62
945,I,A15836A4CAF064BF
948,O,00EC5193F83C6F76
948,O,79842A7E2FC0844F
948,O,FF5CF18C5510B901
948,O,7E50BA0974C3B983
948,O,4E870B220826BEE0
948,O,5AD2A4D21C226335
948,O,A454170B2B59B587
948,O,973EBE6A3543C701
948,O,AB87BD2749FFEACA
948,O,D0BE5E470FE2AD0B
948,O,67F3E54FF145BA65
948,O,F02CE37AD01DF17E
948,O,3A9EE9221AB3E27C
948,O,7192051038B36F08
948,O,1A37A52F97A04C81
948,O,CA60760D2303E6D0
948,O,466111DE1A3E4656
948,O,CE1BEC7176C47D52
948,O,C93D9BCDD63A360F
948,O,ECA27B00E599556A
948,O,D0C67A916767F79B
948,O,04601C2FB7201CAA
948,O,E74202351AF7F37D
948,O,85D7313CCE53D396
948,O,36904A9AD2C13B32
948,O,1F3870BB293E9DAF
948,O,DB3C788ACBB6668D
948,O,DF901EF2F9A46F7B
948,O,6F206EE9D2AF0838
948,I,6F206EE9D2AF0838
948,I,BCA3944D7B62C178
948,I,F8E10FE7A5E12FAC
948,I,0016BA6EDE99B8E3
948,I,265B143AC892EE78
948,I,B65DB5330193E38E
948,I,A0424645102B1D9C
948,I,64A04DC2ADEE57E6
948,I,EC2573EE5FF42AAC
948,I,B4962A215D3DFA65
948,I,6B7C2A21D95241A5
948,I,DEBD2B9A856C0B1F
948,I,6DF1AF2871D4B7D9
948,I,196A1E44C305C174
948,I,BDE0F1679E1C8ABF
948,I,13458794A52910B0
948,I,67DFAB691BECE339
948,I,6D016EBFA090D535
948,I,04D3244DD2B38746
948,I,59B81980AC8F7878
948,I,4236C502F947A6DF
948,I,C78F66DF6FA871B6
948,I,8D7CB6C3D48258D6
948,I,CA1C0FB0345F9675
948,I,A2BE47AFF20CD4F6
948,I,CC6B75E6D60B4C57
948,I,26AC2D471648CA0C
948,I,00EC5193F83C6F76
948A,O,8013D41156BC24BD
948A,O,4E870B220826BEE0
948A,O,5AD2A4D21C226335
948A,O,A454170B2B59B587
948A,O,973EBE6A3543C701
948A,O,AB87BD2749FFEACA
948A,O,D0BE5E470FE2AD0B
948A,O,67F3E54FF145BA65
948A,O,F02CE37AD01DF17E
948A,O,3A9EE9221AB3E27C
948A,O,7192051038B36F08
948A,O,1A37A52F97A04C81
948A,O,CA60760D2303E6D0
948A,O,466111DE1A3E4656
948A,O,CE1BEC7176C47D52
948A,O,C93D9BCDD63A360F
948A,O,ECA27B00E599556A
948A,O,D0C67A916767F79B
948A,O,04601C2FB7201CAA
948A,O,E74202351AF7F37D
948A,O,85D7313CCE53D396
948A,O,36904A9AD2C13B32
948A,O,1F3870BB293E9DAF
948A,O,DB3C788ACBB6668D
948A,O,DF901EF2F9A46F7B
948A,O,6F206EE9D2AF0838
948B,O,973EBE6A3543C701
948B,O,AB87BD2749FFEACA
948B,O,D0BE5E470FE2AD0B
948B,O,67F3E54FF145BA65
948B,O,F02CE37AD01DF17E
948B,O,3A9EE9221AB3E27C
948B,O,7192051038B36F08
948B,O,1A37A52F97A04C81
948B,O,07F45B3B36DFDDAE
948B,O,CA60760D2303E6D0
948B,O,466111DE1A3E4656
948B,O,CE1BEC7176C47D52
948B,O,C93D9BCDD63A360F
948B,O,ECA27B00E599556A
948B,O,D0C67A916767F79B
948B,O,04601C2FB7201CAA
948B,O,E74202351AF7F37D
948B,O,85D7313CCE53D396
948B,O,36904A9AD2C13B32
948B,O,1F3870BB293E9DAF
948B,O,DB3C788ACBB6668D
948B,O,DF901EF2F9A46F7B
948B,O,6F206EE9D2AF0838
948E,O,9E42D981C59B5762
948E,O,AFC36FC71B4E124E
948E,O,79842A7E2FC0844F
948E,O,FF5CF18C5510B901
948E,O,7E50BA0974C3B983
948E,O,4E870B220826BEE0
948E,O,5AD2A4D21C226335
948E,O,A454170B2B59B587
948E,O,973EBE6A3543C701
948E,O,AB87BD2749FFEACA
948E,O,D0BE5E470FE2AD0B
948E,O,67F3E54FF145BA65
948E,O,F02CE37AD01DF17E
948E,O,3A9EE9221AB3E27C
948E,O,7192051038B36F08
948E,O,1A37A52F97A04C81
948E,O,CA60760D2303E6D0
948E,O,43EA87C958C75F33
948E,O,5B3607391C595532
948E,O,D429372493B73002
948E,O,57C02E8F67CF625E
948E,I,645A7596916EBCC1
948E,I,6B0BCBBF0D4F4033
948E,I,1D05F0BF8EA4314F
948E,I,3FDB920D421F74BA
948E,I,DEBD2B9A856C0B1F
948E,I,6DF1AF2871D4B7D9
948E,I,196A1E44C305C174
948E,I,BDE0F1679E1C8ABF
948E,I,13458794A52910B0
948E,I,67DFAB691BECE339
948E,I,6D016EBFA090D535
948E,I,04D3244DD2B38746
948E,I,59B81980AC8F7878
948E,I,4236C502F947A6DF
948E,I,C78F66DF6FA871B6
948E,I,8D7CB6C3D48258D6
948E,I,CA1C0FB0345F9675
948E,I,A2BE47AFF20CD4F6
948E,I,CC6B75E6D60B4C57
948E,I,26AC2D471648CA0C
948E,I,6E22023A7DF1B381
948E,I,9E42D981C59B5762
948P,O,8013D41156BC24BD
948P,O,4E870B220826BEE0
948P,O,5AD2A4D21C226335
948P,O,A454170B2B59B587
948P,O,973EBE6A3543C701
948P,O,21A1859E80CD542A
948P,O,466111DE1A3E4656
948P,O,CE1BEC7176C47D52
948P,O,4FCF8ED4A60F9769
948P,O,77D08D8DF5A80932
948P,O,04601C2FB7201CAA
948P,O,E74202351AF7F37D
948P,O,85D7313CCE53D396
948P,O,36904A9AD2C13B32
948P,O,1F3870BB293E9DAF
948P,O,DB3C788ACBB6668D
948P,O,DF901EF2F9A46F7B
948P,O,6F206EE9D2AF0838
948X,O,26AC2D471648CA0C
948X,O,FF5CF18C5510B901
948X,O,3A9EE9221AB3E27C
948X,O,7192051038B36F08
948X,O,1A37A52F97A04C81
948X,O,CA60760D2303E6D0
948X,O,466111DE1A3E4656
948X,O,CE1BEC7176C47D52
948X,O,4FCF8ED4A60F9769
948X,O,77D08D8DF5A80932
948X,O,04601C2FB7201CAA
948X,O,E74202351AF7F37D
948X,O,85D7313CCE53D396
948X,O,36904A9AD2C13B32
948X,O,1F3870BB293E9DAF
948X,O,DB3C788ACBB6668D
948X,O,DF901EF2F9A46F7B
948X,O,6F206EE9D2AF0838
960,O,274BF3A877FB8E6C
960,O,ECE3F3BE270C27E2
960,O,594A765BE3A43C73
960,O,507D90B4B976DBD6
960,O,1F6BFDF34BABCE6A
960,O,19B569A51034271F
960,O,1AD9C759A42F9003
960,O,EB64718829DFC071
960,O,92A8D40E66E76F6B
960,O,DD56DC2336C878C1
960,O,8121695666A4D9CE
960,O,C2787E27F82716BF
960,O,376C4835851621D4
960,O,ACB5FEA2BF9FC5AD
960,O,72F743E4D464E498
960,O,25D811895B82ABCA
960,O,709C8604AFB90F27
960,O,8379C4B1265C27F7
960,O,C804CCACB2781EEE
960,O,AD1B202B678A3B56
960,O,B30799FB3732222B
960,O,ADC51A7EEEE43D6F
960,I,ADC51A7EEEE43D6F
960,I,C3D2F84C0F0FF415
960,I,47A2AA98F8E20AE2
960,I,6F9CEABEE36E8682
960,I,A63B90588F747496
960,I,83B717529F9794BC
960,I,1D8A902219897402
960,I,A81B13297DB1C481
960,I,13E0A0449C73F4DE
960,I,AD97EA183A25102C
960,I,DFE346B2C7332BC0
960,I,2B3A6C000BB085CD
960,I,25BC743BF6EB726E
960,I,BC301D7E7F063331
960,I,CBE54DB551C24A02
960,I,629D4E7DD9EF1AC6
960,I,B3B160F8F8017035
960,I,6AE148CA74FC4D53
960,I,C192BEF2264E0CC6
960,I,542CC0EC83BAEA01
960,I,840532B7C95DF870
960,I,315BE0CA231DCD4F
960,I,274BF3A877FB8E6C
960A,O,4AA350AD8FFF4786
960A,O,B8FBAC0A201E0F2C
960A,O,16F1654702825C04
960A,O,AD97EA183A25102C
960A,O,DFE346B2C7332BC0
960A,O,872110C8ADA14DA1
960A,O,25BC743BF6EB726E
960A,O,7AC6625D894BA101
960A,O,CBE54DB551C24A02
960A,O,78B537644BD4FE00
960A,O,542CC0EC83BAEA01
960A,O,840532B7C95DF870
960A,O,315BE0CA231DCD4F
960A,O,EDF4C2EAFDBD4693
960A,O,12CF2025741EF844
960A,O,580D52F4D93CAD9B
960A,O,3199543D3AE70527
960A,O,F1D1F84A466543BE
960A,O,CDE9BBBDE0226995
960A,O,664C6FCE94BB37FD
960B,O,6F4DAAD065795B4D
960B,O,8A573E6526B8EF88
960B,O,1D53F0BB47AB8441
960B,O,AD97EA183A25102C
960B,O,DFE346B2C7332BC0
960B,O,88229183EDC0B6E9
960B,O,64312A5DFF11636C
960B,O,CB2A65E69B2B71BE
960B,O,5A592ED96E34B583
960B,O,5D14B75687F60509
960B,O,69EA07FBAB612E68
960B,O,7F4EB0203DF27B35
960B,O,F4D9335688592803
960B,O,C192BEF2264E0CC6
960B,O,542CC0EC83BAEA01
960B,O,840532B7C95DF870
960B,O,315BE0CA231DCD4F
960B,O,274BF3A877FB8E6C
960B,I,274BF3A877FB8E6C
960B,I,ECE3F3BE270C27E2
960B,I,594A765BE3A43C73
960B,I,507D90B4B976DBD6
960B,I,1F6BFDF34BABCE6A
960B,I,19B569A51034271F
960B,I,B3CCA98CC6CE7C8C
960B,I,490F1A302D8C32FC
960B,I,1B21C4E917FBA155
960B,I,C1BF4509359B0895
960B,I,B91C7278E5A48DCF
960B,I,ABDD74161F650B6E
960B,I,123A364D76B2CE5D
960B,I,376C4835851621D4
960B,I,CA6AB8446B694566
960B,I,E18D73287340B634
960B,I,18B12EFC0F896CF2
960B,I,85CACCFD0C731C5B
960B,I,A77FC2D2F11EC88B
960C,O,664C6FCE94BB37FD
960C,O,406864EDEB186C9A
960C,O,B954B8082D1AA9B0
960C,O,E01BD8E1BEC29EA6
960C,O,E16D49ECA536ECC6
960C,O,F224A907BD68406A
960C,O,4F36FEF121788834
960C,O,ECE3F3BE270C27E2
960C,O,594A765BE3A43C73
960C,O,507D90B4B976DBD6
960C,O,1F6BFDF34BABCE6A
960C,O,F7BE579A89615965
960C,O,DD56DC2336C878C1
960C,O,8121695666A4D9CE
960C,O,C2787E27F82716BF
960C,O,376C4835851621D4
960C,O,ACB5FEA2BF9FC5AD
960C,O,72F743E4D464E498
960C,O,25D811895B82ABCA
960C,O,709C8604AFB90F27
960C,O,8379C4B1265C27F7
960C,O,C804CCACB2781EEE
960C,O,AD1B202B678A3B56
960C,O,B30799FB3732222B
960C,O,4C333C4D4E80902B
960C,O,F1A22B170518051B
960C,O,69F0130ADB11EF8B
960C,O,17B98BD1165A7B92
960C,I,CFC063BFE7F6F67B
960C,I,BBFDDE87E6A6DD13
960C,I,D073FFE1CF019F1F
960C,I,569100345CF1E324
960C,I,C3D2F84C0F0FF415
960C,I,F5BB84FC3C97BC6A
960C,I,11CE1FD8440A89D3
960C,I,4AA350AD8FFF4786
960C,I,B8FBAC0A201E0F2C
960C,I,16F1654702825C04
960C,I,AD97EA183A25102C
960C,I,DFE346B2C7332BC0
960C,I,872110C8ADA14DA1
960C,I,25BC743BF6EB726E
960C,I,7AC6625D894BA101
960C,I,CBE54DB551C24A02
960C,I,78B537644BD4FE00
960C,I,542CC0EC83BAEA01
960C,I,840532B7C95DF870
960C,I,315BE0CA231DCD4F
960C,I,EDF4C2EAFDBD4693
960C,I,12CF2025741EF844
960C,I,580D52F4D93CAD9B
960C,I,3199543D3AE70527
960C,I,F1D1F84A466543BE
960P,O,595CE3974AB6F377
960P,O,D0F6D267978B38E3
960P,O,5FCE752FBBAB3B14
960P,O,8FA8E142E834CB7C
960P,O,92A09EC9B712A1ED
960P,O,4885700825A72F51
960P,O,A1541789F09C89BA
960P,O,D073CC71A1B4F79C
960P,O,B64EEA7F564C7853
960P,O,46D1A9FD1F84CA5C
960P,O,BDD49A91FF705B42
960P,O,DD56DC2336C878C1
960P,O,8121695666A4D9CE
960P,O,C2787E27F82716BF
960P,O,376C4835851621D4
960P,O,ACB5FEA2BF9FC5AD
960P,O,72F743E4D464E498
960P,O,28B264A688848238
960P,O,B8CAE7A1372554AB
960P,O,D996531BBC23B44D
960P,O,EE2334043E6E8184
960P,O,EF111F2EC49F64AE
960P,O,AD1B202B678A3B56
960P,O,B30799FB3732222B
960P,O,4C333C4D4E80902B
960P,O,F1A22B170518051B
960P,O,69F0130ADB11EF8B
960P,O,17B98BD1165A7B92
960P,I,CFC063BFE7F6F67B
960P,I,BBFDDE87E6A6DD13
960P,I,D073FFE1CF019F1F
960P,I,569100345CF1E324
960P,I,C3D2F84C0F0FF415
960P,I,F5BB84FC3C97BC6A
960P,I,11CE1FD8440A89D3
960P,I,4AA350AD8FFF4786
960P,I,B8FBAC0A201E0F2C
960P,I,16F1654702825C04
960P,I,AD97EA183A25102C
960P,I,DFE346B2C7332BC0
960P,I,872110C8ADA14DA1
960P,I,F26CC0CB9587F2F9
960P,I,7AC6625D894BA101
960P,I,CBE54DB551C24A02
960P,I,EC225F6F55BFA35E
960P,I,7FE552E3792C9047
960P,I,5587F6CBEF8C74F1
960P,I,468DB19F9ECA7507
960P,I,030A0F57C577B5EA
960P,I,F1A6B3410C090751
960P,I,0BFC5F7FC4A2D431
960P,I,AC1A0FA3D0743FCC
960P,I,A856593C105D479B
960S,O,664C6FCE94BB37FD
960S,O,406864EDEB186C9A
960S,O,AA5DA45828958EAE
960S,O,876057D899CE09C9
960S,O,0F35C99BABE4D40E
960S,O,FA553D19AD960A9B
960S,O,642F7D358D36F715
960S,O,F269ACD809D1B43E
960S,O,68354B780EDFC52B
960S,O,665CE110A84542E9
960S,O,376C4835851621D4
960S,O,ACB5FEA2BF9FC5AD
960S,O,72F743E4D464E498
960S,O,25D811895B82ABCA
960S,O,709C8604AFB90F27
960S,O,8379C4B1265C27F7
960S,O,C804CCACB2781EEE
960S,O,AD1B202B678A3B56
960S,O,B30799FB3732222B
960S,O,4C333C4D4E80902B
960S,O,F1A22B170518051B
960S,O,69F0130ADB11EF8B
960S,O,17B98BD1165A7B92
960S,I,CFC063BFE7F6F67B
960S,I,BBFDDE87E6A6DD13
960S,I,D073FFE1CF019F1F
960S,I,569100345CF1E324
960S,I,C3D2F84C0F0FF415
960S,I,F5BB84FC3C97BC6A
960S,I,11CE1FD8440A89D3
960S,I,4AA350AD8FFF4786
960S,I,B8FBAC0A201E0F2C
960S,I,16F1654702825C04
960S,I,AD97EA183A25102C
960S,I,DFE346B2C7332BC0
960S,I,872110C8ADA14DA1
960S,I,1E15CFA82F408124
960S,I,CD4626E2F32FE372
960S,I,25E34120CA3AD554
960S,I,6D9EB45795E40B40
960S,I,02824AAFC038FA20
960S,I,0FB4AEA370913FD2
960S,I,50DC968C90CE7CF4
960S,I,78B3C90A0D7DDDE3
960S,I,E2AE7A37634C8FE5
960S,I,CDE9BBBDE0226995
960S,I,664C6FCE94BB37FD
960X,O,595CE3974AB6F377
960X,O,D0F6D267978B38E3
960X,O,5FCE752FBBAB3B14
960X,O,8FA8E142E834CB7C
960X,O,92A09EC9B712A1ED
960X,O,4885700825A72F51
960X,O,A1541789F09C89BA
960X,O,D073CC71A1B4F79C
960X,O,B64EEA7F564C7853
960X,O,46D1A9FD1F84CA5C
960X,O,BDD49A91FF705B42
960X,O,507D90B4B976DBD6
960X,O,1F6BFDF34BABCE6A
960X,O,F7BE579A89615965
960X,O,DD56DC2336C878C1
960X,O,8121695666A4D9CE
960X,O,C2787E27F82716BF
960X,O,376C4835851621D4
960X,O,CA6AB8446B694566
960X,O,E18D73287340B634
960X,O,18B12EFC0F896CF2
960X,O,85CACCFD0C731C5B
960X,O,A77FC2D2F11EC88B
960X,I,F75D0D2C6014A854
960X,I,8A573E6526B8EF88
960X,I,1D53F0BB47AB8441
960X,I,AD97EA183A25102C
960X,I,DFE346B2C7332BC0
960X,I,872110C8ADA14DA1
960X,I,25BC743BF6EB726E
960X,I,7AC6625D894BA101
960X,I,CBE54DB551C24A02
960X,I,78B537644BD4FE00
960X,I,542CC0EC83BAEA01
960X,I,840532B7C95DF870
960X,I,315BE0CA231DCD4F
960X,I,EDF4C2EAFDBD4693
960X,I,12CF2025741EF844
960X,I,580D52F4D93CAD9B
960X,I,3199543D3AE70527
960X,I,F1D1F84A466543BE
960X,I,CDE9BBBDE0226995
960X,I,7FE552E3792C9047
960X,I,5587F6CBEF8C74F1
960X,I,468DB19F9ECA7507
960X,I,030A0F57C577B5EA
960X,I,F1A6B3410C090751
960X,I,0BFC5F7FC4A2D431
960X,I,D0F6D267978B38E3
961,O,2297CADDD7BC438D
961,O,B3CCA98CC6CE7C8C
961,O,490F1A302D8C32FC
961,O,79D68EE7C6CBAB9D
961,O,C1BF4509359B0895
961,O,C425164651C7EF52
961,O,ABDD74161F650B6E
961,O,123A364D76B2CE5D
961,O,376C4835851621D4
961,O,ACB5FEA2BF9FC5AD
961,O,72F743E4D464E498
961,O,25D811895B82ABCA
961,O,709C8604AFB90F27
961,O,8379C4B1265C27F7
961,O,C804CCACB2781EEE
961,O,AD1B202B678A3B56
961,O,B30799FB3732222B
961,O,D27B34CA3854232D
961,O,3B254E7FFFCC0A2F
961,O,2297CADDD7BC438D
961,O,B3CCA98CC6CE7C8C
961,O,490F1A302D8C32FC
961,O,79D68EE7C6CBAB9D
961,O,C1BF4509359B0895
961,O,C425164651C7EF52
961,O,ABDD74161F650B6E
961,O,123A364D76B2CE5D
961,O,376C4835851621D4
961,O,ACB5FEA2BF9FC5AD
961,O,72F743E4D464E498
961,O,25D811895B82ABCA
961,O,709C8604AFB90F27
961,O,8379C4B1265C27F7
961,O,C804CCACB2781EEE
961,O,AD1B202B678A3B56
961,O,B30799FB3732222B
961,O,4C333C4D4E80902B
961,O,F1A22B170518051B
961,O,3DB9E473F29FCDEE
961,O,17B98BD1165A7B92
961,O,42E86F97FAC8F719
961,O,3B254E7FFFCC0A2F
961,I,3B254E7FFFCC0A2F
961,I,0ECA7118ADB9577B
961,I,C3D2F84C0F0FF415
961,I,47A2AA98F8E20AE2
961,I,6F9CEABEE36E8682
961,I,A63B90588F747496
961,I,83B717529F9794BC
961,I,1D8A902219897402
961,I,A81B13297DB1C481
961,I,13E0A0449C73F4DE
961,I,AD97EA183A25102C
961,I,DFE346B2C7332BC0
961,I,88229183EDC0B6E9
961,I,64312A5DFF11636C
961,I,CB2A65E69B2B71BE
961,I,5A592ED96E34B583
961,I,5D14B75687F60509
961,I,69EA07FBAB612E68
961,I,7F4EB0203DF27B35
961,I,F4D9335688592803
961,I,44EE4F1DEB9ADD69
961,I,2297CADDD7BC438D
961,I,3B254E7FFFCC0A2F
961,I,0ECA7118ADB9577B
961,I,455C67DEE3D3E649
961,I,BBFDDE87E6A6DD13
961,I,D073FFE1CF019F1F
961,I,569100345CF1E324
961,I,C3D2F84C0F0FF415
961,I,47A2AA98F8E20AE2
961,I,6F9CEABEE36E8682
961,I,A63B90588F747496
961,I,83B717529F9794BC
961,I,1D8A902219897402
961,I,A81B13297DB1C481
961,I,13E0A0449C73F4DE
961,I,AD97EA183A25102C
961,I,DFE346B2C7332BC0
961,I,88229183EDC0B6E9
961,I,64312A5DFF11636C
961,I,CB2A65E69B2B71BE
961,I,5A592ED96E34B583
961,I,5D14B75687F60509
961,I,69EA07FBAB612E68
961,I,7F4EB0203DF27B35
961,I,F4D9335688592803
961,I,44EE4F1DEB9ADD69
961,I,2297CADDD7BC438D
961P,O,7C2F503A3743D32D
961P,O,1F6BFDF34BABCE6A
961P,O,19B569A51034271F
961P,O,B3CCA98CC6CE7C8C
961P,O,C1BF4509359B0895
961P,O,376C4835851621D4
961P,O,ACB5FEA2BF9FC5AD
961P,O,72F743E4D464E498
961P,O,28B264A688848238
961P,O,5FEC91F62EE33DA1
961P,O,4328371AE3AD16B9
961P,O,46CB01C7F12428A3
961P,O,D5FEF340EE98A7E8
961P,O,3FCC00D1D01ACD28
961P,O,AD1B202B678A3B56
961P,O,B30799FB3732222B
961P,O,4C333C4D4E80902B
961P,O,F1A22B170518051B
961P,O,69F0130ADB11EF8B
961P,O,17B98BD1165A7B92
961S,O,7C2F503A3743D32D
961S,O,1F6BFDF34BABCE6A
961S,O,19B569A51034271F
961S,O,B3CCA98CC6CE7C8C
961S,O,1F5BF0C69F30C752
961S,O,854E787D0F56BF91
961S,O,376C4835851621D4
961S,O,ACB5FEA2BF9FC5AD
961S,O,466111DE1A3E4656
961S,O,28B264A688848238
961S,O,5FEC91F62EE33DA1
961S,O,4328371AE3AD16B9
961S,O,46CB01C7F12428A3
961S,O,D5FEF340EE98A7E8
961S,O,3FCC00D1D01ACD28
961S,O,AD1B202B678A3B56
961S,O,B30799FB3732222B
961S,O,4C333C4D4E80902B
961S,O,F1A22B170518051B
961S,O,69F0130ADB11EF8B
961S,O,17B98BD1165A7B92
961S,O,7C2F503A3743D32D
961S,O,1F6BFDF34BABCE6A
961S,O,19B569A51034271F
961S,O,B3CCA98CC6CE7C8C
961S,O,490F1A302D8C32FC
961S,O,16B7A6679BD8903B
961S,O,8983CAC3634DD53D
961S,O,376C4835851621D4
961S,O,ACB5FEA2BF9FC5AD
961S,O,466111DE1A3E4656
961S,O,28B264A688848238
961S,O,5FEC91F62EE33DA1
961S,O,4328371AE3AD16B9
961S,O,46CB01C7F12428A3
961S,O,D5FEF340EE98A7E8
961S,O,3FCC00D1D01ACD28
961S,O,AD1B202B678A3B56
961S,O,B30799FB3732222B
961S,O,4C333C4D4E80902B
961S,O,F1A22B170518051B
961S,O,69F0130ADB11EF8B
961S,O,17B98BD1165A7B92
968,O,DAFFF59B0718B464
968,O,C296D9B3313C1F77
968,O,AD4CB5E1CAAF8063
968,O,723EF8D7809D3ADB
968,O,591FA32FB4B53682
968,O,3ECEF3B735084236
968,O,211D93217331B040
968,O,466111DE1A3E4656
968,O,8D845BED93F1CDD3
968,O,25D811895B82ABCA
968,O,709C8604AFB90F27
968,O,8379C4B1265C27F7
968,O,C804CCACB2781EEE
968,O,AD1B202B678A3B56
968,O,C88DEC0AF0D1102B
968,O,4C333C4D4E80902B
968,O,F1A22B170518051B
968,O,7F0D726107B2540E
968,O,17B98BD1165A7B92
968,O,186754E04899194F
968,O,E5138E0C4EC43596
968,O,B896D9459B2C84FA
968,O,E53367ABE6927F27
968,O,3DE45DC85392F3E9
968,O,6225FE329900326D
968,O,C187E3771B7032EC
968,O,41C9CAACDC573B48
968,O,3ECEF3B735084236
968,O,211D93217331B040
968,O,466111DE1A3E4656
968,O,8D845BED93F1CDD3
968,O,25D811895B82ABCA
968,O,709C8604AFB90F27
968,O,8379C4B1265C27F7
968,O,C804CCACB2781EEE
968,O,AD1B202B678A3B56
968,O,C88DEC0AF0D1102B
968,O,4C333C4D4E80902B
968,O,F1A22B170518051B
968,O,7F0D726107B2540E
968,O,17B98BD1165A7B92
968,O,186754E04899194F
968,I,186754E04899194F
968,I,CFC063BFE7F6F67B
968,I,BBFDDE87E6A6DD13
968,I,D073FFE1CF019F1F
968,I,569100345CF1E324
968,I,C3D2F84C0F0FF415
968,I,47A2AA98F8E20AE2
968,I,1E10D70B8D3AC179
968,I,C0667F887514F03F
968,I,1D8A902219897402
968,I,13E0A0449C73F4DE
968,I,AD97EA183A25102C
968,I,643D73028E9E8490
968,I,52241C2AEB38627B
968,I,21DA1E33BF580B96
968,I,AC935792C88AF135
968,I,43E5D3A445382F82
968,I,DAFFF59B0718B464
968,I,C3D2F84C0F0FF415
968,I,47A2AA98F8E20AE2
968,I,1E10D70B8D3AC179
968,I,C0667F887514F03F
968,I,1D8A902219897402
968,I,13E0A0449C73F4DE
968,I,AD97EA183A25102C
968,I,643D73028E9E8490
968,I,52241C2AEB38627B
968,I,21DA1E33BF580B96
968,I,AC935792C88AF135
968,I,43E5D3A445382F82
968,I,DAFFF59B0718B464
968A,O,1EB0804A03908237
968A,O,6723518D536070AB
968A,O,E5CD4F98F31F239C
968A,O,BA60686E2E81F573
968A,O,93933C15FFC9F4CC
968A,O,723EF8D7809D3ADB
968A,O,591FA32FB4B53682
968A,O,3ECEF3B735084236
968A,O,211D93217331B040
968A,O,466111DE1A3E4656
968A,O,8D845BED93F1CDD3
968A,O,25D811895B82ABCA
968A,O,709C8604AFB90F27
968A,O,8379C4B1265C27F7
968A,O,C804CCACB2781EEE
968A,O,AD1B202B678A3B56
968A,O,C88DEC0AF0D1102B
968A,O,4C333C4D4E80902B
968A,O,F1A22B170518051B
968A,O,7F0D726107B2540E
968A,O,17B98BD1165A7B92
968A,O,186754E04899194F
968X,O,D1167DB184405152
968X,O,0CF8C59B80E70369
968X,O,F05E718C02104BAC
968X,O,0D98A0E934584FD0
968X,O,6258E0091BFF52C3
968X,O,C296D9B3313C1F77
968X,O,AD4CB5E1CAAF8063
968X,O,723EF8D7809D3ADB
968X,O,591FA32FB4B53682
968X,O,3ECEF3B735084236
968X,O,211D93217331B040
968X,O,E18D73287340B634
968X,O,18B12EFC0F896CF2
968X,O,85CACCFD0C731C5B
968X,O,A77FC2D2F11EC88B
968X,I,F75D0D2C6014A854
968X,I,8A573E6526B8EF88
968X,I,1D53F0BB47AB8441
968X,I,AD97EA183A25102C
968X,I,643D73028E9E8490
968X,I,52241C2AEB38627B
968X,I,21DA1E33BF580B96
968X,I,AC935792C88AF135
968X,I,43E5D3A445382F82
968X,I,DAFFF59B0718B464
968X,I,6723518D536070AB
968X,I,FF39B95C2931B8A1
968X,I,E5CD4F98F31F239C
968X,I,D1167DB184405152
978,O,5CB1BDF367F1989F
978,O,4CA5DEBCC576E371
978,O,14BDB94A8F3ED3EC
978,O,FA7A3D77713061E9
978,O,C7120BD9A94B4F6A
978,O,825199DC3BC0C5A3
978,O,ADB9356BBF06F7C7
978,O,8E3F5AE0A97053F9
978,O,68C7CBB4CAB9FE69
978,O,9CD9BFAE2BC91336
978,O,1BA6858FEF337645
978,O,4E655B25ABAE103A
978,O,AD4E0E8DC8ACEFB6
978,O,DF8F6AA868615D47
978,O,3ECEF3B735084236
978,O,211D93217331B040
978,O,72F743E4D464E498
978,O,28B264A688848238
978,O,B8CAE7A1372554AB
978,O,255CE76A95FC1A80
978,O,EE2334043E6E8184
978,O,B4EBE05A59376062
978,O,E75D7F316C638995
978,O,15CF21F494E81BA6
978,O,CF978D9F9779F527
978,O,F6E65ED7BA637652
978,I,F6E65ED7BA637652
978,I,C3D2F84C0F0FF415
978,I,47A2AA98F8E20AE2
978,I,1E10D70B8D3AC179
978,I,A63B90588F747496
978,I,83B717529F9794BC
978,I,1D8A902219897402
978,I,A81B13297DB1C481
978,I,13E0A0449C73F4DE
978,I,AD97EA183A25102C
978,I,E55FA660A59AB64A
978,I,E3B0A57678CFD140
978,I,31005C82D70F6B09
978,I,F8C20FE9111D486A
978,I,CF94083CB24CF4E5
978,I,4A76CDB32FA69BC6
978,I,6F11F73C749338DB
978,I,98EBAB9468C80DD2
978,I,6DD6B837EF1FA76C
978,I,AFD29CB1A4F71AB9
978,I,65ECD19EFD09FB74
978,I,4C97BE87FBF959C4
978,I,FA52803E2628A212
978,I,3AD4DADA5B941CF2
978,I,5CB1BDF367F1989F
978A,O,307AF4D72FFE9B6E
978A,O,1380D71251D0CBF9
978A,O,B85E71E9AFF5B087
978A,O,D78B86AB419E84B3
978A,O,DF0C4F9561000773
978A,O,4E655B25ABAE103A
978A,O,AD4E0E8DC8ACEFB6
978A,O,DF8F6AA868615D47
978A,O,3ECEF3B735084236
978A,O,211D93217331B040
978A,O,72F743E4D464E498
978A,O,28B264A688848238
978A,O,B8CAE7A1372554AB
978A,O,255CE76A95FC1A80
978A,O,EE2334043E6E8184
978A,O,B4EBE05A59376062
978A,O,E75D7F316C638995
978A,O,15CF21F494E81BA6
978A,O,CF978D9F9779F527
978A,O,F6E65ED7BA637652
978A,I,F6E65ED7BA637652
978A,I,C3D2F84C0F0FF415
978A,I,47A2AA98F8E20AE2
978A,I,1E10D70B8D3AC179
978A,I,A63B90588F747496
978A,I,83B717529F9794BC
978A,I,1D8A902219897402
978A,I,A81B13297DB1C481
978A,I,13E0A0449C73F4DE
978A,I,AD97EA183A25102C
978A,I,E55FA660A59AB64A
978A,I,E3B0A57678CFD140
978A,I,31005C82D70F6B09
978A,I,F8C20FE9111D486A
978A,I,EBE1766B508217AF
978A,I,C4F843F93CDCBE64
978A,I,4235BA400EB10F0E
978A,I,879A98CD29D9433F
978A,I,307AF4D72FFE9B6E
978B,O,4F57E2979AF3928D
978B,O,ADB9356BBF06F7C7
978B,O,8E3F5AE0A97053F9
978B,O,68C7CBB4CAB9FE69
978B,O,9CD9BFAE2BC91336
978B,O,1BA6858FEF337645
978B,O,4E655B25ABAE103A
978B,O,AD4E0E8DC8ACEFB6
978B,O,DF8F6AA868615D47
978B,O,3ECEF3B735084236
978B,O,211D93217331B040
978B,O,72F743E4D464E498
978B,O,28B264A688848238
978B,O,B8CAE7A1372554AB
978B,O,255CE76A95FC1A80
978B,O,EE2334043E6E8184
978B,O,B4EBE05A59376062
978B,O,E75D7F316C638995
978B,O,15CF21F494E81BA6
978B,O,CF978D9F9779F527
978B,O,F6E65ED7BA637652
980A,O,0035CDF15614428C
980A,O,578C11F0F4197509
980A,O,A295FD27A4E5A7C5
980A,O,C43782B93826F4CD
980A,O,2223D64E9ED2E1A7
980A,O,69E4C417312C10C0
980A,O,C1E1199805BCC92D
980A,O,A0496DDDC41213FA
980A,O,D54A59914E577E3F
980A,O,3F01C915E856B018
980A,O,6282A73360ACEBEA
980A,O,20B9196322225611
980A,O,66BF94751BD28BAD
980A,O,3D5F8A471AE2AE99
980A,O,E18D73287340B634
980A,O,F4D2D9D3575AECF6
980A,O,69263C9DB4729B7F
980A,O,3219906E32C16E0A
980A,O,3007D34FB91FB27E
980A,O,60012869923EEE68
980A,O,85D7313CCE53D396
980X,O,E22B819E638307CC
980X,O,8337F935242C5CC3
980X,O,6BD93B827893E41E
980X,O,3C61E9226688CA79
980X,O,8507CD56EB29D1CF
980X,O,15FF958BE6921BAA
980X,O,1D6A8B8C58C268FF
980X,O,F86BDB236D6ACDC3
980X,O,E18D73287340B634
980X,O,C8811A27E4B64581
980X,O,69263C9DB4729B7F
980X,O,AE6FE615893E8C89
980X,O,3007D34FB91FB27E
980X,O,1AB934EFE0E1470A
980X,O,16CE9E8D17681839
980X,O,F685DBDB6635F816
980X,O,79B88295548184C1
980X,O,9CEC1F1000AFE806
980X,O,5D86C919F15C0611
980X,O,F63D25B428F1C1D9
980X,O,E22B819E638307CC
980X,O,8337F935242C5CC3
980X,O,6BD93B827893E41E
980X,O,3C61E9226688CA79
980X,O,8507CD56EB29D1CF
980X,O,15FF958BE6921BAA
980X,O,1D6A8B8C58C268FF
980X,O,F86BDB236D6ACDC3
980X,O,E18D73287340B634
980X,O,C8811A27E4B64581
980X,O,69263C9DB4729B7F
980X,O,AE6FE615893E8C89
980X,O,3007D34FB91FB27E
980X,O,1AB934EFE0E1470A
980X,O,16CE9E8D17681839
980X,I,8C4D4E07609BC746
980X,I,4395252CFDC7AB1F
980X,I,52C01B7F122297BD
980X,I,B42222C6800A33A2
980X,I,A8CD8C1198907526
980X,I,6B7C2A21D95241A5
980X,I,DEBD2B9A856C0B1F
980X,I,6F5592E4FF8A35E8
980X,I,857F6F958A96DCDB
980X,I,B31E6B9D8E5B4493
980X,I,46D02E1C1CD82C9A
980X,I,5E082FCF5C58328C
980X,I,4B5F39DBC6671C81
980X,I,4CC126E0B1E42F14
980X,I,A90443FD0C19C4B1
980X,I,E22B819E638307CC
980X,I,8C4D4E07609BC746
980X,I,4395252CFDC7AB1F
980X,I,52C01B7F122297BD
980X,I,B42222C6800A33A2
980X,I,A8CD8C1198907526
980X,I,6B7C2A21D95241A5
980X,I,DEBD2B9A856C0B1F
980X,I,6F5592E4FF8A35E8
980X,I,857F6F958A96DCDB
980X,I,B31E6B9D8E5B4493
980X,I,46D02E1C1CD82C9A
980X,I,5E082FCF5C58328C
980X,I,4B5F39DBC6671C81
980X,I,4CC126E0B1E42F14
980X,I,A90443FD0C19C4B1
980X,I,E22B819E638307CC
980X,I,2C5CA5F47FB6EB3F
980X,I,6B775855F6FB16D9
980X,I,40C9465E380F04C5
980X,I,C67E139743E66D71
980X,I,8AD4B244D6A50BDB
980X,I,F685DBDB6635F816
981P,O,F1F906098E7C35E9
981P,O,857F6F958A96DCDB
981P,O,03354DBC3AD86BAC
981P,O,96B7D7C8DF39E707
981P,O,6B46C7E695EF21CF
981P,O,D9328F386A03DC36
981P,O,ECE98AAA81373891
981P,O,2CC81AE9D0A0E668
981P,O,46F034381CE08F9C
981P,O,4A3D71FFAB41B756
981P,O,A78292AA77A277A7
981P,O,E18D73287340B634
981P,O,C8811A27E4B64581
981P,O,69263C9DB4729B7F
981P,O,AE6FE615893E8C89
981P,O,3007D34FB91FB27E
981P,O,1AB934EFE0E1470A
981P,O,16CE9E8D17681839
981P,I,C357F03ABD5AC6AA
981P,I,4395252CFDC7AB1F
981P,I,52C01B7F122297BD
981P,I,B42222C6800A33A2
981P,I,A8CD8C1198907526
981P,I,6B7C2A21D95241A5
981P,I,DEBD2B9A856C0B1F
981P,I,16A7F2C343AA6DE6
981P,I,4B0E21EDF07F9C83
981P,I,1CF4AE2F7045B848
981P,I,11A1533C3B63F3E4
981P,I,1BD5318E1C647F83
981P,I,651489E8C0A626A1
981P,I,6B46C7E695EF21CF
981P,I,F489213E82621D3F
981P,I,31DA09E74ABD87CD
981P,I,842DC076B16BE3A2
981P,I,F1F906098E7C35E9
982X,O,22D2A3F5CDAEA390
982X,O,20B9196322225611
982X,O,6FA31E38468068B6
982X,O,5C6B22551FFEB285
982X,O,CAE09A3D7E2BE997
982X,O,4E366AF78461E12D
982X,O,A004B076CFBD733C
982X,O,2A72F4041A7E6783
982X,O,E18D73287340B634
982X,O,C8811A27E4B64581
982X,O,89ED5D96534CED83
982X,O,AE6FE615893E8C89
982X,O,3007D34FB91FB27E
982X,O,1AB934EFE0E1470A
982X,O,16CE9E8D17681839
982X,O,944A9ADFCA286511
982X,O,38CCA601583A5C55
982X,O,6FA31E38468068B6
982X,O,5C6B22551FFEB285
982X,O,CAE09A3D7E2BE997
982X,O,4E366AF78461E12D
982X,O,A004B076CFBD733C
982X,O,2A72F4041A7E6783
982X,O,E18D73287340B634
982X,O,C8811A27E4B64581
982X,O,89ED5D96534CED83
982X,O,AE6FE615893E8C89
982X,O,3007D34FB91FB27E
982X,O,1AB934EFE0E1470A
982X,O,16CE9E8D17681839
982X,I,C357F03ABD5AC6AA
982X,I,3B487B85E3F07416
982X,I,67387941757BB9DC
982X,I,FACA192DB8589295
982X,I,7C99CFD0D8908BE7
982X,I,A66159E033DDEA04
982X,I,C92E80A5D7E0E8EC
982X,I,07ADFF84F3502690
982X,I,B9EE83CA8ABB578B
982X,I,B3E11B99D4E4F4AE
982X,I,8EE5AC5D519C140E
982X,I,944A9ADFCA286511
982X,I,808CA5FECCC6646D
982X,I,EF15FBC5E8A02ADA
985,O,02D4D2C0C430EAD0
985,O,C8A9DAB5E9051324
985,O,924D67DD8AB7683D
985,O,E7BFF1027930CCCD
985,O,4654E57A8E9D32EB
985,O,1276AEF95F6564A2
985,O,2A72F4041A7E6783
985,O,9C117FB6B6590825
985,O,5FB8DC89C84A7F2B
985,O,04C4E5AE4F8F21E1
985,O,715C285A167B88DD
985,O,FF9F7715ECEDAC41
985,O,F3D3D5E7F698B748
985,O,E18D73287340B634
985,O,F4D2D9D3575AECF6
985,O,69263C9DB4729B7F
985,O,3219906E32C16E0A
985,O,B7EE8C907E1E50C0
985,O,60012869923EEE68
985,O,85D7313CCE53D396
985,O,36904A9AD2C13B32
985,O,CCBCD7F613287BC8
985,I,8F5D8F5379BAD19C
985,I,3B487B85E3F07416
985,I,67387941757BB9DC
985,I,FACA192DB8589295
985,I,7C99CFD0D8908BE7
985,I,BAE4DA32E5043726
985,I,95C43FF4684FCADA
985,I,A28C2F29B58A2E9A
985,I,BA9F2C58E03A38F0
985,I,CA5AEC11C96BA678
985,I,BE4CE56A7102816E
985,I,BE58B5A4B0E76EF7
985,I,C8A9DAB5E9051324
985,I,924D67DD8AB7683D
985,I,E7BFF1027930CCCD
985,I,F2E381299EA74E3E
985,I,6DE243D2C36B9C6A
985,I,6D76E141FB820044
985A,O,02D4D2C0C430EAD0
985A,O,C8A9DAB5E9051324
985A,O,924D67DD8AB7683D
985A,O,E7BFF1027930CCCD
985A,O,4654E57A8E9D32EB
985A,O,1276AEF95F6564A2
985A,O,2A72F4041A7E6783
985A,O,E18D73287340B634
985A,O,F4D2D9D3575AECF6
985A,O,69263C9DB4729B7F
985A,O,3219906E32C16E0A
985A,O,B7EE8C907E1E50C0
985A,O,60012869923EEE68
985A,O,85D7313CCE53D396
985A,O,36904A9AD2C13B32
985A,O,CCBCD7F613287BC8
985B,O,2A72F4041A7E6783
985B,O,9C117FB6B6590825
985B,O,5FB8DC89C84A7F2B
985B,O,04C4E5AE4F8F21E1
985B,O,715C285A167B88DD
985B,O,FF9F7715ECEDAC41
985B,O,F3D3D5E7F698B748
985B,O,E18D73287340B634
985B,O,F4D2D9D3575AECF6
985B,O,69263C9DB4729B7F
985B,O,3219906E32C16E0A
985B,O,B7EE8C907E1E50C0
985B,O,60012869923EEE68
985B,O,85D7313CCE53D396
985B,O,36904A9AD2C13B32
985B,O,CCBCD7F613287BC8
A30,O,419036314897BEEE
A30,O,5F319D33896DDC93
A30,O,7F0BE137AD68837A
A30,O,82FE339DDE27C953
A30,O,BEA270261C1E0D73
A30,O,E86E0FC9A40CBA3A
A30,O,A80621785DE588DB
A30,O,F52BC3F26081C9D7
A30,O,E66F7AC1E7D86A10
A30,O,27A897D5E2FAC7B9
A30,O,569C5AADDD0F3A28
A30,O,22913B501D24F569
A30,O,073EAEA8EDD7265C
A30,O,412DEEF534E127AF
A30,O,0D5759F7A4B185FE
A30,O,C552CE565E1F0C85
A30,O,9A43D6FA1AC3D2EA
A30,O,21466046C6868AA7
A30,O,419036314897BEEE
A30,O,5F319D33896DDC93
A30,O,7F0BE137AD68837A
A30,O,82FE339DDE27C953
A30,O,BEA270261C1E0D73
A30,O,E86E0FC9A40CBA3A
A30,O,A80621785DE588DB
A30,O,F52BC3F26081C9D7
A30,O,E66F7AC1E7D86A10
A30,O,27A897D5E2FAC7B9
A30,O,569C5AADDD0F3A28
A30,O,22913B501D24F569
A30,O,073EAEA8EDD7265C
A30,O,412DEEF534E127AF
A30,O,0D5759F7A4B185FE
A30,O,C552CE565E1F0C85
A30,O,9A43D6FA1AC3D2EA
A30,O,9C9F817064169CE7
A30,O,E48E4C46F64FFB0E
A30,O,21466046C6868AA7
A30,I,D3564BFD1FE1DB08
A30,I,9F9D5E46754C52D4
A30,I,0E987A8094AF742E
A30,I,2A8231CC433F6B22
A30,I,C9BF57C6B2F9BB92
A30,I,3D126591E55E8FA1
A30,I,73DBA4ECE93BB290
A30,I,5693912DEE916C4D
A30,I,7DCD729826DDB645
A30,I,C0E90AAAA204D927
A30,I,2658CCFAB79763B6
A30,I,26EB1A3C1E17889A
A30,I,32EF27636D4BEAEB
A30,I,77CEEF0D8191410C
A30,I,C84CAD6CCD18F87F
A30,I,478ACE8A8C9A2705
A30,I,A13C2C1D5D3EE0D7
A30,I,EF7EC605C6C6859A
A30,I,C5294C92C5C6E334
A30,I,2A70ADF9A6812DD6
A30,I,28A57C043C111604
A30,I,419036314897BEEE
A30,I,D3564BFD1FE1DB08
A30,I,9C9F817064169CE7
A30,I,E48E4C46F64FFB0E
A30,I,9F9D5E46754C52D4
A30,I,0E987A8094AF742E
A30,I,2A8231CC433F6B22
A30,I,C9BF57C6B2F9BB92
A30,I,3D126591E55E8FA1
A30,I,73DBA4ECE93BB290
A30,I,5693912DEE916C4D
A30,I,7DCD729826DDB645
A30,I,C0E90AAAA204D927
A30,I,2658CCFAB79763B6
A30,I,26EB1A3C1E17889A
A30,I,32EF27636D4BEAEB
A30,I,77CEEF0D8191410C
A30,I,C84CAD6CCD18F87F
A30,I,478ACE8A8C9A2705
A30,I,A13C2C1D5D3EE0D7
A30,I,EF7EC605C6C6859A
A30,I,C5294C92C5C6E334
A30,I,2A70ADF9A6812DD6
A30,I,28A57C043C111604
A30,I,419036314897BEEE
A31,O,708870108A511AF7
A31,O,230B03C34F2022D4
A31,O,4A24B0A3F80D8921
A31,O,354AD31C538E99FE
A31,O,4F936D92E963B126
A31,O,E6FF7108BC36B5CE
A31,O,4ED04A0F5F9FF05F
A31,O,8D0B537D34651EBE
A31,O,35DB8602F51CF60F
A31,O,D45717E1168534C5
A31,O,A2908CBEAA7D4C73
A31,O,412DEEF534E127AF
A31,O,C552CE565E1F0C85
A31,O,9A43D6FA1AC3D2EA
A31,O,0D5759F7A4B185FE
A31,O,21466046C6868AA7
A31,O,7CB61EFB024D9025
A31,O,708870108A511AF7
A31,O,230B03C34F2022D4
A31,O,4A24B0A3F80D8921
A31,O,354AD31C538E99FE
A31,O,4F936D92E963B126
A31,O,E6FF7108BC36B5CE
A31,O,4ED04A0F5F9FF05F
A31,O,8D0B537D34651EBE
A31,O,35DB8602F51CF60F
A31,O,D45717E1168534C5
A31,O,A2908CBEAA7D4C73
A31,O,412DEEF534E127AF
A31,O,C552CE565E1F0C85
A31,O,9A43D6FA1AC3D2EA
A31,O,9C9F817064169CE7
A31,O,E48E4C46F64FFB0E
A31,O,0D5759F7A4B185FE
A31,O,21466046C6868AA7
A31,O,7CB61EFB024D9025
A31,I,7CB61EFB024D9025
A31,I,35178229BDA14084
A31,I,6A22FBF7825E3E7F
A31,I,9BA601064A2EF221
A31,I,CE80C150FB0C40F9
A31,I,BDAEF35D10A3ADC7
A31,I,D01ECABA2E8B3987
A31,I,E6FF7108BC36B5CE
A31,I,190BE384606CC1B5
A31,I,155A8CC00899AB1E
A31,I,77070BA4D8554234
A31,I,2DB24989E9EAF9B7
A31,I,711AE4AC67F88999
A31,I,86E0CB9AE1AF077A
A31,I,708870108A511AF7
A31,I,7CB61EFB024D9025
A31,I,9C9F817064169CE7
A31,I,E48E4C46F64FFB0E
A31,I,35178229BDA14084
A31,I,6A22FBF7825E3E7F
A31,I,9BA601064A2EF221
A31,I,CE80C150FB0C40F9
A31,I,BDAEF35D10A3ADC7
A31,I,D01ECABA2E8B3987
A31,I,E6FF7108BC36B5CE
A31,I,190BE384606CC1B5
A31,I,155A8CC00899AB1E
A31,I,77070BA4D8554234
A31,I,2DB24989E9EAF9B7
A31,I,711AE4AC67F88999
A31,I,86E0CB9AE1AF077A
A31,I,708870108A511AF7
A32,O,DC825DF01C49316F
A32,O,9772AFC24E427660
A32,O,C21ACD53A97A40BC
A32,O,AF837BAF1DA794EF
A32,O,395175EBEEC636B7
A32,O,59955B3352400BA7
A32,O,2B34B9412B6349A3
A32,O,8A6426370F8C0D5F
A32,O,6B7A1C3F020DF4CF
A32,O,5E2F6CD643BD71A1
A32,O,C4BFD3A76F6CDCED
A32,O,A1456D9E78A4CBE9
A32,O,CA484EE3E2B7C053
A32,O,3D42EBD6AC55A845
A32,O,4D6B528AC01DB68C
A32,O,51BA040BCD88D8B7
A32,O,B726654FC497E9C5
A32,O,48098952EF90D27D
A32,O,A78ABC54E2286C0D
A32,O,412DEEF534E127AF
A32,O,C552CE565E1F0C85
A32,O,9A43D6FA1AC3D2EA
A32,O,0D5759F7A4B185FE
A32,O,21466046C6868AA7
A32,I,D3564BFD1FE1DB08
A32,I,9F9D5E46754C52D4
A32,I,0E987A8094AF742E
A32,I,6118B186F901485A
A32,I,2DC2EF0A12E23C1F
A32,I,AA4830D4C9864F6B
A32,I,45FCFADAC74DCFFE
A32,I,D693BB486419666B
A32,I,330FCB2E8E28D4CF
A32,I,4206E3523A2C11D5
A32,I,B0D304F9542AE3BF
A32,I,C4BFD3A76F6CDCED
A32,I,143D7489C808BD46
A32,I,CFB33B4D4B0EA4BA
A32,I,C763E328B97F0D03
A32,I,F0AE2D3C2589FC4F
A32,I,B9DFF2C142DCE309
A32,I,56E8E92250BBEE74
A32,I,DC825DF01C49316F
A32,I,D3564BFD1FE1DB08
A32,I,9C9F817064169CE7
A32,I,E48E4C46F64FFB0E
A32,I,9F9D5E46754C52D4
A32,I,0E987A8094AF742E
A32,I,6118B186F901485A
A32,I,2DC2EF0A12E23C1F
A32,I,AA4830D4C9864F6B
A32,I,45FCFADAC74DCFFE
A32,I,D693BB486419666B
A32,I,330FCB2E8E28D4CF
A32,I,4206E3523A2C11D5
A32,I,B0D304F9542AE3BF
A32,I,C4BFD3A76F6CDCED
A32,I,143D7489C808BD46
A32,I,CFB33B4D4B0EA4BA
A32,I,C763E328B97F0D03
A32,I,F0AE2D3C2589FC4F
A32,I,B9DFF2C142DCE309
A32,I,56E8E92250BBEE74
A32,I,DC825DF01C49316F
A33,O,64FC3B939BC09903
A33,O,257FC0FE0C3407BD
A33,O,1795DD6257DCDF2D
A33,O,7D294B212DE45BAB
A33,O,76D5D1574C19E1CF
A33,O,CE16398D20C49547
A33,O,04A1C2CF16402056
A33,O,889783C98226115D
A33,O,F49967C20E98FCAD
A33,O,D6B980F49564F59F
A33,O,1BE6E262F7DDBD53
A33,O,ED6339F84274F2FD
A33,O,59899C91FD8A9C2F
A33,O,9585FB90C56F451F
A33,O,4EA9AA1416D2A374
A33,O,B307B119B43E1898
A33,O,123AAC5B4BD9CD9B
A33,O,8474FF2FADBE1F8D
A33,O,101F5C624494D3F8
A33,O,4D00EFD59AF12315
A33,O,CD5DC8318C78D8E5
A33,O,B481881866A59462
A33,O,D0236013EDCA9EB1
A33,O,6B1E8CDB2F6258EF
A33,O,5C1FB04FF191337B
A33,O,0021EF45E20547CA
A33,O,956302DA435ADE07
A33,O,5670D4C081B08DC6
A33,O,78644FF7E8B7BBA0
A33,O,0221966C1116C4EC
A33,O,C70342BF7C6A4732
A33,O,0D5759F7A4B185FE
A33,O,C552CE565E1F0C85
A33,O,9A43D6FA1AC3D2EA
A33,O,21466046C6868AA7
A33,O,64FC3B939BC09903
A33,O,257FC0FE0C3407BD
A33,O,1795DD6257DCDF2D
A33,O,7D294B212DE45BAB
A33,O,76D5D1574C19E1CF
A33,O,CE16398D20C49547
A33,O,04A1C2CF16402056
A33,O,889783C98226115D
A33,O,F49967C20E98FCAD
A33,O,D6B980F49564F59F
A33,O,1BE6E262F7DDBD53
A33,O,ED6339F84274F2FD
A33,O,59899C91FD8A9C2F
A33,O,9585FB90C56F451F
A33,O,4EA9AA1416D2A374
A33,O,B307B119B43E1898
A33,O,123AAC5B4BD9CD9B
A33,O,8474FF2FADBE1F8D
A33,O,101F5C624494D3F8
A33,O,4D00EFD59AF12315
A33,O,CD5DC8318C78D8E5
A33,O,B481881866A59462
A33,O,D0236013EDCA9EB1
A33,O,6B1E8CDB2F6258EF
A33,O,5C1FB04FF191337B
A33,O,0021EF45E20547CA
A33,O,956302DA435ADE07
A33,O,5670D4C081B08DC6
A33,O,78644FF7E8B7BBA0
A33,O,0221966C1116C4EC
A33,O,C70342BF7C6A4732
A33,O,0D5759F7A4B185FE
A33,O,C552CE565E1F0C85
A33,O,9A43D6FA1AC3D2EA
A33,O,9C9F817064169CE7
A33,O,E48E4C46F64FFB0E
A33,O,21466046C6868AA7
A33,I,0713774B2DB5E4D3
A33,I,96CE5BB6CD5794BC
A33,I,0EE7033EEE2C4C8C
A33,I,B651E2A39CD4CC05
A33,I,F734736F35F459DC
A33,I,5C0A536D9D2B20B2
A33,I,F335FAC974011CB6
A33,I,4242AE6B4D680E23
A33,I,49713551E95C1DA1
A33,I,4B6D9BB197225DBE
A33,I,A7630804FE109410
A33,I,51418258FECF7F92
A33,I,F888B8E179391815
A33,I,46D78D8886A71B3B
A33,I,630AA1866C5372B6
A33,I,67A9E4B2A537BADD
A33,I,6B8C8DB5F899C252
A33,I,148B578A549941DD
A33,I,A9D85812EAEE6C17
A33,I,CDE436F19F193080
A33,I,9AB6298C1F646FEC
A33,I,24C7A1E6AC4B94F3
A33,I,22E22257A0FA43D3
A33,I,FF1A9F1AB2365840
A33,I,F49967C20E98FCAD
A33,I,1BE6E262F7DDBD53
A33,I,3F68D834013E6E08
A33,I,B715BB8D43DADED0
A33,I,87030C9E5FB7A82C
A33,I,A6F19DBFBFDFDA9E
A33,I,A36A295F3F93F9EB
A33,I,7613170BFA03BDE1
A33,I,64FC3B939BC09903
A33,I,0713774B2DB5E4D3
A33,I,9C9F817064169CE7
A33,I,E48E4C46F64FFB0E
A33,I,96CE5BB6CD5794BC
A33,I,0EE7033EEE2C4C8C
A33,I,B651E2A39CD4CC05
A33,I,F734736F35F459DC
A33,I,5C0A536D9D2B20B2
A33,I,F335FAC974011CB6
A33,I,4242AE6B4D680E23
A33,I,49713551E95C1DA1
A33,I,4B6D9BB197225DBE
A33,I,A7630804FE109410
A33,I,51418258FECF7F92
A33,I,F888B8E179391815
A33,I,46D78D8886A71B3B
A33,I,630AA1866C5372B6
A33,I,67A9E4B2A537BADD
A33,I,6B8C8DB5F899C252
A33,I,148B578A549941DD
A33,I,A9D85812EAEE6C17
A33,I,CDE436F19F193080
A33,I,9AB6298C1F646FEC
A33,I,24C7A1E6AC4B94F3
A33,I,22E22257A0FA43D3
A33,I,FF1A9F1AB2365840
A33,I,F49967C20E98FCAD
A33,I,1BE6E262F7DDBD53
A33,I,3F68D834013E6E08
A33,I,B715BB8D43DADED0
A33,I,87030C9E5FB7A82C
A33,I,A6F19DBFBFDFDA9E
A33,I,A36A295F3F93F9EB
A33,I,7613170BFA03BDE1
A33,I,64FC3B939BC09903
A33X,O,CBCE32D56C5263A9
A33X,O,5D7715C4BFFC9979
A33X,O,CC3EF4757AA0964A
A33X,O,E92E2723C1DBA061
A33X,O,03E44C30CECCFCEC
A33X,O,642F7D358D36F715
A33X,O,F269ACD809D1B43E
A33X,O,D74B67D55C63895F
A33X,O,A859FDC2ED9ECEA1
A33X,O,AF9FE138E3D5D5F0
A33X,O,1D44677AEFBA8773
A33X,O,18580F35B0A312CF
A33X,O,C70342BF7C6A4732
A33X,O,0D5759F7A4B185FE
A33X,O,C552CE565E1F0C85
A33X,O,9A43D6FA1AC3D2EA
A33X,O,21466046C6868AA7
A33X,O,CBCE32D56C5263A9
A33X,O,5D7715C4BFFC9979
A33X,O,CC3EF4757AA0964A
A33X,O,E92E2723C1DBA061
A33X,O,03E44C30CECCFCEC
A33X,O,642F7D358D36F715
A33X,O,F269ACD809D1B43E
A33X,O,D74B67D55C63895F
A33X,O,A859FDC2ED9ECEA1
A33X,O,AF9FE138E3D5D5F0
A33X,O,1D44677AEFBA8773
A33X,O,18580F35B0A312CF
A33X,O,C70342BF7C6A4732
A33X,O,0D5759F7A4B185FE
A33X,O,AAC64BCDD5B55A86
A33X,O,A99B6BB7F1628A08
A33X,O,C552CE565E1F0C85
A33X,O,9A43D6FA1AC3D2EA
A33X,O,21466046C6868AA7
A33X,I,86218AD69549D7B2
A33X,I,09C223E13435C61D
A33X,I,4B5144408E60BF11
A33X,I,4566E35B3D2C20B5
A33X,I,5055F6D68F0DD49D
A33X,I,4D02E857ADDE8AAF
A33X,I,818F12340BA8CA4B
A33X,I,571FE1F0FBB26545
A33X,I,C18A68BBD21DC5A6
A33X,I,EE1D84187D47C96C
A33X,I,A8B141D2ED68F7E1
A33X,I,5A781879E83B56A6
A33X,I,6B3EF5D982B399E6
A33X,I,CDE9BBBDE0226995
A33X,I,CBCE32D56C5263A9
A33X,I,86201D4BB45ED201
A33X,I,86218AD69549D7B2
A33X,I,09C223E13435C61D
A33X,I,4B5144408E60BF11
A33X,I,4566E35B3D2C20B5
A33X,I,5055F6D68F0DD49D
A33X,I,4D02E857ADDE8AAF
A33X,I,818F12340BA8CA4B
A33X,I,571FE1F0FBB26545
A33X,I,C18A68BBD21DC5A6
A33X,I,EE1D84187D47C96C
A33X,I,A8B141D2ED68F7E1
A33X,I,5A781879E83B56A6
A33X,I,6B3EF5D982B399E6
A33X,I,CDE9BBBDE0226995
A33X,I,CBCE32D56C5263A9
A34,O,E24E05B38AA2D28E
A34,O,0C6879C89662708A
A34,O,5FCE752FBBAB3B14
A34,O,3E20F9BD4AB8067F
A34,O,9D65EA81218F7784
A34,O,DC7AC2F4CE4F5059
A34,O,C1528848376F5B95
A34,O,0CC3913BEF225E76
A34,O,97A265C9E6F9AA61
A34,O,29395B362BEDBA1E
A34,O,229128E5EA86F3A2
A34,O,776535DC784DD106
A34,O,C054428621712B5C
A34,O,FA36E29F8BCC544C
A34,O,448D42252303EC00
A34,O,712504F8E762020C
A34,O,F307FDA96A1DF9A2
A34,O,8E76875D12C239A3
A34,O,ADE15F24D2EE0B20
A34,O,9E10C87488BC7493
A34,O,951EB88600BAF893
A34,O,F4C9995BB455AB46
A34,O,4FF70CD3938702E4
A34,O,224B3B71A4C25C01
A34,O,333A88A8E07C956B
A34,O,B2442AC56532517B
A34,O,78644FF7E8B7BBA0
A34,O,0221966C1116C4EC
A34,O,C70342BF7C6A4732
A34,O,0D5759F7A4B185FE
A34,O,C552CE565E1F0C85
A34,O,9A43D6FA1AC3D2EA
A34,O,21466046C6868AA7
A34,O,229128E5EA86F3A2
A34,O,776535DC784DD106
A34,O,C054428621712B5C
A34,O,FA36E29F8BCC544C
A34,O,448D42252303EC00
A34,O,712504F8E762020C
A34,O,F307FDA96A1DF9A2
A34,O,8E76875D12C239A3
A34,O,ADE15F24D2EE0B20
A34,O,9E10C87488BC7493
A34,O,951EB88600BAF893
A34,O,F4C9995BB455AB46
A34,O,4FF70CD3938702E4
A34,O,224B3B71A4C25C01
A34,O,333A88A8E07C956B
A34,O,B2442AC56532517B
A34,O,78644FF7E8B7BBA0
A34,O,0221966C1116C4EC
A34,O,C70342BF7C6A4732
A34,O,0D5759F7A4B185FE
A34,O,C552CE565E1F0C85
A34,O,9A43D6FA1AC3D2EA
A34,O,21466046C6868AA7
A34,O,E24E05B38AA2D28E
A34,O,0C6879C89662708A
A34,O,5FCE752FBBAB3B14
A34,O,3E20F9BD4AB8067F
A34,O,9D65EA81218F7784
A34,O,DC7AC2F4CE4F5059
A34,O,C1528848376F5B95
A34,O,0CC3913BEF225E76
A34,O,97A265C9E6F9AA61
A34,O,29395B362BEDBA1E
A34,O,229128E5EA86F3A2
A34,O,776535DC784DD106
A34,O,C054428621712B5C
A34,O,FA36E29F8BCC544C
A34,O,448D42252303EC00
A34,O,712504F8E762020C
A34,O,F307FDA96A1DF9A2
A34,O,8E76875D12C239A3
A34,O,ADE15F24D2EE0B20
A34,O,9E10C87488BC7493
A34,O,951EB88600BAF893
A34,O,F4C9995BB455AB46
A34,O,4FF70CD3938702E4
A34,O,224B3B71A4C25C01
A34,O,333A88A8E07C956B
A34,O,B2442AC56532517B
A34,O,78644FF7E8B7BBA0
A34,O,0221966C1116C4EC
A34,O,C70342BF7C6A4732
A34,O,0D5759F7A4B185FE
A34,O,C552CE565E1F0C85
A34,O,9A43D6FA1AC3D2EA
A34,O,9C9F817064169CE7
A34,O,E48E4C46F64FFB0E
A34,O,21466046C6868AA7
A34,O,229128E5EA86F3A2
A34,O,776535DC784DD106
A34,O,C054428621712B5C
A34,O,FA36E29F8BCC544C
A34,O,448D42252303EC00
A34,O,712504F8E762020C
A34,O,F307FDA96A1DF9A2
A34,O,8E76875D12C239A3
A34,O,ADE15F24D2EE0B20
A34,O,9E10C87488BC7493
A34,O,951EB88600BAF893
A34,O,F4C9995BB455AB46
A34,O,4FF70CD3938702E4
A34,O,224B3B71A4C25C01
A34,O,333A88A8E07C956B
A34,O,B2442AC56532517B
A34,O,78644FF7E8B7BBA0
A34,O,0221966C1116C4EC
A34,O,C70342BF7C6A4732
A34,O,0D5759F7A4B185FE
A34,O,C552CE565E1F0C85
A34,O,9A43D6FA1AC3D2EA
A34,O,9C9F817064169CE7
A34,O,E48E4C46F64FFB0E
A34,O,21466046C6868AA7
A34,I,1C7EDE6D51378E58
A34,I,96CE5BB6CD5794BC
A34,I,4B5144408E60BF11
A34,I,B651E2A39CD4CC05
A34,I,F734736F35F459DC
A34,I,23B913EACE0581E4
A34,I,C6D5DEF91CB7B581
A34,I,5051A4FF380B1502
A34,I,9E1FC92F86D2F4E3
A34,I,AA239AD010294414
A34,I,284790CC047436BE
A34,I,A80A0719C2068B68
A34,I,8667AD096EEED0A8
A34,I,BA72A994EEF9FABE
A34,I,F8FE29B1FAF8BA77
A34,I,B26245505565A1E0
A34,I,88F986C270B16408
A34,I,90CFA838B3C95AE0
A34,I,3C6FA714F5D6EE83
A34,I,2D1C73EF002336DC
A34,I,8A97896E33AED30C
A34,I,54045C861286559E
A34,I,8935A262593E620A
A34,I,E701147EA74E97F2
A34,I,CD077FC371E93248
A34,I,4CEB8ACF469C6AD5
A34,I,0C6879C89662708A
A34,I,DCA166B0A16656DD
A34,I,E24E05B38AA2D28E
A34,I,1C7EDE6D51378E58
A34,I,9C9F817064169CE7
A34,I,E48E4C46F64FFB0E
A34,I,96CE5BB6CD5794BC
A34,I,4B5144408E60BF11
A34,I,B651E2A39CD4CC05
A34,I,F734736F35F459DC
A34,I,23B913EACE0581E4
A34,I,C6D5DEF91CB7B581
A34,I,5051A4FF380B1502
A34,I,9E1FC92F86D2F4E3
A34,I,AA239AD010294414
A34,I,284790CC047436BE
A34,I,A80A0719C2068B68
A34,I,8667AD096EEED0A8
A34,I,BA72A994EEF9FABE
A34,I,F8FE29B1FAF8BA77
A34,I,B26245505565A1E0
A34,I,88F986C270B16408
A34,I,90CFA838B3C95AE0
A34,I,3C6FA714F5D6EE83
A34,I,2D1C73EF002336DC
A34,I,8A97896E33AED30C
A34,I,54045C861286559E
A34,I,8935A262593E620A
A34,I,E701147EA74E97F2
A34,I,CD077FC371E93248
A34,I,4CEB8ACF469C6AD5
A34,I,0C6879C89662708A
A34,I,DCA166B0A16656DD
A34,I,E24E05B38AA2D28E
A36,O,A7156FD2BD44D128
A36,O,C9C4CEEC13D20879
A36,O,9DD0D04123E70E56
A36,O,2CF4CFA22192E30A
A36,O,45B57C063BB57D07
A36,O,69CFE96E38AD1D50
A36,O,2E73B26A07205432
A36,O,7B93AB79165E79E6
A36,O,B802C4681F58E3E2
A36,O,F8DED1E04A074504
A36,O,8BE58FAD7E9C94C7
A36,O,1DBADE3376C4149E
A36,O,61130BDD0AFFBA86
A36,O,147195048B687121
A36,O,210978D525EEDF4F
A36,O,C70342BF7C6A4732
A36,O,0D5759F7A4B185FE
A36,O,C552CE565E1F0C85
A36,O,9A43D6FA1AC3D2EA
A36,O,21466046C6868AA7
A36,O,A7156FD2BD44D128
A36,O,C9C4CEEC13D20879
A36,O,9DD0D04123E70E56
A36,O,2CF4CFA22192E30A
A36,O,45B57C063BB57D07
A36,O,69CFE96E38AD1D50
A36,O,2E73B26A07205432
A36,O,7B93AB79165E79E6
A36,O,B802C4681F58E3E2
A36,O,F8DED1E04A074504
A36,O,8BE58FAD7E9C94C7
A36,O,1DBADE3376C4149E
A36,O,61130BDD0AFFBA86
A36,O,147195048B687121
A36,O,210978D525EEDF4F
A36,O,C70342BF7C6A4732
A36,O,0D5759F7A4B185FE
A36,O,AAC64BCDD5B55A86
A36,O,C552CE565E1F0C85
A36,O,9A43D6FA1AC3D2EA
A36,O,21466046C6868AA7
A36,O,A7156FD2BD44D128
A36,O,C9C4CEEC13D20879
A36,O,9DD0D04123E70E56
A36,O,2CF4CFA22192E30A
A36,O,45B57C063BB57D07
A36,O,69CFE96E38AD1D50
A36,O,2E73B26A07205432
A36,O,7B93AB79165E79E6
A36,O,B802C4681F58E3E2
A36,O,F8DED1E04A074504
A36,O,8BE58FAD7E9C94C7
A36,O,1DBADE3376C4149E
A36,O,61130BDD0AFFBA86
A36,O,147195048B687121
A36,O,210978D525EEDF4F
A36,O,C70342BF7C6A4732
A36,O,0D5759F7A4B185FE
A36,O,AAC64BCDD5B55A86
A36,O,C552CE565E1F0C85
A36,O,9A43D6FA1AC3D2EA
A36,O,D3B54388E91DAB57
A36,O,21466046C6868AA7
A36,O,A7156FD2BD44D128
A36,O,C9C4CEEC13D20879
A36,O,9DD0D04123E70E56
A36,O,2CF4CFA22192E30A
A36,O,45B57C063BB57D07
A36,O,69CFE96E38AD1D50
A36,O,2E73B26A07205432
A36,O,7B93AB79165E79E6
A36,O,B802C4681F58E3E2
A36,O,F8DED1E04A074504
A36,O,8BE58FAD7E9C94C7
A36,O,1DBADE3376C4149E
A36,O,61130BDD0AFFBA86
A36,O,147195048B687121
A36,O,210978D525EEDF4F
A36,O,C70342BF7C6A4732
A36,O,0D5759F7A4B185FE
A36,O,C552CE565E1F0C85
A36,O,9A43D6FA1AC3D2EA
A36,O,9C9F817064169CE7
A36,O,21466046C6868AA7
A36,I,B8BAF95E90D6E16E
A36,I,883451BFA586E00E
A36,I,80818BFC3FE76A5B
A36,I,D9B82EE66AFF2975
A36,I,ADD19B88AA8E99DC
A36,I,00115688D89603F9
A36,I,F87A56BD0A2640ED
A36,I,D54B0CA58FE5559D
A36,I,3D566753F149907F
A36,I,9FB710B737A32C3A
A36,I,591FA32FB4B53682
A36,I,C59B16415222709D
A36,I,88B9BE4ED93A3292
A36,I,7469F3B24F889F1B
A36,I,8DBA8FDF35CE7CC0
A36,I,A4F1BEF1EEAD0910
A36,I,A7156FD2BD44D128
A36,I,B8BAF95E90D6E16E
A36,I,D3B54388E91DAB57
A36,I,883451BFA586E00E
A36,I,80818BFC3FE76A5B
A36,I,D9B82EE66AFF2975
A36,I,ADD19B88AA8E99DC
A36,I,00115688D89603F9
A36,I,F87A56BD0A2640ED
A36,I,D54B0CA58FE5559D
A36,I,3D566753F149907F
A36,I,9FB710B737A32C3A
A36,I,591FA32FB4B53682
A36,I,C59B16415222709D
A36,I,88B9BE4ED93A3292
A36,I,7469F3B24F889F1B
A36,I,8DBA8FDF35CE7CC0
A36,I,A4F1BEF1EEAD0910
A36,I,A7156FD2BD44D128
A37,O,334A391D9FD2C201
A37,O,9934B2D6C17179FE
A37,O,F7CDF51B3184DEC6
A37,O,29218693F28C0ABD
A37,O,71D916F7E97D18A3
A37,O,0C080F70E16F02B7
A37,O,73755A16EA9076FF
A37,O,F60E8E7D4B29135F
A37,O,425A05E37D050F0D
A37,O,AA92A3F2775F4F69
A37,O,610F737B04D534D9
A37,O,BAB02D19E8B67DB6
A37,O,0E63473C95554A20
A37,O,378A33FE9A4089DF
A37,O,EF0567DCF0D20204
A37,O,241BD0C151A1B393
A37,O,C70342BF7C6A4732
A37,O,0D5759F7A4B185FE
A37,O,C552CE565E1F0C85
A37,O,9A43D6FA1AC3D2EA
A37,O,21466046C6868AA7
A37,O,334A391D9FD2C201
A37,O,9934B2D6C17179FE
A37,O,F7CDF51B3184DEC6
A37,O,29218693F28C0ABD
A37,O,71D916F7E97D18A3
A37,O,0C080F70E16F02B7
A37,O,73755A16EA9076FF
A37,O,F60E8E7D4B29135F
A37,O,425A05E37D050F0D
A37,O,AA92A3F2775F4F69
A37,O,610F737B04D534D9
A37,O,BAB02D19E8B67DB6
A37,O,0E63473C95554A20
A37,O,378A33FE9A4089DF
A37,O,EF0567DCF0D20204
A37,O,241BD0C151A1B393
A37,O,C70342BF7C6A4732
A37,O,0D5759F7A4B185FE
A37,O,C552CE565E1F0C85
A37,O,9A43D6FA1AC3D2EA
A37,O,9C9F817064169CE7
A37,O,E48E4C46F64FFB0E
A37,O,21466046C6868AA7
A37,I,93A608CBFD9D5128
A37,I,3250A722B6084CC8
A37,I,5CDF70DDB539B39B
A37,I,023F856BE4F830F2
A37,I,CEDD8C935E63648C
A37,I,C20316E552E64387
A37,I,B6C73B7C3607611B
A37,I,8C6AEEC9E76F7852
A37,I,8370DDFF896AC3E0
A37,I,01B4E1C4514C35E2
A37,I,7C8F479D41B69151
A37,I,3B5F1B8C69EAE397
A37,I,90A0828B57A59906
A37,I,79C0E2525F4B50FF
A37,I,D921F140F4006272
A37,I,8366B8BB0703BB8C
A37,I,334A391D9FD2C201
A37,I,93A608CBFD9D5128
A37,I,9C9F817064169CE7
A37,I,E48E4C46F64FFB0E
A37,I,3250A722B6084CC8
A37,I,5CDF70DDB539B39B
A37,I,023F856BE4F830F2
A37,I,CEDD8C935E63648C
A37,I,C20316E552E64387
A37,I,B6C73B7C3607611B
A37,I,8C6AEEC9E76F7852
A37,I,8370DDFF896AC3E0
A37,I,01B4E1C4514C35E2
A37,I,7C8F479D41B69151
A37,I,3B5F1B8C69EAE397
A37,I,90A0828B57A59906
A37,I,79C0E2525F4B50FF
A37,I,D921F140F4006272
A37,I,8366B8BB0703BB8C
A37,I,334A391D9FD2C201
A38,O,6D12ACD9163EDD99
A38,O,2C9BABEC2D1F04A3
A38,O,5834E2A330B9C3F4
A38,O,4970D7BEAE2A7422
A38,O,1D7A47D38CE1E6D7
A38,O,D388EAE9181708D7
A38,O,09141DBE74259A87
A38,O,6D6DCAA9E6584422
A38,O,9FFB27C9E799FDC9
A38,O,0932BC34DBEAA8CD
A38,O,B0F54576BC1B2CF2
A38,O,513616D2281F7EBD
A38,O,2BDB4CC59A344CA3
A38,O,48F4A12FBE9186E3
A38,O,47E8177BC55580BC
A38,O,5A2A66038B409879
A38,O,040BF3E98E34C65C
A38,O,5D54365755195601
A38,O,2BBF7E74B792F4D9
A38,O,B70D89DFA52011DB
A38,O,A68800ABF9DC075B
A38,O,1684F750FEB1342E
A38,O,412DEEF534E127AF
A38,O,C552CE565E1F0C85
A38,O,9A43D6FA1AC3D2EA
A38,O,0D5759F7A4B185FE
A38,O,21466046C6868AA7
A38,O,7CB61EFB024D9025
A38,I,7CB61EFB024D9025
A38,I,57B34182D2844A35
A38,I,28E722A4FDD9ABB9
A38,I,5476E155980E85F9
A38,I,03DF3BB7102FE4A4
A38,I,64046AF19443F736
A38,I,EEE72EA029EB8438
A38,I,D85C3A15814F927B
A38,I,040BF3E98E34C65C
A38,I,DDEF448B9FD8E0A5
A38,I,A494158699C58BFF
A38,I,9B876C4A7054DCF5
A38,I,E2385520ADCFC607
A38,I,6F36400A6E1FBE49
A38,I,B78CDC6E85060BE4
A38,I,BF876DC97B6395D2
A38,I,177F8A8A3716DBE0
A38,I,66EA5E4B2C7CAE82
A38,I,98A787294A2089F6
A38,I,9FE135F7D7D377E6
A38,I,B7F443B0BB14A4EC
A38,I,BD67BA334834CACB
A38,I,6FF0624000B3D53D
A38,I,982E419BB26ED8AA
A38,I,8F60B176234176D8
A38,I,431CFBCADDFF352C
A38,I,6D12ACD9163EDD99
A41,O,24F7097D1D913EC5
A41,O,F0B624403EB4108C
A41,O,4C236D0FBDFDDA6E
A41,O,9F527C21FE33EF58
A41,O,EFB9F85F98113CB0
A41,O,55B5E2A727CAA86D
A41,O,E757600B79B0B2AC
A41,O,4039C75BB85BF238
A41,O,FCCAC3FC3C8A66E2
A41,O,197315C40E767929
A41,O,6ACFA599CC0EA4E0
A41,O,CA89494AD121A8DC
A41,O,FCA7A9D99D36338B
A41,O,2E0FD54FCF000E13
A41,O,4F09976CA4CF80C9
A41,O,F01D5D94B03AA8A2
A41,O,1983BD4319FB2713
A41,O,673B33867260EBB7
A41,O,412DEEF534E127AF
A41,O,C552CE565E1F0C85
A41,O,9A43D6FA1AC3D2EA
A41,O,0D5759F7A4B185FE
A41,O,21466046C6868AA7
A41,O,24F7097D1D913EC5
A41,O,F0B624403EB4108C
A41,O,4C236D0FBDFDDA6E
A41,O,9F527C21FE33EF58
A41,O,EFB9F85F98113CB0
A41,O,55B5E2A727CAA86D
A41,O,E757600B79B0B2AC
A41,O,4039C75BB85BF238
A41,O,FCCAC3FC3C8A66E2
A41,O,197315C40E767929
A41,O,6ACFA599CC0EA4E0
A41,O,CA89494AD121A8DC
A41,O,FCA7A9D99D36338B
A41,O,2E0FD54FCF000E13
A41,O,4F09976CA4CF80C9
A41,O,F01D5D94B03AA8A2
A41,O,1983BD4319FB2713
A41,O,673B33867260EBB7
A41,O,412DEEF534E127AF
A41,O,AAC64BCDD5B55A86
A41,O,C552CE565E1F0C85
A41,O,9A43D6FA1AC3D2EA
A41,O,D3B54388E91DAB57
A41,O,0D5759F7A4B185FE
A41,O,21466046C6868AA7
A41,I,5E1FA939586B3FD1
A41,I,B0851FD6C20D738D
A41,I,0879D399E5B5FE0C
A41,I,897B26110ECE76B3
A41,I,AB52CEC256B299BE
A41,I,156FFE36D7D42EFE
A41,I,65F5585B72A99D7F
A41,I,94BA372E9FDC87C4
A41,I,A6631CAD2E2DE2A6
A41,I,84FC122EC64D8885
A41,I,04EA3349BDD260C8
A41,I,225D34B4D891AFB1
A41,I,5F80607D7F73A18B
A41,I,179D40F1BB78ACDC
A41,I,467BDDF7A510D52D
A41,I,1319087BC40F4003
A41,I,A76720B899F88D03
A41,I,73F1F8AA0F9077D2
A41,I,CB0585244877B9B9
A41,I,02CF8D1FE31E9A09
A41,I,24F7097D1D913EC5
A41,I,5E1FA939586B3FD1
A41,I,D3B54388E91DAB57
A41,I,B0851FD6C20D738D
A41,I,0879D399E5B5FE0C
A41,I,897B26110ECE76B3
A41,I,AB52CEC256B299BE
A41,I,156FFE36D7D42EFE
A41,I,65F5585B72A99D7F
A41,I,94BA372E9FDC87C4
A41,I,A6631CAD2E2DE2A6
A41,I,84FC122EC64D8885
A41,I,04EA3349BDD260C8
A41,I,225D34B4D891AFB1
A41,I,5F80607D7F73A18B
A41,I,179D40F1BB78ACDC
A41,I,467BDDF7A510D52D
A41,I,1319087BC40F4003
A41,I,A76720B899F88D03
A41,I,73F1F8AA0F9077D2
A41,I,CB0585244877B9B9
A41,I,02CF8D1FE31E9A09
A41,I,24F7097D1D913EC5
A41P,O,BA72214DFE48AA86
A41P,O,6E42FB38EBBE1C42
A41P,O,118212ABD14E1580
A41P,O,EEF73B5695D2AB0F
A41P,O,0AA7219BB2418438
A41P,O,844648D1EDB4A4CD
A41P,O,3DD89EF20A237A4C
A41P,O,24CD3B0F3389F822
A41P,O,5EDA0C1BE5CE95CF
A41P,O,424003F7939E9F01
A41P,O,4EFF1135BD93EE9E
A41P,O,F88D7720B4F389B0
A41P,O,FA141FB0FF048F32
A41P,O,FBE33E1EA7BA6051
A41P,O,DCDF76EA791EDED7
A41P,O,6E2A182F0DD98D48
A41P,O,51E6C8BD0176D660
A41P,O,E757600B79B0B2AC
A41P,O,673B33867260EBB7
A41P,O,412DEEF534E127AF
A41P,O,C552CE565E1F0C85
A41P,O,9A43D6FA1AC3D2EA
A41P,O,0D5759F7A4B185FE
A41P,O,21466046C6868AA7
A41P,O,74775F172FABD878
A41P,O,7E289B9FFDF77CAE
A41P,O,6F03615DDC0F7502
A41P,O,DB78ADF2386771E5
A41P,O,A39754C80FFB1590
A41P,O,BA72214DFE48AA86
A41P,O,6E42FB38EBBE1C42
A41P,O,118212ABD14E1580
A41P,O,EEF73B5695D2AB0F
A41P,O,0AA7219BB2418438
A41P,O,844648D1EDB4A4CD
A41P,O,3DD89EF20A237A4C
A41P,O,24CD3B0F3389F822
A41P,O,5EDA0C1BE5CE95CF
A41P,O,424003F7939E9F01
A41P,O,4EFF1135BD93EE9E
A41P,O,F88D7720B4F389B0
A41P,O,FA141FB0FF048F32
A41P,O,FBE33E1EA7BA6051
A41P,O,DCDF76EA791EDED7
A41P,O,6E2A182F0DD98D48
A41P,O,51E6C8BD0176D660
A41P,O,E757600B79B0B2AC
A41P,O,673B33867260EBB7
A41P,O,412DEEF534E127AF
A41P,O,C552CE565E1F0C85
A41P,O,9A43D6FA1AC3D2EA
A41P,O,0D5759F7A4B185FE
A41P,O,21466046C6868AA7
A41P,I,D23DB06513E5F202
A41P,I,A7378EEEBFA0C76C
A41P,I,0879D399E5B5FE0C
A41P,I,897B26110ECE76B3
A41P,I,727AA8B21AB74300
A41P,I,582EA09A77D20CC3
A41P,I,04543155BFC77A1B
A41P,I,6F03E19C5E800893
A41P,I,7FDBE1ABD7231657
A41P,I,B86B05AB0F82C94E
A41P,I,1BD5318E1C647F83
A41P,I,CE813C1E1A72C7B0
A41P,I,297B262BF8D00544
A41P,I,A6424D59E135C4EC
A41P,I,24CD3B0F3389F822
A41P,I,040478A068F3E0EB
A41P,I,8EB192ED041A8459
A41P,I,1E04D9D97DE148C2
A41P,I,507E8F5167002BC5
A41P,I,362D0188DD0985FF
A41P,I,A90443FD0C19C4B1
A41P,I,BA72214DFE48AA86
A41P,I,D23DB06513E5F202
A41P,I,9C9F817064169CE7
A41P,I,E48E4C46F64FFB0E
A41P,I,A7378EEEBFA0C76C
A41P,I,0879D399E5B5FE0C
A41P,I,897B26110ECE76B3
A41P,I,727AA8B21AB74300
A41P,I,582EA09A77D20CC3
A41P,I,04543155BFC77A1B
A41P,I,6F03E19C5E800893
A41P,I,7FDBE1ABD7231657
A41P,I,B86B05AB0F82C94E
A41P,I,1BD5318E1C647F83
A41P,I,CE813C1E1A72C7B0
A41P,I,297B262BF8D00544
A41P,I,A6424D59E135C4EC
A41P,I,24CD3B0F3389F822
A41P,I,040478A068F3E0EB
A41P,I,8EB192ED041A8459
A41P,I,1E04D9D97DE148C2
A41P,I,507E8F5167002BC5
A41P,I,362D0188DD0985FF
A41P,I,A90443FD0C19C4B1
A41P,I,BA72214DFE48AA86
A41P,I,D23DB06513E5F202
A41P,I,9C9F817064169CE7
A41P,I,E48E4C46F64FFB0E
A41P,I,A7378EEEBFA0C76C
A41P,I,0879D399E5B5FE0C
A41P,I,897B26110ECE76B3
A41P,I,727AA8B21AB74300
A41P,I,582EA09A77D20CC3
A41P,I,04543155BFC77A1B
A41P,I,6F03E19C5E800893
A41P,I,7FDBE1ABD7231657
A41P,I,B86B05AB0F82C94E
A41P,I,1BD5318E1C647F83
A41P,I,CE813C1E1A72C7B0
A41P,I,297B262BF8D00544
A41P,I,A6424D59E135C4EC
A41P,I,24CD3B0F3389F822
A41P,I,040478A068F3E0EB
A41P,I,8EB192ED041A8459
A41P,I,1E04D9D97DE148C2
A41P,I,507E8F5167002BC5
A41P,I,362D0188DD0985FF
A41P,I,A90443FD0C19C4B1
A41P,I,BA72214DFE48AA86
A41P,I,2C5CA5F47FB6EB3F
A41P,I,6B775855F6FB16D9
A41P,I,40C9465E380F04C5
A41P,I,C67E139743E66D71
A41P,I,8AD4B244D6A50BDB
A41P,I,74775F172FABD878
A42,O,9DB1F8ED716CD77E
A42,O,51B9CE80774449E9
A42,O,16E1175180DCF777
A42,O,5DA6860E45D1384C
A42,O,459C4588BE4A2105
A42,O,6B0535DA4880425B
A42,O,B93951057E6B1BB1
A42,O,FA655954F0EFD491
A42,O,E00F663184A45549
A42,O,F2DB3CC396A8FB3D
A42,O,2D4CD0F067CD78B1
A42,O,F6E2F51B9F92CCE0
A42,O,E1FF74B455D86144
A42,O,CE2545F39BA3DAC8
A42,O,4B165F73BB317EEB
A42,O,59873477A008D101
A42,O,F000F70B07474BD2
A42,O,FC48D23E87345ABF
A42,O,673B33867260EBB7
A42,O,412DEEF534E127AF
A42,O,0D5759F7A4B185FE
A42,O,C552CE565E1F0C85
A42,O,9A43D6FA1AC3D2EA
A42,O,21466046C6868AA7
A42,I,23F3D6C7BDAD87EB
A42,I,38A38CABCA7969CF
A42,I,0879D399E5B5FE0C
A42,I,897B26110ECE76B3
A42,I,2E299F1E89BC57CE
A42,I,829C1171F750F675
A42,I,6134166F9BD67294
A42,I,FB8BC2A525782A89
A42,I,1D13B640481F4CD1
A42,I,AC2A4AB84E52364C
A42,I,8775AFC1C836C39F
A42,I,BF9EF4DE47490F5E
A42,I,8A7BE4178A2816EE
A42,I,66B8F73D3F4E91C9
A42,I,8EE5AC5D519C140E
A42,I,808CA5FECCC6646D
A42,I,F49465D014D12FF8
A42,I,9810513BAAA31230
A42,I,1B7F0748C4D6458E
A42,I,3A28F5D362EB2111
A42,I,9DB1F8ED716CD77E
A43,O,D44F9DCC71251889
A43,O,3582449B6BBC72AB
A43,O,13568DBEFE3503A6
A43,O,87F9F165B63331A5
A43,O,540B42AF095A342C
A43,O,15B81103A046F072
A43,O,353E3CFF9A54BF67
A43,O,B763C84D964B44BA
A43,O,9D388587636920DA
A43,O,861F3C638550D22F
A43,O,1E74023B27721B91
A43,O,C714D6DAAC9C9719
A43,O,D6ACD5E94F9E6DED
A43,O,3FBF0DB2F9B1524A
A43,O,6883840CF48EFF58
A43,O,2DE55F5F52F8A3AF
A43,O,564C0ECAAC09C371
A43,O,412DEEF534E127AF
A43,O,C552CE565E1F0C85
A43,O,9A43D6FA1AC3D2EA
A43,O,0D5759F7A4B185FE
A43,O,21466046C6868AA7
A43,O,D44F9DCC71251889
A43,O,3582449B6BBC72AB
A43,O,13568DBEFE3503A6
A43,O,87F9F165B63331A5
A43,O,540B42AF095A342C
A43,O,15B81103A046F072
A43,O,353E3CFF9A54BF67
A43,O,B763C84D964B44BA
A43,O,9D388587636920DA
A43,O,861F3C638550D22F
A43,O,1E74023B27721B91
A43,O,C714D6DAAC9C9719
A43,O,D6ACD5E94F9E6DED
A43,O,3FBF0DB2F9B1524A
A43,O,6883840CF48EFF58
A43,O,2DE55F5F52F8A3AF
A43,O,564C0ECAAC09C371
A43,O,412DEEF534E127AF
A43,O,AAC64BCDD5B55A86
A43,O,C552CE565E1F0C85
A43,O,9A43D6FA1AC3D2EA
A43,O,0D5759F7A4B185FE
A43,O,21466046C6868AA7
A43,I,93DD7DA7A8D5BFE7
A43,I,192BF77E794E87E1
A43,I,558ED5EDA9A0C43C
A43,I,7D72DDC29E02C14D
A43,I,F15B04D268DD5C8F
A43,I,7CA480A59A2F904E
A43,I,B45CD55709BC851E
A43,I,9B0A34A1BF585BC4
A43,I,E6D6D7CFDE4D90CF
A43,I,EBA831318619FA07
A43,I,AFD29CB1A4F71AB9
A43,I,D7AEA2151D2CD809
A43,I,071AEC9DBAFB7032
A43,I,EE81A30BE4BDC8AC
A43,I,13E97271E64C885B
A43,I,61F3A30772D0913C
A43,I,2AC85D87661D5AF6
A43,I,D1F2F468672FB541
A43,I,BA2B81A1A81DB398
A43,I,D44F9DCC71251889
A43P,O,D44F9DCC71251889
A43P,O,3582449B6BBC72AB
A43P,O,13568DBEFE3503A6
A43P,O,87F9F165B63331A5
A43P,O,5164AE1A29DEA71A
A43P,O,3FBF0DB2F9B1524A
A43P,O,6883840CF48EFF58
A43P,O,2DE55F5F52F8A3AF
A43P,O,D926EC9FC8BCE6BD
A43P,O,564C0ECAAC09C371
A43P,O,412DEEF534E127AF
A43P,O,C552CE565E1F0C85
A43P,O,9A43D6FA1AC3D2EA
A43P,O,9C9F817064169CE7
A43P,O,0D5759F7A4B185FE
A43P,O,21466046C6868AA7
A43P,O,58BDEDBF06BF314F
A43P,O,E8074D7F42D23647
A43P,O,4455776ABFCD1605
A43P,O,C247F858F91516CF
A43P,O,D44F9DCC71251889
A43P,O,3582449B6BBC72AB
A43P,O,13568DBEFE3503A6
A43P,O,87F9F165B63331A5
A43P,O,5164AE1A29DEA71A
A43P,O,3FBF0DB2F9B1524A
A43P,O,6883840CF48EFF58
A43P,O,2DE55F5F52F8A3AF
A43P,O,D926EC9FC8BCE6BD
A43P,O,564C0ECAAC09C371
A43P,O,412DEEF534E127AF
A43P,O,C552CE565E1F0C85
A43P,O,9A43D6FA1AC3D2EA
A43P,O,9C9F817064169CE7
A43P,O,0D5759F7A4B185FE
A43P,O,21466046C6868AA7
A43P,I,93DD7DA7A8D5BFE7
A43P,I,192BF77E794E87E1
A43P,I,558ED5EDA9A0C43C
A43P,I,7D72DDC29E02C14D
A43P,I,D926EC9FC8BCE6BD
A43P,I,F15B04D268DD5C8F
A43P,I,7CA480A59A2F904E
A43P,I,CFCF195771D9D63E
A43P,I,9B68464F2596E2FE
A43P,I,04A05525A6AB819D
A43P,I,D1F2F468672FB541
A43P,I,BA2B81A1A81DB398
A43P,I,D44F9DCC71251889
A43P,I,93DD7DA7A8D5BFE7
A43P,I,9C9F817064169CE7
A43P,I,E48E4C46F64FFB0E
A43P,I,192BF77E794E87E1
A43P,I,558ED5EDA9A0C43C
A43P,I,7D72DDC29E02C14D
A43P,I,D926EC9FC8BCE6BD
A43P,I,F15B04D268DD5C8F
A43P,I,7CA480A59A2F904E
A43P,I,CFCF195771D9D63E
A43P,I,9B68464F2596E2FE
A43P,I,04A05525A6AB819D
A43P,I,D1F2F468672FB541
A43P,I,BA2B81A1A81DB398
A43P,I,D44F9DCC71251889
A43P,I,93DD7DA7A8D5BFE7
A43P,I,9C9F817064169CE7
A43P,I,E48E4C46F64FFB0E
A43P,I,192BF77E794E87E1
A43P,I,558ED5EDA9A0C43C
A43P,I,7D72DDC29E02C14D
A43P,I,D926EC9FC8BCE6BD
A43P,I,F15B04D268DD5C8F
A43P,I,7CA480A59A2F904E
A43P,I,CFCF195771D9D63E
A43P,I,9B68464F2596E2FE
A43P,I,04A05525A6AB819D
A43P,I,D1F2F468672FB541
A43P,I,BA2B81A1A81DB398
A43P,I,D44F9DCC71251889
A43P,I,6C2DBC45160AA4BF
A43P,I,E5F082F4C7300273
A43P,I,C6DEF1AF70EC3375
A43P,I,9381998EA6DC33CA
A43P,I,886559B17A8D61EC
A46,O,666187E9CF307E3D
A46,O,23423275AF3D7EE5
A46,O,E540860990B03748
A46,O,5E70E7D7AB0F41DE
A46,O,1179478DCE94A5C6
A46,O,197315C40E767929
A46,O,6ACFA599CC0EA4E0
A46,O,AAFC135FEECBEFA8
A46,O,D0310E4F70D963A4
A46,O,B22D53E1FE805F7A
A46,O,4ECC890698B17056
A46,O,673B33867260EBB7
A46,O,412DEEF534E127AF
A46,O,0D5759F7A4B185FE
A46,O,C552CE565E1F0C85
A46,O,9A43D6FA1AC3D2EA
A46,O,21466046C6868AA7
A46,I,23F3D6C7BDAD87EB
A46,I,142122D77C7F92B3
A46,I,0879D399E5B5FE0C
A46,I,897B26110ECE76B3
A46,I,B22D53E1FE805F7A
A46,I,4ECC890698B17056
A46,I,AF61AE97990B5C08
A46,I,129219C30B38D844
A46,I,110E1A65A0670D0F
A46,I,84FC122EC64D8885
A46,I,04EA3349BDD260C8
A46,I,225D34B4D891AFB1
A46,I,452DC333DCAD8464
A46,I,95974C5D780AB509
A46,I,7E6C7136D5C27AD1
A46,I,54EE9702C289DDAC
A46,I,464CFC70CF3895AD
A46,I,666187E9CF307E3D
A47X,O,5B5C877D02DF4C31
A47X,O,442F0B8C94311306
A47X,O,7A47A23B960DD4FF
A47X,O,638851B5496C1765
A47X,O,8BF41341E058D6A6
A47X,O,17B30F17DCD149D3
A47X,O,DAB252A4BC687441
A47X,O,67CE6F9B4ACB8421
A47X,O,89240EC55B8818BC
A47X,O,259B42E9BB57199D
A47X,O,E39225003155E094
A47X,O,919C2FE90FDCAD6A
A47X,O,EE212E6FD5124813
A47X,O,673B33867260EBB7
A47X,O,412DEEF534E127AF
A47X,O,C552CE565E1F0C85
A47X,O,9A43D6FA1AC3D2EA
A47X,O,0D5759F7A4B185FE
A47X,O,21466046C6868AA7
A47X,O,5B5C877D02DF4C31
A47X,O,442F0B8C94311306
A47X,O,7A47A23B960DD4FF
A47X,O,638851B5496C1765
A47X,O,8BF41341E058D6A6
A47X,O,17B30F17DCD149D3
A47X,O,DAB252A4BC687441
A47X,O,67CE6F9B4ACB8421
A47X,O,89240EC55B8818BC
A47X,O,259B42E9BB57199D
A47X,O,E39225003155E094
A47X,O,919C2FE90FDCAD6A
A47X,O,EE212E6FD5124813
A47X,O,3945D5C71A298168
A47X,O,B4E25ABB1C5DE439
A47X,O,4A0ECA0D5AA4CB7E
A47X,O,437CE05BCFE6248C
A47X,O,A3D85C5591D7F0CA
A47X,O,241AA85186E2C93E
A47X,O,2412E319B88EBF96
A47X,O,907CF3142C0E02BB
A47X,O,A5FDDA13C2C7A953
A47X,O,673B33867260EBB7
A47X,O,412DEEF534E127AF
A47X,O,C552CE565E1F0C85
A47X,O,9A43D6FA1AC3D2EA
A47X,O,0D5759F7A4B185FE
A47X,O,21466046C6868AA7
A47X,O,5B5C877D02DF4C31
A47X,O,442F0B8C94311306
A47X,O,7A47A23B960DD4FF
A47X,O,638851B5496C1765
A47X,O,8BF41341E058D6A6
A47X,O,17B30F17DCD149D3
A47X,O,DAB252A4BC687441
A47X,O,67CE6F9B4ACB8421
A47X,O,89240EC55B8818BC
A47X,O,259B42E9BB57199D
A47X,O,E39225003155E094
A47X,O,919C2FE90FDCAD6A
A47X,O,EE212E6FD5124813
A47X,O,3945D5C71A298168
A47X,O,B4E25ABB1C5DE439
A47X,O,4A0ECA0D5AA4CB7E
A47X,O,437CE05BCFE6248C
A47X,O,A3D85C5591D7F0CA
A47X,O,241AA85186E2C93E
A47X,O,2412E319B88EBF96
A47X,O,907CF3142C0E02BB
A47X,O,A5FDDA13C2C7A953
A47X,O,673B33867260EBB7
A47X,O,412DEEF534E127AF
A47X,O,AAC64BCDD5B55A86
A47X,O,C552CE565E1F0C85
A47X,O,9A43D6FA1AC3D2EA
A47X,O,0D5759F7A4B185FE
A47X,O,21466046C6868AA7
A47X,I,6B689FA123E9E1A6
A47X,I,09836E367F4BA3E2
A47X,I,558ED5EDA9A0C43C
A47X,I,897B26110ECE76B3
A47X,I,FC1FCC3EF8D5C544
A47X,I,9ACF8C3736E6ABA4
A47X,I,EB3F22350E8A93A7
A47X,I,9063A69A1F2B1410
A47X,I,437924EA663F3DF6
A47X,I,0962265A8720C38C
A47X,I,4C1CD2009B21E9A1
A47X,I,F9AB54847EF884BB
A47X,I,5B5C877D02DF4C31
A47X,I,6B689FA123E9E1A6
A47X,I,09836E367F4BA3E2
A47X,I,558ED5EDA9A0C43C
A47X,I,897B26110ECE76B3
A47X,I,9F5D9D454274AF91
A47X,I,47B5143937DB578C
A47X,I,17BDB3D563DF2BA6
A47X,I,E1128E909284D1D7
A47X,I,098439701CF42A44
A47X,I,42E95A3F058750C1
A47X,I,1B1D9A9077A0827F
A47X,I,08BEE6A022FBBE53
A47X,I,FC1FCC3EF8D5C544
A47X,I,9ACF8C3736E6ABA4
A47X,I,EB3F22350E8A93A7
A47X,I,9063A69A1F2B1410
A47X,I,437924EA663F3DF6
A47X,I,0962265A8720C38C
A47X,I,4C1CD2009B21E9A1
A47X,I,F9AB54847EF884BB
A47X,I,5B5C877D02DF4C31
A47X,I,6B689FA123E9E1A6
A47X,I,86201D4BB45ED201
A47X,I,09836E367F4BA3E2
A47X,I,558ED5EDA9A0C43C
A47X,I,897B26110ECE76B3
A47X,I,9F5D9D454274AF91
A47X,I,47B5143937DB578C
A47X,I,17BDB3D563DF2BA6
A47X,I,E1128E909284D1D7
A47X,I,098439701CF42A44
A47X,I,42E95A3F058750C1
A47X,I,1B1D9A9077A0827F
A47X,I,08BEE6A022FBBE53
A47X,I,FC1FCC3EF8D5C544
A47X,I,9ACF8C3736E6ABA4
A47X,I,EB3F22350E8A93A7
A47X,I,9063A69A1F2B1410
A47X,I,437924EA663F3DF6
A47X,I,0962265A8720C38C
A47X,I,4C1CD2009B21E9A1
A47X,I,F9AB54847EF884BB
A47X,I,5B5C877D02DF4C31
A47X,I,6B689FA123E9E1A6
A47X,I,9C9F817064169CE7
A47X,I,E48E4C46F64FFB0E
A47X,I,09836E367F4BA3E2
A47X,I,558ED5EDA9A0C43C
A47X,I,897B26110ECE76B3
A47X,I,FC1FCC3EF8D5C544
A47X,I,9ACF8C3736E6ABA4
A47X,I,EB3F22350E8A93A7
A47X,I,9063A69A1F2B1410
A47X,I,437924EA663F3DF6
A47X,I,0962265A8720C38C
A47X,I,4C1CD2009B21E9A1
A47X,I,F9AB54847EF884BB
A47X,I,5B5C877D02DF4C31
B1,O,5179E67B2DFAD895
B1,O,FC694A81026FF0D1
B1,O,4BE4E6D4F5A06A51
B1,O,C20316E552E64387
B1,O,1C0A89BD67A4CFF0
B1,O,E0E2097354500456
B1,O,6A435795576D92E8
B1,O,BF85B8D218CD0FF6
B1,O,2FB355A2C89B7922
B1,O,52656E6A7D0EB9E4
B1,O,87E436C0C5646BCE
B1,O,01AA9596DB95A8FA
B1,O,103661C9BABD79FD
B1,O,A839E88F76E5D30B
B1,O,99BCE9EFA3B5156C
B1,O,73D40019E64E4D52
B1,O,5850DF928931DBA2
B1,O,E0E2097354500456
B1,O,6A435795576D92E8
B1,O,BF85B8D218CD0FF6
B1,O,2FB355A2C89B7922
B1,O,52656E6A7D0EB9E4
B1,O,87E436C0C5646BCE
B1,O,01AA9596DB95A8FA
B1,O,103661C9BABD79FD
B1,O,A839E88F76E5D30B
B1,O,99BCE9EFA3B5156C
B1,O,73D40019E64E4D52
B1,O,5850DF928931DBA2
B1,O,05C7088CE581D8F0
B1,O,D813C93D9AD1C45B
B1,O,7BB395B6FE66E102
B1,O,6D4E7B9D5F9584E7
B1,O,47AB1894215AECEE
B1,O,42AEF6365E78DA56
B1,O,8753A8442C2FFF53
B1,O,8D56DB404D264D5A
B1,O,A00D00FC2F4F8400
B1,O,080EF1BEA737A5D3
B1,O,AFB9321F7CD2C2E4
B1,O,1C8B2E9FA7FFEB2D
B1,O,14380311740FE44A
B1,O,71C5FC4FF2FDE0CA
B1,O,103661C9BABD79FD
B1,O,A839E88F76E5D30B
B1,O,99BCE9EFA3B5156C
B1,O,73D40019E64E4D52
B1,O,5850DF928931DBA2
B1,I,81567ACCCF40DD4B
B1,I,DC2FFD02E8F541A8
B1,I,5E6930E95AF84C94
B1,I,1221E26C45F978B1
B1,I,FFFB0F940CA7BEA7
B1,I,14157BA5C06B0B6B
B1,I,605B05317A40A2A4
B1,I,78AD2432201EF5EE
B1,I,1B0FD9C27F5FE0BE
B1,I,A010FE2C473103A8
B1,I,70FEB409760C77EE
B1,I,A264A7BA921EEE6E
B1,I,86C5B251AF5F68BF
B1,I,6A90A40248059768
B1,I,A6F5C93F89B0969B
B1,I,5179E67B2DFAD895
B1,I,81567ACCCF40DD4B
B1,I,DC2FFD02E8F541A8
B1,I,5E6930E95AF84C94
B1,I,1221E26C45F978B1
B1,I,FFFB0F940CA7BEA7
B1,I,14157BA5C06B0B6B
B1,I,605B05317A40A2A4
B1,I,78AD2432201EF5EE
B1,I,1B0FD9C27F5FE0BE
B1,I,A010FE2C473103A8
B1,I,70FEB409760C77EE
B1,I,E0E2097354500456
B9,O,DBD6820299653B4E
B9,O,6A4B371546D489BF
B9,O,4E2EC89B41600D7E
B9,O,633840EFCF738514
B9,O,20B3D40097A05769
B9,O,4E2EC89B41600D7E
B9,O,633840EFCF738514
B9,O,20B3D40097A05769
B9,O,DBD6820299653B4E
B9,O,20B3D40097A05769
B9,I,3ED28170B05A236E
B9,I,14157BA5C06B0B6B
B9,I,591FA32FB4B53682
B9,I,DBD6820299653B4E
B9,I,3ED28170B05A236E
B9,I,14157BA5C06B0B6B
B9,I,591FA32FB4B53682
B9A,O,822B02BAED2961FC
B9A,O,0D98A0E934584FD0
B9A,O,B02B0B9F73E50D93
B9A,O,2FB355A2C89B7922
B9A,O,52656E6A7D0EB9E4
B9A,O,4E2EC89B41600D7E
B9A,O,633840EFCF738514
B9A,O,20B3D40097A05769
B9A,I,3ED28170B05A236E
B9A,I,14157BA5C06B0B6B
B9A,I,AC935792C88AF135
B9A,I,43E5D3A445382F82
B9A,I,822B02BAED2961FC
E31,O,9180C6A461D5C206
E31,O,354AD31C538E99FE
E31,O,F44091669D88A5D8
E31,O,7298EF382FFDC665
E31,O,A9B8939F8ADD89CA
E31,O,323E8D4372AD0330
E31,O,100C82F4AC0F0E05
E31,O,905332ED392ADC36
E31,O,A2908CBEAA7D4C73
E31,O,60D5F0433813AA06
E31,O,A78ABC54E2286C0D
E31,O,CD6DA881946B9654
E31,O,89A83934270E9BFB
E31,O,C1A148BD237E4438
E31,O,FF47BD49B38911D4
E31,O,56925C75ED35CF99
E31,O,728473DC37894BC6
E31,O,88D65C5F0985F8D9
E31,O,FAC118A395652466
E31,O,1A74AE460E7BEA16
E31,O,E57DD4F0FE9A1E61
E31,I,FA265A8238AD5E8D
E31,I,05FE00A97E0CF001
E31,I,90551F12E553D27E
E31,I,C476747268E1662E
E31,I,CCAFDF7CA7560A45
E31,I,AC0BDA78C106FF7A
E31,I,D04102C22195B7C4
E31,I,F2F74DC6ADD35CFF
E31,I,D11F0E419EDEF5ED
E31,I,6A22FBF7825E3E7F
E31,I,6118B186F901485A
E31,I,6246D82DAB57582A
E31,I,9BA601064A2EF221
E31,I,4ED04A0F5F9FF05F
E31,I,C8C450D3F688645A
E31,I,6328BFDC78246772
E31,I,155A8CC00899AB1E
E31,I,9180C6A461D5C206
E32,O,32477B342BF2DC22
E32,O,C9BF57C6B2F9BB92
E32,O,4432CAFB004FF754
E32,O,C0E90AAAA204D927
E32,O,AF837BAF1DA794EF
E32,O,395175EBEEC636B7
E32,O,59955B3352400BA7
E32,O,A2908CBEAA7D4C73
E32,O,60D5F0433813AA06
E32,O,A78ABC54E2286C0D
E32,O,8394FFF35F9D2EFB
E32,O,AC0BDA78C106FF7A
E32,O,277DD90A63454F48
E32,O,40AC79F25124280A
E32,O,86F4FDCF2F5D13ED
E32,O,52C7FFE6629F5972
E32,O,7211E63DE150A10E
E32,O,AAC64BCDD5B55A86
E32,O,A99B6BB7F1628A08
E32,O,CB1F6E0BE13D469D
E32,O,08E7E3FD65881EE2
E32,O,9DCBD34740D95B23
E32,O,F32C8A98A5D64A72
E32,O,32477B342BF2DC22
E32,O,C9BF57C6B2F9BB92
E32,O,4432CAFB004FF754
E32,O,C0E90AAAA204D927
E32,O,AF837BAF1DA794EF
E32,O,395175EBEEC636B7
E32,O,59955B3352400BA7
E32,O,A2908CBEAA7D4C73
E32,O,2B34B9412B6349A3
E32,O,FE54B520D17733F7
E32,O,946516353F8828E9
E32,O,A1456D9E78A4CBE9
E32,O,CA484EE3E2B7C053
E32,O,3D42EBD6AC55A845
E32,O,4D6B528AC01DB68C
E32,O,51BA040BCD88D8B7
E32,O,B726654FC497E9C5
E32,O,48098952EF90D27D
E32,O,A78ABC54E2286C0D
E32,O,8394FFF35F9D2EFB
E32,O,AC0BDA78C106FF7A
E32,O,277DD90A63454F48
E32,O,40AC79F25124280A
E32,O,86F4FDCF2F5D13ED
E32,O,52C7FFE6629F5972
E32,O,7211E63DE150A10E
E32,O,AAC64BCDD5B55A86
E32,O,A99B6BB7F1628A08
E32,O,CB1F6E0BE13D469D
E32,O,08E7E3FD65881EE2
E32,O,9DCBD34740D95B23
E32,O,F32C8A98A5D64A72
E32,I,57EB54AE06E21275
E32,I,F29174C943F627B2
E32,I,86201D4BB45ED201
E32,I,5BD8484E82721AF9
E32,I,F2DFF3A02940D925
E32,I,F00B9766890B9FD5
E32,I,A14D4AF63BFAB364
E32,I,1159654D863462B1
E32,I,D04102C22195B7C4
E32,I,F2F74DC6ADD35CFF
E32,I,D11F0E419EDEF5ED
E32,I,0E987A8094AF742E
E32,I,6118B186F901485A
E32,I,6246D82DAB57582A
E32,I,9BA601064A2EF221
E32,I,101E821CA2F6D853
E32,I,CD9E21CA712C9F96
E32,I,569C5AADDD0F3A28
E32,I,A56DA623B00B162E
E32,I,073EAEA8EDD7265C
E32,I,2A8231CC433F6B22
E32,I,32477B342BF2DC22
E32,I,57EB54AE06E21275
E32,I,F29174C943F627B2
E32,I,86201D4BB45ED201
E32,I,5BD8484E82721AF9
E32,I,F2DFF3A02940D925
E32,I,F00B9766890B9FD5
E32,I,A14D4AF63BFAB364
E32,I,1159654D863462B1
E32,I,D04102C22195B7C4
E32,I,F2F74DC6ADD35CFF
E32,I,D11F0E419EDEF5ED
E32,I,0E987A8094AF742E
E32,I,6118B186F901485A
E32,I,2DC2EF0A12E23C1F
E32,I,AA4830D4C9864F6B
E32,I,45FCFADAC74DCFFE
E32,I,D693BB486419666B
E32,I,330FCB2E8E28D4CF
E32,I,4206E3523A2C11D5
E32,I,B0D304F9542AE3BF
E32,I,E58C9560384FAF7F
E32,I,393B6824B7836E4F
E32,I,C763E328B97F0D03
E32,I,9BA601064A2EF221
E32,I,101E821CA2F6D853
E32,I,CD9E21CA712C9F96
E32,I,569C5AADDD0F3A28
E32,I,A56DA623B00B162E
E32,I,073EAEA8EDD7265C
E32,I,2A8231CC433F6B22
E32,I,32477B342BF2DC22
E32A,O,32477B342BF2DC22
E32A,O,C9BF57C6B2F9BB92
E32A,O,4432CAFB004FF754
E32A,O,C0E90AAAA204D927
E32A,O,AF837BAF1DA794EF
E32A,O,395175EBEEC636B7
E32A,O,4ED04A0F5F9FF05F
E32A,O,C8C450D3F688645A
E32A,O,6328BFDC78246772
E32A,O,725496526DF766B9
E32A,O,51A9098F06B6C1DB
E32A,O,2E1126EB3A7EDB00
E32A,O,711AE4AC67F88999
E32A,O,C7217641124605E5
E32A,O,1C958B99EB171940
E32A,O,AB63C9E8465C6002
E32A,O,CC57C2DF592993CB
E32A,O,91DBF92544F472E6
E32A,O,D7AAC19538A45549
E32A,O,22A8C801A98F9B7D
E32A,O,DBA1D592108DBA72
E32A,O,B1790A47B8FFEF37
E32A,O,E435992628015D22
E32A,I,E435992628015D22
E32A,I,24078B675A7FE3B3
E32A,I,DBB8E01BBE8C66ED
E32A,I,7DF092F3A5418694
E32A,I,364754E2273129B7
E32A,I,7F8BF075DDF6231A
E32A,I,2AA862C9E7E497EE
E32A,I,FE6D5955F777E39C
E32A,I,D153D63F650C1D36
E32A,I,D62C524F32F472E6
E32A,I,0E987A8094AF742E
E32A,I,901B696E0E8D9C3F
E32A,I,230B03C34F2022D4
E32A,I,29713FE36122A646
E32A,I,354AD31C538E99FE
E32A,I,F44091669D88A5D8
E32A,I,7298EF382FFDC665
E32A,I,A9B8939F8ADD89CA
E32A,I,323E8D4372AD0330
E32A,I,101E821CA2F6D853
E32A,I,CD9E21CA712C9F96
E32A,I,569C5AADDD0F3A28
E32A,I,A56DA623B00B162E
E32A,I,073EAEA8EDD7265C
E32A,I,2A8231CC433F6B22
E32A,I,32477B342BF2DC22
E33,O,1762D64488D87E4B
E33,O,AF9FE138E3D5D5F0
E33,O,1D44677AEFBA8773
E33,O,18580F35B0A312CF
E33,O,40ADE0A2BB16271A
E33,O,333A88A8E07C956B
E33,O,B2442AC56532517B
E33,O,78644FF7E8B7BBA0
E33,O,0221966C1116C4EC
E33,O,0412B5C2C05B00AD
E33,O,AC0BDA78C106FF7A
E33,O,277DD90A63454F48
E33,O,40AC79F25124280A
E33,O,86F4FDCF2F5D13ED
E33,O,52C7FFE6629F5972
E33,O,7211E63DE150A10E
E33,O,AAC64BCDD5B55A86
E33,O,A99B6BB7F1628A08
E33,O,21466046C6868AA7
E33,O,5C08F9922E452CF8
E33,I,5C08F9922E452CF8
E33,I,86201D4BB45ED201
E33,I,5BD8484E82721AF9
E33,I,F2DFF3A02940D925
E33,I,F00B9766890B9FD5
E33,I,A14D4AF63BFAB364
E33,I,1159654D863462B1
E33,I,3AE0CA0446E027D5
E33,I,0DF241BC8EF60A2F
E33,I,A033D7537C3E1920
E33,I,4B5144408E60BF11
E33,I,B651E2A39CD4CC05
E33,I,F734736F35F459DC
E33,I,23B913EACE0581E4
E33,I,C6D5DEF91CB7B581
E33,I,4566E35B3D2C20B5
E33,I,5055F6D68F0DD49D
E33,I,4D02E857ADDE8AAF
E33,I,192B61150EE2B065
E33,I,1762D64488D87E4B
E33P,O,A9C009CFA994A79C
E33P,O,5A781879E83B56A6
E33P,O,6B3EF5D982B399E6
E33P,O,2BEAF37792BFDCCA
E33P,O,E01BD8E1BEC29EA6
E33P,O,229128E5EA86F3A2
E33P,O,FEE7A700BE575A42
E33P,O,36BA4C299DA05A04
E33P,O,5B8AC1AF282DF44A
E33P,O,448D42252303EC00
E33P,O,712504F8E762020C
E33P,O,F307FDA96A1DF9A2
E33P,O,044276F0C057E98B
E33P,O,F4C9995BB455AB46
E33P,O,4FF70CD3938702E4
E33P,O,224B3B71A4C25C01
E33P,O,D0236013EDCA9EB1
E33P,O,5670D4C081B08DC6
E33P,O,78644FF7E8B7BBA0
E33P,O,0221966C1116C4EC
E33P,O,0412B5C2C05B00AD
E33P,O,AC0BDA78C106FF7A
E33P,O,277DD90A63454F48
E33P,O,40AC79F25124280A
E33P,O,86F4FDCF2F5D13ED
E33P,O,52C7FFE6629F5972
E33P,O,7211E63DE150A10E
E33P,O,AAC64BCDD5B55A86
E33P,O,A99B6BB7F1628A08
E33P,O,21466046C6868AA7
E33P,O,5C08F9922E452CF8
E33P,O,5B8AC1AF282DF44A
E33P,O,448D42252303EC00
E33P,O,712504F8E762020C
E33P,O,F307FDA96A1DF9A2
E33P,O,044276F0C057E98B
E33P,O,F4C9995BB455AB46
E33P,O,4FF70CD3938702E4
E33P,O,224B3B71A4C25C01
E33P,O,D0236013EDCA9EB1
E33P,O,5670D4C081B08DC6
E33P,O,78644FF7E8B7BBA0
E33P,O,0221966C1116C4EC
E33P,O,0412B5C2C05B00AD
E33P,O,AC0BDA78C106FF7A
E33P,O,277DD90A63454F48
E33P,O,40AC79F25124280A
E33P,O,86F4FDCF2F5D13ED
E33P,O,52C7FFE6629F5972
E33P,O,7211E63DE150A10E
E33P,O,AAC64BCDD5B55A86
E33P,O,A99B6BB7F1628A08
E33P,O,21466046C6868AA7
E33P,O,5C08F9922E452CF8
E33P,I,5C08F9922E452CF8
E33P,I,86201D4BB45ED201
E33P,I,5BD8484E82721AF9
E33P,I,F2DFF3A02940D925
E33P,I,F00B9766890B9FD5
E33P,I,A14D4AF63BFAB364
E33P,I,1159654D863462B1
E33P,I,3AE0CA0446E027D5
E33P,I,0DF241BC8EF60A2F
E33P,I,A033D7537C3E1920
E33P,I,4B5144408E60BF11
E33P,I,B651E2A39CD4CC05
E33P,I,F734736F35F459DC
E33P,I,5C0A536D9D2B20B2
E33P,I,51418258FECF7F92
E33P,I,5051A4FF380B1502
E33P,I,9E1FC92F86D2F4E3
E33P,I,FB46A4053B38C81D
E33P,I,BA72A994EEF9FABE
E33P,I,F8FE29B1FAF8BA77
E33P,I,B26245505565A1E0
E33P,I,3D2F9154CBD9A387
E33P,I,7E63082F897024A3
E33P,I,2D1C73EF002336DC
E33P,I,66C1F17901E91CD9
E33P,I,5B54D6F8B590E039
E33P,I,CC3EF4757AA0964A
E33P,I,E92E2723C1DBA061
E33P,I,A9C009CFA994A79C
E36,O,07DDACD9B6D3CF79
E36,O,80E207687865EDE7
E36,O,C9C4CEEC13D20879
E36,O,9DD0D04123E70E56
E36,O,2CF4CFA22192E30A
E36,O,45B57C063BB57D07
E36,O,69CFE96E38AD1D50
E36,O,2E73B26A07205432
E36,O,7B93AB79165E79E6
E36,O,B802C4681F58E3E2
E36,O,F8DED1E04A074504
E36,O,8BE58FAD7E9C94C7
E36,O,1DBADE3376C4149E
E36,O,61130BDD0AFFBA86
E36,O,147195048B687121
E36,O,0412B5C2C05B00AD
E36,O,AC0BDA78C106FF7A
E36,O,277DD90A63454F48
E36,O,40AC79F25124280A
E36,O,86F4FDCF2F5D13ED
E36,O,52C7FFE6629F5972
E36,O,7211E63DE150A10E
E36,O,AAC64BCDD5B55A86
E36,O,A99B6BB7F1628A08
E36,O,21466046C6868AA7
E36,O,23C2E672FA95C807
E36,I,21D795EEFB43255D
E36,I,86201D4BB45ED201
E36,I,5BD8484E82721AF9
E36,I,F2DFF3A02940D925
E36,I,F00B9766890B9FD5
E36,I,A14D4AF63BFAB364
E36,I,1159654D863462B1
E36,I,3AE0CA0446E027D5
E36,I,A4B015A5BA35DDF9
E36,I,A033D7537C3E1920
E36,I,80818BFC3FE76A5B
E36,I,ADD19B88AA8E99DC
E36,I,621C6671C9A2EDD0
E36,I,F6282DDA0B14F96A
E36,I,F87A56BD0A2640ED
E36,I,D54B0CA58FE5559D
E36,I,3D566753F149907F
E36,I,9FB710B737A32C3A
E36,I,591FA32FB4B53682
E36,I,C59B16415222709D
E36,I,88B9BE4ED93A3292
E36,I,7469F3B24F889F1B
E36,I,8DBA8FDF35CE7CC0
E36,I,A4F1BEF1EEAD0910
E36,I,E1C5246F946E2D86
E36,I,07DDACD9B6D3CF79
E36A,O,087B8E4687A0872B
E36A,O,93933C15FFC9F4CC
E36A,O,9FB710B737A32C3A
E36A,O,591FA32FB4B53682
E36A,O,B6C73B7C3607611B
E36A,O,B85641FDDED22352
E36A,O,8C8037479F88F500
E36A,O,EF0567DCF0D20204
E36A,O,210978D525EEDF4F
E36A,O,C4BDAA5047CADCBA
E36A,O,249DF4A1B287E14F
E36A,O,3465CA4854929709
E36A,O,1C958B99EB171940
E36A,O,AB63C9E8465C6002
E36A,O,CC57C2DF592993CB
E36A,O,91DBF92544F472E6
E36A,O,D7AAC19538A45549
E36A,O,22A8C801A98F9B7D
E36A,O,DBA1D592108DBA72
E36A,O,B1790A47B8FFEF37
E36A,O,56925C75ED35CF99
E36A,O,728473DC37894BC6
E36A,O,88D65C5F0985F8D9
E36A,O,FAC118A395652466
E36A,O,1A74AE460E7BEA16
E36A,I,BF152164ABD4B7A8
E36A,I,05FE00A97E0CF001
E36A,I,90551F12E553D27E
E36A,I,C476747268E1662E
E36A,I,CCAFDF7CA7560A45
E36A,I,24078B675A7FE3B3
E36A,I,DBB8E01BBE8C66ED
E36A,I,7DF092F3A5418694
E36A,I,364754E2273129B7
E36A,I,7F8BF075DDF6231A
E36A,I,2AA862C9E7E497EE
E36A,I,FE6D5955F777E39C
E36A,I,D153D63F650C1D36
E36A,I,D62C524F32F472E6
E36A,I,80818BFC3FE76A5B
E36A,I,192B61150EE2B065
E36A,I,B876788F86A8D127
E36A,I,D9B82EE66AFF2975
E36A,I,CEDD8C935E63648C
E36A,I,521ACE041201135C
E36A,I,DAC9F4035C02B5B2
E36A,I,0E63473C95554A20
E36A,I,7B93AB79165E79E6
E36A,I,21BC36A2065CB667
E36A,I,087B8E4687A0872B
E36C,O,087B8E4687A0872B
E36C,O,93933C15FFC9F4CC
E36C,O,9FB710B737A32C3A
E36C,O,7B93AB79165E79E6
E36C,O,B802C4681F58E3E2
E36C,O,F8DED1E04A074504
E36C,O,8BE58FAD7E9C94C7
E36C,O,1DBADE3376C4149E
E36C,O,61130BDD0AFFBA86
E36C,O,147195048B687121
E36C,O,E01BD8E1BEC29EA6
E36C,O,229128E5EA86F3A2
E36C,O,776535DC784DD106
E36C,O,C054428621712B5C
E36C,O,FA36E29F8BCC544C
E36C,O,448D42252303EC00
E36C,O,712504F8E762020C
E36C,O,F307FDA96A1DF9A2
E36C,O,044276F0C057E98B
E36C,O,F4C9995BB455AB46
E36C,O,4FF70CD3938702E4
E36C,O,224B3B71A4C25C01
E36C,O,333A88A8E07C956B
E36C,O,B2442AC56532517B
E36C,O,6B1E8CDB2F6258EF
E36C,O,5C1FB04FF191337B
E36C,O,0021EF45E20547CA
E36C,O,956302DA435ADE07
E36C,O,5670D4C081B08DC6
E36C,O,78644FF7E8B7BBA0
E36C,O,0221966C1116C4EC
E36C,O,4F3D6BA55D5FFFE1
E36C,O,7211E63DE150A10E
E36C,O,F2DFF3A02940D925
E36C,O,F00B9766890B9FD5
E36C,O,A14D4AF63BFAB364
E36C,O,266DC8A29740F280
E36C,O,3CBEDBBD1EE6AC99
E36C,O,89E740AB604B8270
E36C,I,89E740AB604B8270
E36C,I,49CBE0A640F1DA3E
E36C,I,4AFA4F918F96CD58
E36C,I,A14D4AF63BFAB364
E36C,I,86F4FDCF2F5D13ED
E36C,I,52C7FFE6629F5972
E36C,I,5BD8484E82721AF9
E36C,I,80818BFC3FE76A5B
E36C,I,B651E2A39CD4CC05
E36C,I,F734736F35F459DC
E36C,I,5C0A536D9D2B20B2
E36C,I,F335FAC974011CB6
E36C,I,4242AE6B4D680E23
E36C,I,49713551E95C1DA1
E36C,I,4B6D9BB197225DBE
E36C,I,A7630804FE109410
E36C,I,23B913EACE0581E4
E36C,I,C6D5DEF91CB7B581
E36C,I,5051A4FF380B1502
E36C,I,9E1FC92F86D2F4E3
E36C,I,FB46A4053B38C81D
E36C,I,BA72A994EEF9FABE
E36C,I,F8FE29B1FAF8BA77
E36C,I,B26245505565A1E0
E36C,I,88F986C270B16408
E36C,I,90CFA838B3C95AE0
E36C,I,3C6FA714F5D6EE83
E36C,I,2D1C73EF002336DC
E36C,I,66C1F17901E91CD9
E36C,I,ADD19B88AA8E99DC
E36C,I,621C6671C9A2EDD0
E36C,I,F6282DDA0B14F96A
E36C,I,F87A56BD0A2640ED
E36C,I,D54B0CA58FE5559D
E36C,I,3D566753F149907F
E36C,I,9FB710B737A32C3A
E36C,I,591FA32FB4B53682
E36C,I,7B93AB79165E79E6
E36C,I,21BC36A2065CB667
E36C,I,087B8E4687A0872B
E36P,O,A33E576A3F6DDCA9
E36P,O,5CB3827F92F37568
E36P,O,56ECE6365B40EF35
E36P,O,F24053B64CEEE7D2
E36P,O,475B0D727574F7B8
E36P,O,77C4E5A2A47DD342
E36P,O,042C0E83759B8B21
E36P,O,D65ADB261B3B4BFB
E36P,O,B0562915C29036D8
E36P,O,A9F94ED7238542F5
E36P,O,3F2DD4E3E4A5CCBB
E36P,O,AB4FF374DA182B02
E36P,O,41C32F27390D0EF4
E36P,O,3D29F886079F85E9
E36P,O,7CFA6F0EF3D764C7
E36P,O,8447E71E45CE5452
E36P,O,083D8BB713878707
E36P,O,3291342581C48037
E36P,O,D1C1E33BB9350C65
E36P,O,F6FDEAF741BFBD2E
E36P,O,1345D70225C59BD3
E36P,O,3210F3BCFFD74E61
E36P,O,9DD0D04123E70E56
E36P,O,2CF4CFA22192E30A
E36P,O,45B57C063BB57D07
E36P,O,69CFE96E38AD1D50
E36P,O,2E73B26A07205432
E36P,O,564C0ECAAC09C371
E36P,O,8394FFF35F9D2EFB
E36P,O,AC0BDA78C106FF7A
E36P,O,277DD90A63454F48
E36P,O,40AC79F25124280A
E36P,O,86F4FDCF2F5D13ED
E36P,O,52C7FFE6629F5972
E36P,O,7211E63DE150A10E
E36P,O,AAC64BCDD5B55A86
E36P,O,A99B6BB7F1628A08
E36P,O,21466046C6868AA7
E36P,O,0F4828AE6FB7F2BD
E36P,I,0F4828AE6FB7F2BD
E36P,I,F29174C943F627B2
E36P,I,86201D4BB45ED201
E36P,I,5BD8484E82721AF9
E36P,I,F2DFF3A02940D925
E36P,I,F00B9766890B9FD5
E36P,I,A14D4AF63BFAB364
E36P,I,1159654D863462B1
E36P,I,3AE0CA0446E027D5
E36P,I,A4B015A5BA35DDF9
E36P,I,A033D7537C3E1920
E36P,I,28E722A4FDD9ABB9
E36P,I,7D72DDC29E02C14D
E36P,I,C59B16415222709D
E36P,I,88B9BE4ED93A3292
E36P,I,7469F3B24F889F1B
E36P,I,8DBA8FDF35CE7CC0
E36P,I,E67CDE5E499A9529
E36P,I,DA9E78C0D00A5C00
E36P,I,754018D85575639C
E36P,I,EFF76047DAB0578D
E36P,I,3502ABD7492B8C56
E36P,I,B20A1163984772C9
E36P,I,8D47F8C7AA27FCB8
E36P,I,7AA3F7F89AD36B1B
E36P,I,180648AA12CF6725
E36P,I,7525EA3D297065CC
E36P,I,BC05332A477AB8F9
E36P,I,BC3E701090D7E56E
E36P,I,8DDFE8598C7DA354
E36P,I,8A0B04DDC3B321A4
E36P,I,076E1AA3258C5D0A
E36P,I,2FE9CA5CC344B5A3
E36P,I,AEE5D5FDC38650DB
E36P,I,B1E11C753EE8DC31
E36P,I,CD364F8B176DE0EC
E36P,I,B3CCAA9D93647348
E36P,I,2D7EF40DC9C35085
E36S,O,621C6671C9A2EDD0
E36S,O,F6282DDA0B14F96A
E36S,O,F87A56BD0A2640ED
E36S,O,D54B0CA58FE5559D
E36S,O,3D566753F149907F
E36S,O,9FB710B737A32C3A
E36S,O,591FA32FB4B53682
E36S,O,564C0ECAAC09C371
E36S,O,DBB6D5D26FF3D909
E36S,O,AC0BDA78C106FF7A
E36S,O,277DD90A63454F48
E36S,O,40AC79F25124280A
E36S,O,86F4FDCF2F5D13ED
E36S,O,52C7FFE6629F5972
E36S,O,7211E63DE150A10E
E36S,O,AAC64BCDD5B55A86
E36S,O,A99B6BB7F1628A08
E36S,O,21466046C6868AA7
E36S,O,23C2E672FA95C807
E36S,I,21D795EEFB43255D
E36S,I,86201D4BB45ED201
E36S,I,5BD8484E82721AF9
E36S,I,F2DFF3A02940D925
E36S,I,F00B9766890B9FD5
E36S,I,A14D4AF63BFAB364
E36S,I,1159654D863462B1
E36S,I,3AE0CA0446E027D5
E36S,I,A4B015A5BA35DDF9
E36S,I,A033D7537C3E1920
E36S,I,28E722A4FDD9ABB9
E36S,I,7D72DDC29E02C14D
E36S,I,7B93AB79165E79E6
E36S,I,B802C4681F58E3E2
E36S,I,F8DED1E04A074504
E36S,I,8BE58FAD7E9C94C7
E36S,I,2AF3E35CE3563405
E36S,I,621C6671C9A2EDD0
E37,O,AA92A3F2775F4F69
E37,O,471AB47F0E2C6E89
E37,O,5AD0EDD70D540E29
E37,O,D7F4AE9D52F68682
E37,O,147EF2F26EFE2BEF
E37,O,0C080F70E16F02B7
E37,O,73755A16EA9076FF
E37,O,F60E8E7D4B29135F
E37,O,65181866025B5605
E37,O,4DD9CB2D8C7DB1D8
E37,O,F24C06FAF6EE076F
E37,O,775642281FBFE336
E37,O,B85641FDDED22352
E37,O,8C8037479F88F500
E37,O,C9EE59A0517F9BCB
E37,O,0412B5C2C05B00AD
E37,O,AC0BDA78C106FF7A
E37,O,277DD90A63454F48
E37,O,40AC79F25124280A
E37,O,86F4FDCF2F5D13ED
E37,O,52C7FFE6629F5972
E37,O,7211E63DE150A10E
E37,O,AAC64BCDD5B55A86
E37,O,A99B6BB7F1628A08
E37,O,21466046C6868AA7
E37,O,D3564BFD1FE1DB08
E37,O,AA92A3F2775F4F69
E37,O,471AB47F0E2C6E89
E37,O,5AD0EDD70D540E29
E37,O,01B4E1C4514C35E2
E37,O,4DD9CB2D8C7DB1D8
E37,O,F24C06FAF6EE076F
E37,O,775642281FBFE336
E37,O,B85641FDDED22352
E37,O,8C8037479F88F500
E37,O,C9EE59A0517F9BCB
E37,O,0412B5C2C05B00AD
E37,O,AC0BDA78C106FF7A
E37,O,277DD90A63454F48
E37,O,40AC79F25124280A
E37,O,86F4FDCF2F5D13ED
E37,O,52C7FFE6629F5972
E37,O,7211E63DE150A10E
E37,O,AAC64BCDD5B55A86
E37,O,A99B6BB7F1628A08
E37,O,21466046C6868AA7
E37,O,D3564BFD1FE1DB08
E37,O,01B4E1C4514C35E2
E37,O,4DD9CB2D8C7DB1D8
E37,O,F24C06FAF6EE076F
E37,O,775642281FBFE336
E37,O,B85641FDDED22352
E37,O,8C8037479F88F500
E37,O,C9EE59A0517F9BCB
E37,O,0412B5C2C05B00AD
E37,O,AC0BDA78C106FF7A
E37,O,277DD90A63454F48
E37,O,40AC79F25124280A
E37,O,86F4FDCF2F5D13ED
E37,O,52C7FFE6629F5972
E37,O,7211E63DE150A10E
E37,O,AAC64BCDD5B55A86
E37,O,A99B6BB7F1628A08
E37,O,21466046C6868AA7
E37,O,D3564BFD1FE1DB08
E37,I,AA858B587381ED16
E37,I,86201D4BB45ED201
E37,I,5BD8484E82721AF9
E37,I,F2DFF3A02940D925
E37,I,F00B9766890B9FD5
E37,I,A14D4AF63BFAB364
E37,I,1159654D863462B1
E37,I,3AE0CA0446E027D5
E37,I,A4B015A5BA35DDF9
E37,I,A033D7537C3E1920
E37,I,5CDF70DDB539B39B
E37,I,378A33FE9A4089DF
E37,I,521ACE041201135C
E37,I,DAC9F4035C02B5B2
E37,I,6174C11305616FCA
E37,I,1C49FFB3352144AC
E37,I,5498C13EB8685C46
E37,I,BAEBBB4F688A59D4
E37,I,7C8F479D41B69151
E37,I,3B5F1B8C69EAE397
E37,I,90A0828B57A59906
E37,I,A6C169DA579FC45B
E37,I,5AF9ADB51A9F2C51
E37,I,CE9312CA8B00024E
E37,I,2C8B075910172B5A
E37,I,AA92A3F2775F4F69
E37C,O,8370DDFF896AC3E0
E37C,O,471AB47F0E2C6E89
E37C,O,5AD0EDD70D540E29
E37C,O,D7F4AE9D52F68682
E37C,O,147EF2F26EFE2BEF
E37C,O,0C080F70E16F02B7
E37C,O,73755A16EA9076FF
E37C,O,F60E8E7D4B29135F
E37C,O,4DD9CB2D8C7DB1D8
E37C,O,F24C06FAF6EE076F
E37C,O,775642281FBFE336
E37C,O,B85641FDDED22352
E37C,O,8C8037479F88F500
E37C,O,EF0567DCF0D20204
E37C,O,210978D525EEDF4F
E37C,O,C4BDAA5047CADCBA
E37C,O,A859FDC2ED9ECEA1
E37C,O,AF9FE138E3D5D5F0
E37C,O,1D44677AEFBA8773
E37C,O,18580F35B0A312CF
E37C,O,4F3D6BA55D5FFFE1
E37C,O,7211E63DE150A10E
E37C,O,F2DFF3A02940D925
E37C,O,F00B9766890B9FD5
E37C,O,A14D4AF63BFAB364
E37C,O,266DC8A29740F280
E37C,O,3CBEDBBD1EE6AC99
E37C,O,A08B5AB2B8253F5C
E37C,O,210978D525EEDF4F
E37C,O,C4BDAA5047CADCBA
E37C,O,A859FDC2ED9ECEA1
E37C,O,AF9FE138E3D5D5F0
E37C,O,1D44677AEFBA8773
E37C,O,18580F35B0A312CF
E37C,O,4F3D6BA55D5FFFE1
E37C,O,7211E63DE150A10E
E37C,O,F2DFF3A02940D925
E37C,O,F00B9766890B9FD5
E37C,O,A14D4AF63BFAB364
E37C,O,266DC8A29740F280
E37C,O,3CBEDBBD1EE6AC99
E37C,O,A08B5AB2B8253F5C
E37C,I,A08B5AB2B8253F5C
E37C,I,49CBE0A640F1DA3E
E37C,I,4AFA4F918F96CD58
E37C,I,A14D4AF63BFAB364
E37C,I,86F4FDCF2F5D13ED
E37C,I,52C7FFE6629F5972
E37C,I,5BD8484E82721AF9
E37C,I,5CDF70DDB539B39B
E37C,I,4566E35B3D2C20B5
E37C,I,5055F6D68F0DD49D
E37C,I,4D02E857ADDE8AAF
E37C,I,192B61150EE2B065
E37C,I,B876788F86A8D127
E37C,I,D9B82EE66AFF2975
E37C,I,CEDD8C935E63648C
E37C,I,521ACE041201135C
E37C,I,DAC9F4035C02B5B2
E37C,I,6174C11305616FCA
E37C,I,1C49FFB3352144AC
E37C,I,5498C13EB8685C46
E37C,I,7C8F479D41B69151
E37C,I,3B5F1B8C69EAE397
E37C,I,90A0828B57A59906
E37C,I,A6C169DA579FC45B
E37C,I,5AF9ADB51A9F2C51
E37C,I,CE9312CA8B00024E
E37C,I,2C8B075910172B5A
E37C,I,BAB02D19E8B67DB6
E37C,I,8C6AEEC9E76F7852
E37C,I,AA92A3F2775F4F69
E41,O,9DD63D93684C27D6
E41,O,638851B5496C1765
E41,O,9394A27497B9958D
E41,O,89240EC55B8818BC
E41,O,B83F3546C41A5114
E41,O,13E458C819D90940
E41,O,87F2B57F6457C6CA
E41,O,EE212E6FD5124813
E41,O,8394FFF35F9D2EFB
E41,O,AC0BDA78C106FF7A
E41,O,277DD90A63454F48
E41,O,40AC79F25124280A
E41,O,86F4FDCF2F5D13ED
E41,O,52C7FFE6629F5972
E41,O,7211E63DE150A10E
E41,O,AAC64BCDD5B55A86
E41,O,A99B6BB7F1628A08
E41,O,CB1F6E0BE13D469D
E41,O,08E7E3FD65881EE2
E41,O,9DCBD34740D95B23
E41,O,F32C8A98A5D64A72
E41,I,0F4828AE6FB7F2BD
E41,I,F29174C943F627B2
E41,I,86201D4BB45ED201
E41,I,5BD8484E82721AF9
E41,I,F2DFF3A02940D925
E41,I,F00B9766890B9FD5
E41,I,A14D4AF63BFAB364
E41,I,1159654D863462B1
E41,I,AD0673A137BB972F
E41,I,CCA79246B85CE408
E41,I,D11F0E419EDEF5ED
E41,I,558ED5EDA9A0C43C
E41,I,FC1FCC3EF8D5C544
E41,I,CFFAEEB704CEAD14
E41,I,1F672A2CDE7D1F93
E41,I,22A5ED4E037CA0A2
E41,I,88FF15EF2E1B68A5
E41,I,B7CF594A1BE65530
E41,I,7A47A23B960DD4FF
E41,I,9DD63D93684C27D6
E42,O,4879E9A72E1C5518
E42,O,AB7D6FDA5F1A6624
E42,O,197315C40E767929
E42,O,6ACFA599CC0EA4E0
E42,O,CA89494AD121A8DC
E42,O,FCA7A9D99D36338B
E42,O,2E0FD54FCF000E13
E42,O,4F09976CA4CF80C9
E42,O,F01D5D94B03AA8A2
E42,O,1983BD4319FB2713
E42,O,824531506E710D40
E42,O,60D5F0433813AA06
E42,O,A78ABC54E2286C0D
E42,O,DBB6D5D26FF3D909
E42,O,AC0BDA78C106FF7A
E42,O,277DD90A63454F48
E42,O,40AC79F25124280A
E42,O,86F4FDCF2F5D13ED
E42,O,52C7FFE6629F5972
E42,O,7211E63DE150A10E
E42,O,AAC64BCDD5B55A86
E42,O,A99B6BB7F1628A08
E42,O,21466046C6868AA7
E42,O,F29174C943F627B2
E42,I,23C2E672FA95C807
E42,I,86201D4BB45ED201
E42,I,5BD8484E82721AF9
E42,I,F2DFF3A02940D925
E42,I,F00B9766890B9FD5
E42,I,A14D4AF63BFAB364
E42,I,1159654D863462B1
E42,I,2FE0D784BF902920
E42,I,F2F74DC6ADD35CFF
E42,I,D11F0E419EDEF5ED
E42,I,0879D399E5B5FE0C
E42,I,6118B186F901485A
E42,I,6246D82DAB57582A
E42,I,84864BD3AA42BECE
E42,I,AB52CEC256B299BE
E42,I,156FFE36D7D42EFE
E42,I,65F5585B72A99D7F
E42,I,94BA372E9FDC87C4
E42,I,A6631CAD2E2DE2A6
E42,I,84FC122EC64D8885
E42,I,04EA3349BDD260C8
E42,I,225D34B4D891AFB1
E42,I,AFC8501FD7ACB2BA
E42,I,4879E9A72E1C5518
E42C,O,4879E9A72E1C5518
E42C,O,AB7D6FDA5F1A6624
E42C,O,197315C40E767929
E42C,O,6ACFA599CC0EA4E0
E42C,O,CA89494AD121A8DC
E42C,O,FCA7A9D99D36338B
E42C,O,2E0FD54FCF000E13
E42C,O,4F09976CA4CF80C9
E42C,O,F01D5D94B03AA8A2
E42C,O,1983BD4319FB2713
E42C,O,824531506E710D40
E42C,O,DBB6D5D26FF3D909
E42C,O,7211E63DE150A10E
E42C,O,F2DFF3A02940D925
E42C,O,F00B9766890B9FD5
E42C,O,A14D4AF63BFAB364
E42C,O,266DC8A29740F280
E42C,O,3CBEDBBD1EE6AC99
E42C,O,B57C2650B7E5C964
E42C,I,B57C2650B7E5C964
E42C,I,49CBE0A640F1DA3E
E42C,I,4AFA4F918F96CD58
E42C,I,A14D4AF63BFAB364
E42C,I,86F4FDCF2F5D13ED
E42C,I,52C7FFE6629F5972
E42C,I,5BD8484E82721AF9
E42C,I,0879D399E5B5FE0C
E42C,I,84864BD3AA42BECE
E42C,I,AB52CEC256B299BE
E42C,I,156FFE36D7D42EFE
E42C,I,65F5585B72A99D7F
E42C,I,94BA372E9FDC87C4
E42C,I,A6631CAD2E2DE2A6
E42C,I,84FC122EC64D8885
E42C,I,04EA3349BDD260C8
E42C,I,225D34B4D891AFB1
E42C,I,AFC8501FD7ACB2BA
E42C,I,4879E9A72E1C5518
E42P,O,1128EA51B0983903
E42P,O,408F54D68A80BE8D
E42P,O,5E70E7D7AB0F41DE
E42P,O,1179478DCE94A5C6
E42P,O,197315C40E767929
E42P,O,6ACFA599CC0EA4E0
E42P,O,CA89494AD121A8DC
E42P,O,FCA7A9D99D36338B
E42P,O,2E0FD54FCF000E13
E42P,O,4F09976CA4CF80C9
E42P,O,F01D5D94B03AA8A2
E42P,O,1983BD4319FB2713
E42P,O,824531506E710D40
E42P,O,60D5F0433813AA06
E42P,O,A78ABC54E2286C0D
E42P,O,C7217641124605E5
E42P,O,1C958B99EB171940
E42P,O,AB63C9E8465C6002
E42P,O,D7AAC19538A45549
E42P,O,22A8C801A98F9B7D
E42P,O,DBA1D592108DBA72
E42P,O,B1790A47B8FFEF37
E42P,O,FAC118A395652466
E42P,O,1A74AE460E7BEA16
E42P,I,BF152164ABD4B7A8
E42P,I,05FE00A97E0CF001
E42P,I,24078B675A7FE3B3
E42P,I,DBB8E01BBE8C66ED
E42P,I,7DF092F3A5418694
E42P,I,364754E2273129B7
E42P,I,FE6D5955F777E39C
E42P,I,0879D399E5B5FE0C
E42P,I,6118B186F901485A
E42P,I,6246D82DAB57582A
E42P,I,84864BD3AA42BECE
E42P,I,AB52CEC256B299BE
E42P,I,156FFE36D7D42EFE
E42P,I,65F5585B72A99D7F
E42P,I,94BA372E9FDC87C4
E42P,I,A6631CAD2E2DE2A6
E42P,I,84FC122EC64D8885
E42P,I,04EA3349BDD260C8
E42P,I,225D34B4D891AFB1
E42P,I,452DC333DCAD8464
E42P,I,95974C5D780AB509
E42P,I,72EE8A033E4260A3
E42P,I,1128EA51B0983903
E43,O,F8446E87636522E1
E43,O,F7CAA75068E6CF50
E43,O,2952FAAF93CC4638
E43,O,13E97271E64C885B
E43,O,61F3A30772D0913C
E43,O,2AC85D87661D5AF6
E43,O,F8E5ECAD9259EA0E
E43,O,910ECFD6092B55AF
E43,O,5BF1D8ADB79573CB
E43,O,DF0C4F9561000773
E43,O,966759977BCD51B4
E43,O,E288E3B0E638F87F
E43,O,210978D525EEDF4F
E43,O,3465CA4854929709
E43,O,1C958B99EB171940
E43,O,AB63C9E8465C6002
E43,O,D7AAC19538A45549
E43,O,22A8C801A98F9B7D
E43,O,DBA1D592108DBA72
E43,O,B1790A47B8FFEF37
E43,O,89A83934270E9BFB
E43,O,C1A148BD237E4438
E43,O,277DD90A63454F48
E43,O,E435992628015D22
E43,I,E435992628015D22
E43,I,D04102C22195B7C4
E43,I,F2F74DC6ADD35CFF
E43,I,24078B675A7FE3B3
E43,I,DBB8E01BBE8C66ED
E43,I,7DF092F3A5418694
E43,I,364754E2273129B7
E43,I,FE6D5955F777E39C
E43,I,0EE7033EEE2C4C8C
E43,I,B876788F86A8D127
E43,I,D9B82EE66AFF2975
E43,I,BD7F4A65B230DDB2
E43,I,CCED20D6135C0347
E43,I,EBE1766B508217AF
E43,I,C4F843F93CDCBE64
E43,I,4235BA400EB10F0E
E43,I,EDFAC4F35C0E51C7
E43,I,13568DBEFE3503A6
E43,I,87F9F165B63331A5
E43,I,540B42AF095A342C
E43,I,15B81103A046F072
E43,I,F8446E87636522E1
HK1,O,F87373F646004131
HK1,O,24AD31E3F8DF42AE
HK1,O,851291B396623C22
HK1,O,F843A0E566CF4147
HK1,O,ED1B11038B7F6955
HK1,O,CCF8DAC87BE8707F
HK1,O,3B672FFFDB172686
HK1,O,D948E91F481784FF
HK1,O,2AD5A244A0F84266
HK1,O,9DCF59C5F17F780A
HK1,O,F61AEC7288DD9CCF
HK1,O,EA3C8544DF22AC4E
HK1,O,58100E7F618C4018
HK1,O,6DF4CBF4B5D7FCCD
HK1,O,D477F40E64BFF7D8
HK1,O,4971088E49D4DCAB
HK1,O,DCFF4041D0C0ACF8
HK1,O,AFC5AA585D7CC792
HK1,O,098140DB8F56A7F9
HK1,O,F8CBA0DDD2E2C069
HK1,O,008FB3966C991A02
HK1,O,3DDE01E36E19036E
HK1,O,959651A2B15D9593
HK1,O,FFB7857BB362057D
HK1,O,1309F1F58E619DDD
HK1,O,783CE18C333C6069
HK1,O,97CE87CF035B0E10
HK1,O,9CFEC0E6008F4B01
HK1,O,E2BFABFEB23808BD
HK2,O,24AA3CCF69A6572D
HK2,O,151F6BD0D37CA555
HK2,O,677BBB37FFCA0FAD
HK2,O,02B95C981F16C906
HK2,O,5612949E7487F309
HK2,O,24AD31E3F8DF42AE
HK2,O,55852875C9223A6C
HK2,O,D6D0F24D89C90323
HK2,O,1F170F80E7CB2C2E
HK2,O,24AA3CCF69A6572D
N3D,O,38F4F6A39C28DEB5
N3D,O,20B34B5CA0E66973
N3D,O,7380707A36C032B9
N3D,O,52AE04E9C3E77BE1
N3D,O,06E1120EA9A7BF69
N3D,O,5E1B227D9FAC4267
N3D,O,DB42B6238F75CF3C
N3D,O,917DF4AF0ED7B258
N3D,O,7FB952821E3FCAD2
N3D,O,DB6981B82045B45C
N3D,O,ACE23D880D07ABB1
N3D,O,1DA57A1376E99AC6
N3D,O,964AA1DCAAD06512
N3D,O,D237B30F94B6065D
N3D,O,7D025E77F4B35266
N3D,O,EE3B5ABCB87027E7
N3D,O,56BC96AC3FFF0223
N3D,I,56BC96AC3FFF0223
N3D,I,119ADA59BD2708D2
N3D,I,C185612B431B197A
N3D,I,A4C9136D18013389
N3D,I,43EE0C39CD39BA06
N3D,I,EF01999C9F909553
N3D,I,BF3D6019C5CA6D35
N3D,I,711A39D02DB2B4D8
N3D,I,EDDE9311F49AC296
N3D,I,23AF5995FEBCA8E6
N3D,I,8C09B3648DCDAF3C
N3D,I,6216EE509BD55B09
N3D,I,4D3C6D74F6AE8C7D
N3D,I,F59AE1D39E8B2E29
N3D,I,38F4F6A39C28DEB5
N116,O,616738F21326814A
N116,O,38D2BF58A38ADCA0
N116,O,F8365ACAC0B85C65
N116,O,A3B9F3D6B2668DE3
N116,O,6CAA11E0FD871B20
N116,O,3E29AD52CE8C9255
N116,O,184C33F0F1EF7379
N116,O,469644E45027A992
N116,O,11B2034DDF30617A
N116,O,33033960343A57A8
N116,O,F6A446C66F7F805E
N116,O,35CD2E3911AEA038
N116,O,C847FC07707BC068
N116,O,AA62C03711F778F2
N116,O,2F7C67769B9FB896
N116,O,7F25B423230F5BEE
N116,O,CFCA63CAF4C25D2B
N116,O,D446D1EA79502BF2
N116,O,E7A17EFD6E7435AF
N116,O,138A71694F5A3451
N116,O,DB6981B82045B45C
N116,O,ACE23D880D07ABB1
N116,O,1DA57A1376E99AC6
N116,O,964AA1DCAAD06512
N116,O,D237B30F94B6065D
N116,O,7D025E77F4B35266
N116,O,EE3B5ABCB87027E7
N116,O,57C138647A7F8CEF
N118,O,494C28331301B811
N118,O,1E88575F644EF7D4
N118,O,A8762A74241E8027
N118,O,667FDF4DEF4D2BAE
N118,O,B8B6E6DFE61EFC51
N118,O,82867084F4E7B92E
N118,O,652BD65D62F807DE
N118,O,E553B839AD6A8C3D
N118,O,889F84EBA6D9571A
N118,O,6FFA120DD2FA4790
N118,O,50FF703302734DFF
N118,O,C0AA7F3501EFA657
N118,O,337C68B5F413E04E
N118,O,00040ED8B61CA94B
N118,O,64E7A52D975DF3FF
N118,O,1F109678B4866926
N118,O,C564EDC91AFD7D04
N118,O,137E4ABB3A5D28F0
N118,O,4E7771F77C035AE4
N118,O,F45D3147BFAD9573
N118,O,DA8EA09C3AAD39C9
N118,O,C08FEC89DEBCB67B
N118,O,6C9176069C86391C
N118,O,97610D724858CEC0
N118,O,ECFB77BC2B593335
N118,O,72F07CA66230A1BE
N118,O,3C20E46D2F60DA28
N118,O,EC157EA93B3DD279
N118,O,FACE7DC841CEF78F
N118,O,41E537666558ED07
N118,O,687325CD84BA96A0
N118,O,B4CF77BA0F9D34B8
N118,O,671C0B06B1582C54
N118,O,5F0966CBF6A909A3
N118,O,B83A88488B3F6EAB
N118,O,D533E8F25C189485
N118,O,0F421E6B729C2D24
N118,O,27039EC5E64E6137
N118,O,D390ED75A8419B35
N118,O,498AABC05D747933
N118,I,498AABC05D747933
N118,I,2567DBD44B8B1328
N118,I,339DE84A73768EDC
N118,I,906F89BBA32AEF7E
N118,I,34F421B30D4CBFF5
N118,I,BB5C1DCDD6B2BC9D
N118,I,C539A7A9365F64D0
N118,I,51B7D1F60A5BA724
N118,I,4BD11538EEA40F55
N118,I,22186D34914B7805
N118,I,073E1DD8599E7315
N118,I,41FA91EC4FFF5A19
N118,I,0DCC18C3A018C1DA
N118,I,75767448DA6FA081
N118,I,4073C7B5B3D72456
N118,I,78277EF9D0189DED
N118,I,153D32217234A0F0
N118,I,893BBB901005C3E6
N118,I,BBE77B90CE43AEFA
N118,I,3A43E432D0588F79
N118,I,3B7368AAB82CC612
N118,I,E20D7A733ECDFA05
N118,I,557B9185722A07DB
N118,I,BE510511B0A7344E
N118,I,A2E2FDB1428AE8AE
N118,I,57ED9CF67F4D6AC4
N118,I,D81EA700D73BBEB0
N118,I,CC14CF9E8A163F34
N118,I,CC9AE3EF28E5725F
N118,I,2D30B4FAF44D2398
N118,I,494C28331301B811
N121,O,633A3F4B4A5637C2
N121,O,A7F67878C66E1A1C
N121,O,2DF5E48438A56E56
N121,O,01920071384D131D
N121,O,50C82DFB0AC97FC8
N121,O,83D17F49F5F5B5F1
N121,O,7E4358262A4F586A
N121,O,60012869923EEE68
N121,O,B3C1A7541DDBB708
N121,O,FD9F24DFA3090351
N121,O,D9C045AD58C8CD38
N121,O,16166F0A6907133D
N121,O,5E580B759FCA6CA2
N121,O,11B2034DDF30617A
N121,O,33033960343A57A8
N121,O,F6A446C66F7F805E
N121,O,4B03758AF99951A6
N121,O,35CD2E3911AEA038
N121,O,C847FC07707BC068
N121,O,AA62C03711F778F2
N121,O,47B6BE5FC95C2042
N121,O,BB172B3A5DAC85A4
N121,O,0543B8455A70833F
N121,O,D446D1EA79502BF2
N121,O,FE3B13A457EEA70C
N121,O,DFAA3371878CEED2
N121,O,D80313EC29620E1D
N121,O,75957EA713E84A37
N121,O,F60097D67F33DC0C
N121,O,5B49CF04EAB59906
N121,O,9D5EC5BD0A116058
N121,I,9D5EC5BD0A116058
N121,I,34DCAF51F6056BB6
N121,I,9E54416DFC0C7B68
N121,I,AA6F0A2661759A49
N121,I,92540DF9CB08304C
N121,I,325D388E2C927954
N121,I,E77716C29E34669E
N121,I,00ACB49D76C8C16F
N121,I,D64C1350EE61A2AD
N121,I,D187AB3DC52090EF
N121,I,3331EE733A2A3EBB
N121,I,40CC41621D07AA2D
N121,I,57DFE7792042405B
N121,I,6E8CB58283AF3CB1
N121,I,5FFF428D657F1361
N121,I,A06590AD808DC9A9
N121,I,032C7D86DF9ED3AC
N121,I,4795FBE235012096
N121,I,742D35CD1DEA10FD
N121,I,8B5745F31A5778D7
N121,I,D5A646B379EFFD63
N121,I,A0424645102B1D9C
N121,I,E532860B16A18F3C
N121,I,082B6C57881C35D6
N121,I,B1DE024B06DE2EC7
N121,I,A5BF509DD18069D4
N121,I,74EE2ECB1A3773E9
N121,I,C0B3CCF700EDA89C
N121,I,B4962A215D3DFA65
N121,I,633A3F4B4A5637C2
N122,O,A588A5F294B4BEFB
N122,O,65DFF8BE0574FB35
N122,O,A19F3A433556AF0E
N122,O,70AED81BA5AE0B49
N122,O,A81F3E1AC5EDEB1F
N122,O,FD43CB63B7E560F6
N122,O,B8B6E6DFE61EFC51
N122,O,16D37394ECACA7AD
N122,O,1E29A8A8D3F6BABB
N122,O,E553B839AD6A8C3D
N122,O,889F84EBA6D9571A
N122,O,028FA893A173A464
N122,O,80E2DB8AC142F626
N122,O,CABD12E7E061FC91
N122,O,C0AA7F3501EFA657
N122,O,337C68B5F413E04E
N122,O,00040ED8B61CA94B
N122,O,64E7A52D975DF3FF
N122,O,1DD522300A4B9406
N122,O,4D3CBBDB95447F2E
N122,O,4795FBE235012096
N122,O,1F3870BB293E9DAF
N122,O,01E3687E14E6C4A7
N122,O,265F2C77103F70AA
N122,O,834CC2324AAFB567
N122,O,AC00F5BD3992062F
N122,O,0410A9959C9010AC
N122,O,36B8BEAE9346F718
N122,O,2969EE1DAEAD252A
N122,O,B6E124DFD59022EF
N122,O,C8946B416C2ED8EA
N122,O,A34AEEFEFB3013FC
N122,O,74CB8B8ECA4F4A44
N122,O,D429372493B73002
N122,O,41AA7CB85B0902A7
N122,O,53AC7BF85DA06160
N122,O,9A8927665842846F
N122,O,06813EFD221EF920
N122,O,DB424207F51A9589
N122,O,F851BA3473962BCA
N122,I,F851BA3473962BCA
N122,I,4585A7CEF5D5F43B
N122,I,52EEDDA90227F4C9
N122,I,3491B0B76F002DFB
N122,I,EB43D5BE03CB3346
N122,I,350EBC52D2ABF3D8
N122,I,D0BA1477EAFC2C2B
N122,I,645A7596916EBCC1
N122,I,29DF8DB2E9741934
N122,I,628DF6A22E9172F8
N122,I,EE07E4C45A4CC134
N122,I,E5054AD30B9831F3
N122,I,616738F21326814A
N122,I,3A1D9864C04075B2
N122,I,7FBF4EAFB18821CA
N122,I,F8365ACAC0B85C65
N122,I,A3B9F3D6B2668DE3
N122,I,6CAA11E0FD871B20
N122,I,3E29AD52CE8C9255
N122,I,D12FB3A70DDAED02
N122,I,0016BA6EDE99B8E3
N122,I,B17A07239E3E576E
N122,I,5E580B759FCA6CA2
N122,I,153D32217234A0F0
N122,I,893BBB901005C3E6
N122,I,038F62C619BF8650
N122,I,E173F2DA030C6AAB
N122,I,6E2A7A2CD29F9216
N122,I,D7C46496C9C7B7BA
N122,I,704AF52FDCA7AE1B
N122,I,1A85A6C132C4197F
N122,I,C3FD63E226246052
N122,I,C6E9CA12DCD8F695
N122,I,667FDF4DEF4D2BAE
N122,I,63B3694BF40FBEC6
N122,I,FC29C8A636233BB4
N122,I,D355B700FF30B3D7
N122,I,6188A6666E298598
N122,I,A588A5F294B4BEFB
N170,O,9CCAA319B4354EC6
N170,O,9179E2F718D0F436
N170,O,19521C0A1CA93C52
N170,O,6FA31E38468068B6
N170,O,A7AFBCA40D458E0D
N170,O,CAE09A3D7E2BE997
N170,O,4E366AF78461E12D
N170,O,AD0E19B05666A22B
N170,O,C7C1C12D89968698
N170,O,E34E3D48842C9B66
N170,O,2431FF3100478DEE
N170,O,ED6FCB0422D541F5
N170,O,850F72123F644500
N170,O,3821D64D2BF1BB66
N170,O,66C6FDFC88F56E51
N170,O,7CD8F96A087CDDF2
N170,O,6DD60A482B4CDAF6
N170,O,922B809184ED33A9
N170,O,5CAB5B74424F27B4
N170,O,E44C9E1167039011
N170,O,C37816866237EFFA
N170,O,719B6A48C203AFBA
N170,O,4BF5A563B95D2F42
N170,O,9AD628EDE1178D24
N170,O,5D26737FDFC4F738
N170,O,3147FEC6D6DC535A
N170,O,43F5D5E06711C646
N170,O,86A5437DDF01EDE1
N170,O,D9185868BC7E2D84
N170,O,8FA45700BDAE662B
N170,O,3E6118D2AD8D9330
N170,O,6ADCBDE3DD43F8E7
N170,O,5C6A29BCDA410664
N170,O,939DD40498CB3066
N170,I,939DD40498CB3066
N170,I,66A93A407AB08486
N170,I,38AD2E7846D11D52
N170,I,6F1AFEEFEAD811A4
N170,I,90535913F657C516
N170,I,F6E414A440CD7C70
N170,I,718556B5D930CAFB
N170,I,98D50686DF57B6F7
N170,I,EC839AE65935149B
N170,I,54693CF35B03CC69
N170,I,AE4E8F82AD65348C
N170,I,3E5A3CFA10D8D300
N170,I,225E8FAE869B3308
N170,I,1B1A7253CC1D3148
N170,I,86B81946F9FA57FB
N170,I,A07CC0A6D462A579
N170,I,9E25CF3DAA0BA0C4
N170,I,9541036143D6CCF1
N170,I,13C75FFFA2BB060D
N170,I,78277EF9D0189DED
N170,I,79AFB35F9DBD485A
N170,I,D5DB45916FCE114A
N170,I,5D94D3084F0C3831
N170,I,89A4D25AC31A8388
N170,I,6465986EF7824816
N170,I,C53A00F15DC2DB20
N170,I,48E5A1EED91712EE
N170,I,D099C45C9443AFC8
N170,I,45D0CFA28B3FEFE5
N170,I,B8E2647E9C5019C9
N170,I,AAECA769A84E2372
N170,I,A66159E033DDEA04
N170,I,C92E80A5D7E0E8EC
N170,I,07ADFF84F3502690
N170,I,3F6F5DC1DDA5F68E
N170,I,45809C20B6578E53
N170,I,6953AEF8B3921959
N170,I,9CCAA319B4354EC6
N171,O,B9F19D629C894FEE
N171,O,79BB89DA868D93CF
N171,O,BE47845FF3E717FC
N171,O,F01F8CF411A34AA7
N171,O,AE9F399F5ACF4837
N171,O,9DA9C859E574B8B4
N171,O,A701BCC43DF54B6B
N171,O,FC28F96F0BAF8FF7
N171,O,1E29A8A8D3F6BABB
N171,O,E553B839AD6A8C3D
N171,O,889F84EBA6D9571A
N171,O,6FFA120DD2FA4790
N171,O,32491C3A5645AD42
N171,O,C0AA7F3501EFA657
N171,O,337C68B5F413E04E
N171,O,00040ED8B61CA94B
N171,O,64E7A52D975DF3FF
N171,O,1DD522300A4B9406
N171,O,6DD60A482B4CDAF6
N171,O,388C3DB16F0F2719
N171,O,719B6A48C203AFBA
N171,O,4BF5A563B95D2F42
N171,O,9AD628EDE1178D24
N171,O,5D26737FDFC4F738
N171,O,3147FEC6D6DC535A
N171,O,4830E097480D3AD6
N171,O,EE1C91F3EDCEBB7E
N171,O,277B784B9369F9E1
N171,O,85363AEF68CB6277
N171,O,5A7CD7DCB08F92C2
N171,O,38504AAEF0A5E595
N171,I,38504AAEF0A5E595
N171,I,38B4D64E5D9DA9AB
N171,I,7C27E54D8AEC683A
N171,I,659365A8AB2B98E9
N171,I,3227505D6CDA32C9
N171,I,7906D320A27CAD88
N171,I,EC839AE65935149B
N171,I,54693CF35B03CC69
N171,I,AE4E8F82AD65348C
N171,I,3E5A3CFA10D8D300
N171,I,225E8FAE869B3308
N171,I,1B1A7253CC1D3148
N171,I,4A626ACD36F8ED7A
N171,I,153D32217234A0F0
N171,I,893BBB901005C3E6
N171,I,BBE77B90CE43AEFA
N171,I,246B98B8B9F002F0
N171,I,3B7368AAB82CC612
N171,I,D7C46496C9C7B7BA
N171,I,704AF52FDCA7AE1B
N171,I,1A85A6C132C4197F
N171,I,C3FD63E226246052
N171,I,098AF67CBBB9FBA9
N171,I,04FC6E130D4953F4
N171,I,0BADB28A19C2E0BE
N171,I,A1AA846971415968
N171,I,6188A6666E298598
N171,I,70349D91EC82AFE1
N171,I,E35B5F1B80E085E6
N171,I,EBEF10F95443B217
N171,I,B9F19D629C894FEE
N182,O,EAA44CDBC231DB8C
N182,O,7E3C2CA5ABEC8416
N182,O,BCEEE192EF01C361
N182,O,3F01C915E856B018
N182,O,6282A73360ACEBEA
N182,O,FF98F738E3D0FE6B
N182,O,CF75BC81CDF3D411
N182,O,896D3C4F7F91E9C9
N182,O,C6F406D78E5C515A
N182,O,0ABE48106C953AC9
N182,O,66BF94751BD28BAD
N182,O,3D5F8A471AE2AE99
N182,O,6FA31E38468068B6
N182,O,5C6B22551FFEB285
N182,O,CAE09A3D7E2BE997
N182,O,4E366AF78461E12D
N182,O,AD0E19B05666A22B
N182,O,C7C1C12D89968698
N182,O,E34E3D48842C9B66
N182,O,2431FF3100478DEE
N182,O,ED6FCB0422D541F5
N182,O,850F72123F644500
N182,O,3821D64D2BF1BB66
N182,O,66C6FDFC88F56E51
N182,O,7CD8F96A087CDDF2
N182,O,032C7D86DF9ED3AC
N182,O,A70C52925AAF4A1E
N182,O,182976403F291FE0
N182,O,82F385AE99820D83
N182,O,B4BC12D061EC853E
N182,O,6ACA5143BB7C496B
N182,O,D2F5C3E1405DB8B6
N182,O,DD5CDB226E98FD0B
N182,O,A1B35801D2A554FF
N182,O,59013D693D2493FE
N182,I,59013D693D2493FE
N182,I,C8811A27E4B64581
N182,I,C78818C8285315B3
N182,I,5298A15B8CCAEF42
N182,I,A9069A17B1474D76
N182,I,08446B39CF34C8FD
N182,I,3007D34FB91FB27E
N182,I,1AB934EFE0E1470A
N182,I,048A87496B30B946
N182,I,A71457854D13E9DE
N182,I,AC1E2BBDC663717F
N182,I,A07CC0A6D462A579
N182,I,9E25CF3DAA0BA0C4
N182,I,5BD1D1453F3EFA85
N182,I,D1D807234805DBF4
N182,I,79AFB35F9DBD485A
N182,I,D5DB45916FCE114A
N182,I,5D94D3084F0C3831
N182,I,89A4D25AC31A8388
N182,I,6465986EF7824816
N182,I,C53A00F15DC2DB20
N182,I,48E5A1EED91712EE
N182,I,8FE9357F36300CD7
N182,I,45D0CFA28B3FEFE5
N182,I,B8E2647E9C5019C9
N182,I,AAECA769A84E2372
N182,I,A66159E033DDEA04
N182,I,C92E80A5D7E0E8EC
N182,I,07ADFF84F3502690
N182,I,B9EE83CA8ABB578B
N182,I,50F2B96452F78F19
N182,I,1AE43A670EACECB1
N182,I,C0D515CA78A56B65
N182,I,3C624F6CB2D5BBEA
N182,I,C1E9F8237EDBBAD2
N182,I,4BFB5F2D496CDA56
N182,I,51FCE282462E418B
N182,I,F8BB84BC801E4C85
N182,I,BC39BFC3C7BC3009
N182,I,2FABE52A66DF7482
N182,I,C1E1199805BCC92D
N182,I,EAA44CDBC231DB8C
N213,O,F388A6F066DE4562
N213,O,243A28F74F73A045
N213,O,940A31DA2A6051A9
N213,O,DAE7B6CB56131B50
N213,O,68106C827BF891AB
N213,O,EA4A3876639F21B4
N213,O,5419928D472EAD8D
N213,O,100FBBA946264714
N213,O,E5E7111594073DE2
N213,O,D9F1ED8B7D7C5AAD
N213,O,038F62C619BF8650
N213,O,E173F2DA030C6AAB
N213,O,05D8591BD5405ED4
N213,O,258EDF9D3C3FD200
N213,O,30B08A7B2B2B623F
N213,O,4884DCF89AD7BA6A
N213,O,D01D18C6EB79F84B
N213,O,A72D15160CC3AF31
N213,O,8D5C58075D3C1003
N213,O,B0DDF2CD704116C8
N213,O,6C1DEF32B8CB92C4
N213,O,161B32AD4C6996AD
N213,O,6965D1D655C2DD5F
N213,O,BB172B3A5DAC85A4
N213,O,A0EFE3E68568F194
N213,O,3D717F0365D5505B
N213,O,29759ECB92E1A91B
N213,O,C44684E01A99DE4F
N213,O,B48B8F12CD929F0F
N213,O,72999453ECAC4693
N213,O,09B6F28D05DA00F4
N213,O,AA26D9F25826AA4A
N213,O,FBE38593BDEB0802
N213,O,921C19F6147C74A6
N213,O,47C3597662B81B47
N213,O,7EF64469471FE344
N213,O,0A03521DFD20FEA9
N213,O,BBBDC092F96C0A41
N213,O,4A14A012710E80B1
N213,O,25D24692B2A312FB
N213,O,6F106FD26B684372
N213,O,26305AF62FBEE2BC
N213,O,D83C4CC1305E35E9
N213,O,1FBAAE29AF1CA50E
N213,O,466BC4C1908A1A06
N213,O,AA52228890817D12
N213,O,D9563FD5B8CB0CEF
N213,O,6410DDEFBBD17426
N213,O,FBE07247C3FDB904
N214,O,3EAFE91BF6223FA6
N214,O,40FF132FB8E77051
N214,O,B08CA4B3CDCF142A
N214,O,CF18D17DE7B40350
N214,O,736E84A8060D2AB9
N214,O,CB4B52222877C32F
N214,O,6B9496267BEFF02A
N214,O,B9D7AE7CB0C56556
N214,O,B7082198F517B1E8
N214,O,1FBAAE29AF1CA50E
N214,O,466BC4C1908A1A06
N214,O,81783E042C83CEC3
N214,O,D9563FD5B8CB0CEF
N214,O,6410DDEFBBD17426
N214,O,A6A1C99BF11EE56C
N214,O,DA64153E866AEEE4
N214,O,58611212645F0AB1
N214,O,29B66F2353388E18
N214,O,52A8DA8958AFCCA6
N214,O,62A1C8EFAC876BDB
N214,O,93D9D88C2D990D67
N214,O,60A445D9ACD40C12
N214,O,29A62A8FE112766B
N214,O,9751EE79B103C9B8
N214,O,B123EFA9F9DDD6AB
N214,O,E275C17540BCEF37
N214,O,6D1087ACF14C15A9
N214,O,46ABE64DB9C82DDF
N214,O,9F914539576C53A5
N214,O,9215DDE04780BDC3
N214,O,C6E9CA12DCD8F695
N214,O,04FC6E130D4953F4
N214,O,0CE37125BC509E5D
N214,O,B6ECF261EB79418C
N214,O,3856383C8A22904A
N216,O,D024B008AB77435B
N216,O,40FF132FB8E77051
N216,O,B08CA4B3CDCF142A
N216,O,CF18D17DE7B40350
N216,O,ECBD286CC9ED9549
N216,O,DEB36380E32DCD53
N216,O,FA246A7F26F12EDD
N216,O,B9D7AE7CB0C56556
N216,O,B7082198F517B1E8
N216,O,93084A14AE624C6F
N216,O,D17050E8964504BB
N216,O,04DDF4F7F1C74876
N216,O,BF08F9C08BB54A2B
N216,O,2BB6115BF9346B34
N216,O,6E113B962058A553
N216,O,581AAE2C80571C37
N216,O,C21FA8D54031D7FF
N216,O,8571BCC3A3E4006E
N216,O,D9896F1A5B7C97C0
N216,O,3BA9C90738A8600D
N216,O,29B66F2353388E18
N216,O,AA6F0A2661759A49
N216,O,92540DF9CB08304C
N216,O,325D388E2C927954
N216,O,E77716C29E34669E
N216,O,00ACB49D76C8C16F
N216,O,D64C1350EE61A2AD
N216,O,A90CDCBFC07EDF86
N216,O,9DBBC71CB1578A87
N216,O,312CD2A987AA2773
N216,O,40E8A4AA35AEB18A
N216,O,65B934D14EA190F1
N216,O,6F5585807DB07812
N216,O,7B98BAE3D93817AC
N216,O,14F176D358D65A8B
N216,O,8E3A5C15E42020BB
N216,O,36AABE317D2F7A0B
N216,O,96442B84082D4DF5
N216,O,508D99EBC9AB3A9B
N216,O,E10A0960D4E103B1
N216,O,FE56DD70DEDE0395
N216,O,1DEB855D55528B03
N216,O,11A1269F9B78F269
N216,O,0840B3F75A7B00BD
N216,O,FE4E099AEA040C89
N216,O,E46A9F0C0CB609F5
N216,O,3D040EE809057C6E
N216,O,4BE7B829FA08FF82
N216,I,4BE7B829FA08FF82
N216,I,FE2815CBCD21C57C
N216,I,BEEBDDB542A7E709
N216,I,48184733EFE9D3E3
N216,I,243A28F74F73A045
N216,I,940A31DA2A6051A9
N216,I,DAE7B6CB56131B50
N216,I,68106C827BF891AB
N216,I,EA4A3876639F21B4
N216,I,5419928D472EAD8D
N216,I,100FBBA946264714
N216,I,E5E7111594073DE2
N216,I,D9F1ED8B7D7C5AAD
N216,I,038F62C619BF8650
N216,I,E173F2DA030C6AAB
N216,I,05D8591BD5405ED4
N216,I,258EDF9D3C3FD200
N216,I,30B08A7B2B2B623F
N216,I,4884DCF89AD7BA6A
N216,I,D01D18C6EB79F84B
N216,I,A72D15160CC3AF31
N216,I,8D5C58075D3C1003
N216,I,B0DDF2CD704116C8
N216,I,6C1DEF32B8CB92C4
N216,I,161B32AD4C6996AD
N216,I,6965D1D655C2DD5F
N216,I,BB172B3A5DAC85A4
N216,I,0543B8455A70833F
N216,I,D446D1EA79502BF2
N216,I,FE3B13A457EEA70C
N216,I,DFAA3371878CEED2
N216,I,D80313EC29620E1D
N216,I,4513DF30B4CBA349
N216,I,E7116B44D9E9393A
N216,I,942E95B4336BDFA7
N216,I,942084E1090F193E
N216,I,A0AB9A2B2D648FF5
N216,I,484F835517494767
N216,I,E308599CF719FE37
N216,I,4A14A012710E80B1
N216,I,25D24692B2A312FB
N216,I,6F106FD26B684372
N216,I,26305AF62FBEE2BC
N216,I,D83C4CC1305E35E9
N216,I,13A8D09F9E444BF3
N216,I,3144CE950CE29C80
N216,I,543FD8B6C65D1C4C
N216,I,316BB2C947568585
N216,I,3E862B92873F5811
N216,I,57A0D4D6D4D57497
N216,I,0F9D050D4229C0F7
N216,I,19171A194D7507D5
N216,I,AFE8CE5FCE951B89
N216,I,500EB63FD4A41F66
N216,I,D024B008AB77435B
N237,O,3856383C8A22904A
N237,O,B4F2BAAED2470D0A
N237,O,75C0DF6C7724CEEA
N237,O,EBF4EB34B96BC242
N237,O,3FE93821145B65F5
N237,O,264B29FD223D9C4E
N237,O,3E376000C84807D6
N237,O,C84CAD6CCD18F87F
N237,O,EC038424C17E0B60
N237,O,478ACE8A8C9A2705
N237,O,A13C2C1D5D3EE0D7
N237,O,DC99E9AAD0DFB39F
N237,O,AE7C79C814E6BD95
N237,O,C5294C92C5C6E334
N237,O,FCBCC90E0ECE4F58
N237,O,0B4807A5C0DAF24A
N237,O,AB10F01039440464
N237,O,299184738ADD432A
N237,O,B596DF51C1BDDB19
N237,O,7FE0FCDBF45276EF
N237,O,7D41FC4EE12CB8FD
N237,O,9CF00A30796B6B2B
N237,O,FB948853081A003E
N237,O,3856383C8A22904A
N241,O,430B9D9C6AFF364D
N241,O,FE2815CBCD21C57C
N241,O,F2508598F5A43655
N241,O,3313287185163530
N241,O,89D32777124F4039
N241,O,AB057A63C24E990E
N241,O,8000ABB2A7252841
N241,O,68106C827BF891AB
N241,O,EA4A3876639F21B4
N241,O,1B9CA570385CC6F2
N241,O,6C34AE386C779E0B
N241,O,EBB057754E3423CE
N241,O,3C9C928E1674AB98
N241,O,038F62C619BF8650
N241,O,A8E63F70F386C05A
N241,O,E173F2DA030C6AAB
N241,O,6E2A7A2CD29F9216
N241,O,610F9B32EEAE091D
N241,O,99256D08CF861BA5
N241,O,D0A763AFCDE36124
N241,O,0BE28656FCEAAE17
N241,O,CCAC1239A80FFE6B
N241,O,317CDFC0C1DB2ADF
N241,O,9508A6CF0AF1E1B2
N241,O,B8B71BC8E2DDCA8D
N241,O,62AB7611613EF561
N241,O,D355B700FF30B3D7
N241,O,1B68DD9D137F906D
N241,O,3856383C8A22904A
N241,O,E35B5F1B80E085E6
N241,O,A3F6D2CA9135A988
N241,O,375D37F2AF5D762A
N241,O,37A4D07D7179CE76
N241,O,C979915CB2F4A35C
N241,O,94612276CB142F93
N241,O,24BB2F5E5721E970
N241,O,0E7645CCF6AA3558
N241,O,422BD13B241CCD5B
N241,O,AD326AC36444B948
N241,O,6E6EBC9D1AF2DA52
N241,O,F273E57C36913893
N241,O,D52D3F3FB66EF61A
N241,O,6DF1AF2871D4B7D9
N241,O,196A1E44C305C174
N241,O,BDE0F1679E1C8ABF
N241,O,13458794A52910B0
N241,O,67DFAB691BECE339
N241,O,6D016EBFA090D535
N241,O,04D3244DD2B38746
N241,O,59B81980AC8F7878
N241,O,4236C502F947A6DF
N241,O,C78F66DF6FA871B6
N241,O,8D7CB6C3D48258D6
N241,O,5D919BA157405E33
N241,O,A2BE47AFF20CD4F6
N241,O,CC6B75E6D60B4C57
N241,O,26AC2D471648CA0C
N241,I,26AC2D471648CA0C
N241,I,F88EE882E4B77399
N241,I,CC13DC33AE269FB1
N241,I,4E870B220826BEE0
N241,I,5AD2A4D21C226335
N241,I,A454170B2B59B587
N241,I,D6E7412666B1175B
N241,I,AB87BD2749FFEACA
N241,I,43398296F1D1BD48
N241,I,67F3E54FF145BA65
N241,I,F02CE37AD01DF17E
N241,I,DFB7FD5832A4BA4E
N241,I,3406C1A9DA760403
N241,I,A3D1F413719E60F1
N241,I,B085DDE8E381E370
N241,I,DE99B27530D1A3C4
N241,I,A25160BA84EE09F7
N241,I,2111E15DA3CEFEC4
N241,I,952DD8539E6DAC75
N241,I,E3AB394138EDE467
N241,I,F275A85A9CF9BBC4
N241,I,FA343B97309B84B4
N241,I,E7E5E3C1F761966F
N241,I,062B0243536F0816
N241,I,13B39CD775874ED9
N241,I,08A97AD10693B841
N241,I,42E5CC0772775C7E
N241,I,1D75CC7D0B671EEE
N241,I,79BB89DA868D93CF
N241,I,BE47845FF3E717FC
N241,I,854BC3A8D4DE6AA9
N241,I,65DFF8BE0574FB35
N241,I,A19F3A433556AF0E
N241,I,70AED81BA5AE0B49
N241,I,A81F3E1AC5EDEB1F
N241,I,FD43CB63B7E560F6
N241,I,FE5036CCAC908A19
N241,I,5CCCA68A757E79D4
N241,I,C5AA13924C99532A
N241,I,A70DCB46EC98F43E
N241,I,7B98BAE3D93817AC
N241,I,14F176D358D65A8B
N241,I,8E3A5C15E42020BB
N241,I,36AABE317D2F7A0B
N241,I,96442B84082D4DF5
N241,I,80752DC190FABC6C
N241,I,E10A0960D4E103B1
N241,I,FE56DD70DEDE0395
N241,I,1DEB855D55528B03
N241,I,11A1269F9B78F269
N241,I,0840B3F75A7B00BD
N241,I,FE4E099AEA040C89
N241,I,E46A9F0C0CB609F5
N241,I,F656A38D2A40F77D
N241,I,3D040EE809057C6E
N241,I,430B9D9C6AFF364D
N243,O,A7FCAD9C2AF7F468
N243,O,AFC36FC71B4E124E
N243,O,A2BE47AFF20CD4F6
N243,O,CC6B75E6D60B4C57
N243,O,79842A7E2FC0844F
N243,O,4E870B220826BEE0
N243,O,5AD2A4D21C226335
N243,O,A454170B2B59B587
N243,O,D6E7412666B1175B
N243,O,AB87BD2749FFEACA
N243,O,43398296F1D1BD48
N243,O,65D1B50CC2E45985
N243,O,67F3E54FF145BA65
N243,O,F93448A5F1168FB1
N243,O,DFB7FD5832A4BA4E
N243,O,0F60AAE48C3B22EE
N243,O,1A37A52F97A04C81
N243,O,5B5107DB7CE969DE
N243,O,333E9F98EEB84849
N243,O,B085DDE8E381E370
N243,O,59B81980AC8F7878
N243,O,143D7489C808BD46
N243,O,F4FC91D18962C4D0
N243,O,624D05A1E7A5A045
N243,O,A7FCAD9C2AF7F468
N252,O,CBB9FC4A0C13979B
N252,O,0CC9C5E5DBB3FF89
N252,O,62742CFBA2BE9854
N252,O,246ECB0F3B94855D
N252,O,95A8334E0385A5E7
N252,O,4173C3AEE8B6F33E
N252,O,AB10F01039440464
N252,O,354A2C15BD189228
N252,O,C7FC5050194509AE
N252,O,DBFB1B9BF53FC655
N252,O,B2C63864D1C98F56
N252,O,033CB7A21D6DC60C
N252,O,9CD69A8A588B2F8D
N252,O,613A21BCEF50485D
N252,O,122BF72E5DBAEFC0
N252,O,C3009421E5B89EB0
N252,O,222694615BD60A65
N252,O,E182FE2A3C62252F
N252,O,AEA60911096D770F
N252,O,BC68B9C32B4267AB
N252,O,62AA23787294A36E
N252,O,7550FEE23DA5615D
N252,O,B47C12A965D7B481
N252,O,5564CE644A0D7DBE
N252,O,1E4E9FB5763C3436
N252,O,B5BB97F8CB889AB7
N252,O,9E4653BA0F25F731
N252,O,6A93E2E9F1A3F421
N252,O,3F41CA34634CC20C
N252,O,2E1127BAF33B34F7
N252,O,DD5FAAA2F84021B6
N252,O,A1E562738B441036
N252,O,8233DD25DE47FDF0
N252,O,70E8546DD7753FEF
N252,O,3CCF4F6EA48CF505
N252,O,7AECAF57AF679EE7
N252,O,116624D40FDE852C
N252,O,DA8B258D68133BDD
N252,O,75DEBB78067301B8
N252,O,D4CE0ED4DF009B66
N252,O,B714B480F96C22D5
N252,O,531B557CFBFFD232
N252,O,46261DE8D4DFD821
N252,O,5A3DB1CED74A109E
N252,O,22E22257A0FA43D3
N252,O,752B1B808E1B4CB5
N252,O,E346E933481C3D83
N252,O,130015EE1C05A484
N252,O,0F9DE5E3F13FBABA
N252,O,FCE8D0E0D2A89B8B
N252,O,D77779E531F14725
N252,O,F626C47C1F73E1AE
N252,O,813A44129E51981F
N252,O,62B7E840E059AC18
N252,O,4AA82FE086BA80FD
N252,O,3410D9B6EF36D674
N252,O,9D88EE061FF5E1D0
N252,O,03B2C07AC4117C59
N260,O,E3E171AEDE35ACDF
N260,O,015AD88813C61900
N260,O,B88E6F52E2BC2E34
N260,O,3FAE59A79C8BCC93
N260,O,A1D3216AF158C117
N260,O,D010FF7CF77383B7
N260,O,F4D9335688592803
N260,O,C192BEF2264E0CC6
N260,O,542CC0EC83BAEA01
N260,O,840532B7C95DF870
N260,O,2F5F973821A594A9
N260,O,EDF4C2EAFDBD4693
N260,O,12CF2025741EF844
N260,O,580D52F4D93CAD9B
N260,O,3199543D3AE70527
N260,O,BDD49A91FF705B42
N260,O,8C32D9DDB85891A6
N260,O,5238463F47B490D6
N260,O,C1BF4509359B0895
N260,O,2D3D025684145373
N260,O,07B714029E91FD81
N260,O,913F2DF20E573CEA
N260,O,18C9D0216996D75A
N260,O,D893FD9E88E2A98D
N260,O,5941DC3E9FA7BE8B
N260,O,85B0E39398B91605
N260,O,1F934873940D1F49
N260,O,C9E264A3F9D4CEB3
N260,O,6ED65F69CDBFDEB6
N260,O,364529AB163D8609
N260,O,4E3FEA4E559A5D16
N260,O,DA17B01A4A61A358
N260,O,D8828243CCA293B4
N260,O,F36F422FDC6B9D3F
N260,O,62E0E61D5250535A
N260,O,CBB9FC4A0C13979B
N260,I,CBB9FC4A0C13979B
N260,I,0CC9C5E5DBB3FF89
N260,I,62742CFBA2BE9854
N260,I,246ECB0F3B94855D
N260,I,95A8334E0385A5E7
N260,I,4173C3AEE8B6F33E
N260,I,AB10F01039440464
N260,I,354A2C15BD189228
N260,I,C7FC5050194509AE
N260,I,DBFB1B9BF53FC655
N260,I,A68A34F71D94FF13
N260,I,DB516EC0B8DAF046
N260,I,64312A5DFF11636C
N260,I,CB2A65E69B2B71BE
N260,I,59081A58EA5BC728
N260,I,28C36BBE416103C2
N260,I,BC301D7E7F063331
N260,I,CBE54DB551C24A02
N260,I,0B77310D4512A3F9
N260,I,E01BD8E1BEC29EA6
N260,I,E16D49ECA536ECC6
N260,I,F224A907BD68406A
N260,I,4F36FEF121788834
N260,I,ECE3F3BE270C27E2
N260,I,594A765BE3A43C73
N260,I,507D90B4B976DBD6
N260,I,1F6BFDF34BABCE6A
N260,I,19B569A51034271F
N260,I,B3CCA98CC6CE7C8C
N260,I,1F5BF0C69F30C752
N260,I,854E787D0F56BF91
N260,I,AD25F24A6E6ACEE3
N260,I,83A02749D0CB2EE8
N260,I,3104B2FBA1EEE592
N260,I,86D1BF834F627D5C
N260,I,1D944152BA58ABF3
N260,I,722B3DD3D7BCFA21
N260,I,E3E171AEDE35ACDF
N269,O,868AEC6A9B5704FB
N269,O,D813C93D9AD1C45B
N269,O,7BB395B6FE66E102
N269,O,6D4E7B9D5F9584E7
N269,O,47AB1894215AECEE
N269,O,42AEF6365E78DA56
N269,O,8753A8442C2FFF53
N269,O,8D56DB404D264D5A
N269,O,67D80F37744E1277
N269,O,080EF1BEA737A5D3
N269,O,AFB9321F7CD2C2E4
N269,O,7898B605E39613A8
N269,O,CB853E4BCBB13F30
N269,O,C20316E552E64387
N269,O,1C0A89BD67A4CFF0
N269,O,BCC6E5BA6810FED6
N269,O,B02B0B9F73E50D93
N269,O,1DEFCF90AB170FD7
N269,O,51BD0FD05C62F3F4
N269,O,53AC50E46ABDA85B
N269,O,591FA32FB4B53682
N269,O,36DC37F6A54BA5E0
N269,O,F5FA7ED5D5A6860D
N269,O,D05C7D74301D47C5
N269,O,41C9D989B8B874FF
N269,O,447C1D79A10C83E2
N269,O,D893FD9E88E2A98D
N269,O,5941DC3E9FA7BE8B
N269,O,85B0E39398B91605
N269,O,1F934873940D1F49
N269,O,C9E264A3F9D4CEB3
N269,O,6ED65F69CDBFDEB6
N269,O,364529AB163D8609
N269,O,4E3FEA4E559A5D16
N269,O,DA17B01A4A61A358
N269,O,D8828243CCA293B4
N269,O,F36F422FDC6B9D3F
N269,O,62E0E61D5250535A
N269,O,3B68D3389F83FE39
N269,I,3B68D3389F83FE39
N269,I,0CC9C5E5DBB3FF89
N269,I,62742CFBA2BE9854
N269,I,246ECB0F3B94855D
N269,I,95A8334E0385A5E7
N269,I,4173C3AEE8B6F33E
N269,I,AB10F01039440464
N269,I,354A2C15BD189228
N269,I,87668BC629020844
N269,I,4E224310C4B46C9A
N269,I,A68A34F71D94FF13
N269,I,0D7A1D0AECA1D999
N269,I,BFCFEBF6F5C35402
N269,I,F8B3A5C8D0D3CED7
N269,I,3D5F826FD00C0529
N269,I,876CF2E8C375F78B
N269,I,6386333EDAC64C96
N269,I,6A4B371546D489BF
N269,I,CCBBE2779B1765C4
N269,I,78AD2432201EF5EE
N269,I,D9CE618F99BAC2B6
N269,I,1B0FD9C27F5FE0BE
N269,I,A010FE2C473103A8
N269,I,70FEB409760C77EE
N269,I,A264A7BA921EEE6E
N269,I,ABE1BADF8D43CB24
N269,I,6A90A40248059768
N269,I,48D55BCE2E97E1DE
N269,I,FBBF4EB577663A13
N269,I,F97A667725CDEB82
N269,I,73FE2D32F218DA9C
N269,I,A264255E81F51111
N269,I,4C86E1F44AE9C25B
N269,I,A6C169DA579FC45B
N269,I,308112BE50081258
N269,I,537F93CCE45CB56F
N269,I,A4607B71730E8F46
N269,I,868AEC6A9B5704FB
N271,O,67FC11E66080F9C2
N271,O,5A1A5F0DEB7F8EBE
N271,O,7081CE830F3E9B50
N271,O,45628FA7B8D7C5D2
N271,O,5734545592215022
N271,O,A8B4FCB26097BA18
N271,O,CAD1ABCBA72CF365
N271,O,AF04BB6F5FFF4C45
N271,O,062FFE8F1560E8A4
N271,O,9D3BCB233237C32C
N271,O,9E3D2E34F849E298
N271,O,B9270C10E51D95F4
N271,O,024D478CE8AC52F3
N271,O,613ED01D077362A9
N271,O,2880D4E073BF7A9A
N271,O,E34E3D48842C9B66
N271,O,DF9E89A391CAC245
N271,O,657E5836BC932790
N271,O,330F82C1677EEC3D
N271,O,98FCC750B322B706
N271,O,7FAF7F6B57A8B606
N271,O,71C9731001C9C773
N271,O,F63C76EC97E38A91
N271,O,777ED0B1F3CF10DD
N271,O,9DDE74BD2D803D9C
N271,O,E10A0960D4E103B1
N271,O,EAE9158BE729E917
N271,O,11A1269F9B78F269
N271,O,0840B3F75A7B00BD
N271,O,FE4E099AEA040C89
N271,O,E46A9F0C0CB609F5
N271,O,BB073EF1DACCA6E4
N271,O,3D040EE809057C6E
N271,O,F5D322119DCA0F5A
N271,I,F5D322119DCA0F5A
N271,I,FE2815CBCD21C57C
N271,I,F2508598F5A43655
N271,I,3313287185163530
N271,I,9CAF2FDA35EEF9E2
N271,I,940A31DA2A6051A9
N271,I,62958067B9C06318
N271,I,5419928D472EAD8D
N271,I,4624AC39DB25D456
N271,I,2DB47A3C263E4F5C
N271,I,088B858E4B54D8AC
N271,I,05D8591BD5405ED4
N271,I,258EDF9D3C3FD200
N271,I,DE27CD3EB0AF43D8
N271,I,68A3AF80BADFDE9F
N271,I,89A4D25AC31A8388
N271,I,6465986EF7824816
N271,I,C53A00F15DC2DB20
N271,I,48E5A1EED91712EE
N271,I,D099C45C9443AFC8
N271,I,45D0CFA28B3FEFE5
N271,I,B0D6494AF630229A
N271,I,B6B1AB47AB07887F
N271,I,CCC5BAA6257BBDAA
N271,I,5E63913862E61D96
N271,I,9179E2F718D0F436
N271,I,437D60C455A624E6
N271,I,A23337DAF4A8B168
N271,I,CDB292D507E4302D
N271,I,403CF34C7A6517DF
N271,I,10D38620E5CAEBB3
N271,I,9DF152ED984CD4A0
N271,I,6716018C3EE42733
N271,I,27222F0DE22582ED
N271,I,9316961F98692D0A
N271,I,67FC11E66080F9C2
N276,O,868AEC6A9B5704FB
N276,O,7898B605E39613A8
N276,O,4BE4E6D4F5A06A51
N276,O,71C5FC4FF2FDE0CA
N276,O,EE642EBB8CAD513D
N276,O,A856593C105D479B
N276,O,55E3A1A6E995A9CB
N276,O,AC1A0FA3D0743FCC
N276,O,5F616585205DDDF9
N276,O,147D513A708AA741
N276,O,B88640E0CA83F12C
N276,O,A8482B15AD6E89A3
N276,O,BCC6E5BA6810FED6
N276,O,F87A56BD0A2640ED
N276,O,D747ADD80335605C
N276,O,445B2A02DB891CA9
N276,O,4E2EC89B41600D7E
N276,O,591FA32FB4B53682
N276,O,FFFB0F940CA7BEA7
N276,I,FFFB0F940CA7BEA7
N276,I,14157BA5C06B0B6B
N276,I,F63C4B8B958E9830
N276,I,74C51A8A3D783F40
N276,I,D9CE618F99BAC2B6
N276,I,A010FE2C473103A8
N276,I,70FEB409760C77EE
N276,I,A1A1B10F5CE291AC
N276,I,A2C36DF7152EE93F
N276,I,60A4F4A41CD61FAC
N276,I,8F6C8CEB9F17D97D
N276,I,B09E18636F184247
N276,I,2FA997A1BE419A52
N276,I,023F856BE4F830F2
N276,I,5CAF0B805C12DDD9
N276,I,86C5B251AF5F68BF
N276,I,6A90A40248059768
N276,I,A6F5C93F89B0969B
N276,I,868AEC6A9B5704FB
N281,O,8CFD0DAAA2D9B47E
N281,O,D156C558FF163BE3
N281,O,013F884CBCB1CBE4
N281,O,BA6D9F93E62B8075
N281,O,028E0B68D3166C00
N281,O,1D6A8B8C58C268FF
N281,O,1F1A440137854ABF
N281,O,664BAA2EA12B80B1
N281,O,30553FA19D045D25
N281,O,F508350699744D24
N281,O,34740DD5ABC36F12
N281,O,25E1BAE2C272ED4C
N281,O,823E3EE2413E40E2
N281,O,E7133179F5800E85
N281,O,A401ECF82924D465
N281,O,3D5F8A471AE2AE99
N281,O,6FA31E38468068B6
N281,O,5C6B22551FFEB285
N281,O,AF47DA55FCC27679
N281,O,BF24F3D6A39D8D99
N281,O,4E366AF78461E12D
N281,O,9ADE07CC443E4ACE
N281,O,2A72F4041A7E6783
N281,O,9C117FB6B6590825
N281,O,5FB8DC89C84A7F2B
N281,O,04C4E5AE4F8F21E1
N281,O,1D13B640481F4CD1
N281,O,AC2A4AB84E52364C
N281,O,A5C1234F60BBF1EB
N281,O,674BF383CB19E1A3
N281,O,E34E3D48842C9B66
N281,O,DF9E89A391CAC245
N281,O,657E5836BC932790
N281,O,330F82C1677EEC3D
N281,O,98FCC750B322B706
N281,O,7FAF7F6B57A8B606
N281,O,71C9731001C9C773
N281,O,F63C76EC97E38A91
N281,O,777ED0B1F3CF10DD
N281,O,96442B84082D4DF5
N281,O,508D99EBC9AB3A9B
N281,O,E10A0960D4E103B1
N281,O,EAE9158BE729E917
N281,O,D2217D7746597D10
N281,O,0840B3F75A7B00BD
N281,O,FE4E099AEA040C89
N281,O,E46A9F0C0CB609F5
N281,O,F656A38D2A40F77D
N281,O,3D040EE809057C6E
N281,O,2802E2DEE1D48B51
N281,I,2802E2DEE1D48B51
N281,I,FE2815CBCD21C57C
N281,I,F2508598F5A43655
N281,I,3313287185163530
N281,I,8E8DB91C885F1230
N281,I,940A31DA2A6051A9
N281,I,4A38244491180BF7
N281,I,5419928D472EAD8D
N281,I,357B7D41501CDACA
N281,I,DF10BE627F25E7DD
N281,I,D7C7D86E923EEAE1
N281,I,088B858E4B54D8AC
N281,I,05D8591BD5405ED4
N281,I,258EDF9D3C3FD200
N281,I,DE27CD3EB0AF43D8
N281,I,68A3AF80BADFDE9F
N281,I,89A4D25AC31A8388
N281,I,6465986EF7824816
N281,I,C53A00F15DC2DB20
N281,I,48E5A1EED91712EE
N281,I,D099C45C9443AFC8
N281,I,45D0CFA28B3FEFE5
N281,I,B8E2647E9C5019C9
N281,I,5EAE23D8DC3A7121
N281,I,A28C2F29B58A2E9A
N281,I,BA9F2C58E03A38F0
N281,I,CA5AEC11C96BA678
N281,I,BE4CE56A7102816E
N281,I,A66159E033DDEA04
N281,I,C92E80A5D7E0E8EC
N281,I,52B02EAC7AAB23C1
N281,I,B9EE83CA8ABB578B
N281,I,45809C20B6578E53
N281,I,EB0D8F8D1AF9DDDE
N281,I,A67E402790581309
N281,I,145AA374D8CB7123
N281,I,8ECFB7DFFC0023DA
N281,I,33A4BFE372C06BA8
N281,I,B8BBCCA288E1F862
N281,I,1CF4AE2F7045B848
N281,I,9EAC85DD5495DB6F
N281,I,E27820FF0AF73D52
N281,I,880BE8598CB0CCE7
N281,I,5E073AD8BC9F2AC8
N281,I,B31E6B9D8E5B4493
N281,I,3A450B5AD5AF1605
N281,I,0E2175C0750054FE
N281,I,6BD93B827893E41E
N281,I,8CFD0DAAA2D9B47E
N283,O,F3D86A2A72FF3582
N283,O,8E8DB91C885F1230
N283,O,940A31DA2A6051A9
N283,O,4A38244491180BF7
N283,O,5419928D472EAD8D
N283,O,357B7D41501CDACA
N283,O,DF10BE627F25E7DD
N283,O,D7C7D86E923EEAE1
N283,O,088B858E4B54D8AC
N283,O,05D8591BD5405ED4
N283,O,258EDF9D3C3FD200
N283,O,5CA7841E84D52C8A
N283,O,22138E6C8051FDBD
N283,O,E68FF6CC803A14A2
N283,O,613ED01D077362A9
N283,O,66B8F73D3F4E91C9
N283,O,8EE5AC5D519C140E
N283,O,944A9ADFCA286511
N283,O,808CA5FECCC6646D
N283,O,860026BE357B5462
N283,O,4BFB5F2D496CDA56
N283,O,51FCE282462E418B
N283,O,F8BB84BC801E4C85
N283,O,BC39BFC3C7BC3009
N283,O,2FABE52A66DF7482
N283,O,C1E1199805BCC92D
N283,O,F0852C7827CC97EB
N287,O,F3D86A2A72FF3582
N287,O,8E8DB91C885F1230
N287,O,940A31DA2A6051A9
N287,O,4A38244491180BF7
N287,O,5419928D472EAD8D
N287,O,357B7D41501CDACA
N287,O,DF10BE627F25E7DD
N287,O,D7C7D86E923EEAE1
N287,O,088B858E4B54D8AC
N287,O,05D8591BD5405ED4
N287,O,258EDF9D3C3FD200
N287,O,DE27CD3EB0AF43D8
N287,O,91481C9100917BA7
N287,O,8ECFB7DFFC0023DA
N287,O,33A4BFE372C06BA8
N287,O,B8BBCCA288E1F862
N287,O,1CF4AE2F7045B848
N287,O,11A1533C3B63F3E4
N287,O,1BD5318E1C647F83
N287,O,651489E8C0A626A1
N287,O,6B46C7E695EF21CF
N287,O,F489213E82621D3F
N287,O,31DA09E74ABD87CD
N287,O,B31E6B9D8E5B4493
N287,O,46D02E1C1CD82C9A
N287,O,5E082FCF5C58328C
N287,O,4B5F39DBC6671C81
N287,O,4CC126E0B1E42F14
N287,O,A90443FD0C19C4B1
N287,O,E22B819E638307CC
N290,O,F775411CAE162A5A
N290,O,060A70079F196C7C
N290,O,1F934873940D1F49
N290,O,C9E264A3F9D4CEB3
N290,O,558D298696B57A4D
N290,O,364529AB163D8609
N290,O,9217F5E1950F12BF
N290,O,F1934936E2AB96E4
N290,O,D8828243CCA293B4
N290,O,D198122830A4FDE3
N290,O,99EF4CA10B3E1F17
N290,O,C847B9021C407731
N290,O,9FD865B00B2D54A1
N290,O,64CE8117895E8FAD
N290,O,29740CCBBD82FC33
N290,O,942084E1090F193E
N290,O,A0AB9A2B2D648FF5
N290,O,484F835517494767
N290,O,E308599CF719FE37
N290,O,4A14A012710E80B1
N290,O,25D24692B2A312FB
N290,O,6F106FD26B684372
N290,O,D83C4CC1305E35E9
N290,O,466BC4C1908A1A06
N290,O,2FFC93C766E566B5
N290,O,F5A61D37E2DDA9D8
N290,O,31079A9B244C679B
N290,O,ABC15E2110BF7A49
N290,O,932D83E09BF6ADE6
N290,O,3366C1DC458401B3
N290,O,B64E0F355A9F4223
N290,O,FC42DCBDC3AB0B6F
N290,O,22E2678081E88368
N290,O,7613538D58A9C452
N290,O,336FF66D1F0AC4A0
N290,O,54FCA9F5D8F3587E
N290,O,711927A9FAEF1158
N290,O,F09FF6C6349030C6
N290,O,D13C7436B13B4A4B
N290,O,EC9467FAB4EC7203
N290,O,4E279C21A109E9E3
N290,O,F282012BBB2865E5
N290,O,B550EC84B77440F8
N290,O,20FDDA894D722F88
N290,O,4E7C1C7F6D191BCB
N290,O,815BC43527FD9247
N290,O,B3F2EC8E42FA3184
N290,O,2307DECBF51E9D7F
N290,O,B75CD6E70417E21B
N290,O,471442D7E30D26EB
N290,O,E51AC47DDDA21250
N290,I,E51AC47DDDA21250
N290,I,B3F2EC8E42FA3184
N290,I,07142A6203E50A47
N290,I,E92E009DE3307F85
N290,I,0A1D83D50B49933D
N290,I,38A37564B3F3CACF
N290,I,711927A9FAEF1158
N290,I,C9EA7B56F1197D16
N290,I,A1C5849926BE3289
N290,I,08086E6327451A48
N290,I,1EF9F54185151A2F
N290,I,9D208FE6B2CFD450
N290,I,20FDDA894D722F88
N290,I,6C3F6AF77695CAE9
N290,I,7E035AF141396291
N290,I,D5E1A3D34328F867
N290,I,1FAA805BF1635668
N290,I,3047EC57E5BC5FA6
N290,I,AC7D60B1E5251638
N290,I,45852CCBB75F4A68
N290,I,68799FD9ECBF50B1
N290,I,4A84482F3A54E4CC
N290,I,70A7D4C9EDA6D50A
N290,I,EA2CFF27310EAEC3
N290,I,93084A14AE624C6F
N290,I,D17050E8964504BB
N290,I,04DDF4F7F1C74876
N290,I,BF08F9C08BB54A2B
N290,I,3ABDE54448D1E059
N290,I,2CFCDB6EA2892637
N290,I,616FE33CD20DB62E
N290,I,CEFFBCE5203D152B
N290,I,8571BCC3A3E4006E
N290,I,D9896F1A5B7C97C0
N290,I,58611212645F0AB1
N290,I,29B66F2353388E18
N290,I,58584BC1AC41723C
N290,I,52A8DA8958AFCCA6
N290,I,62A1C8EFAC876BDB
N290,I,65842E04BFE99758
N290,I,29A62A8FE112766B
N290,I,9751EE79B103C9B8
N290,I,246ECB0F3B94855D
N290,I,D17DA49D5EFC6DD4
N290,I,ABA04608DBB7C351
N290,I,40A8EA2850B0979B
N290,I,B943DBEE65B0B18F
N290,I,5AF593F7A11180E2
N290,I,92A8281D80524F78
N290,I,716D84D1B7EA256E
N293,O,5527FF8CC85CF139
N293,O,094EACC936039B3F
N293,O,20FDDA894D722F88
N293,O,69B96A44A754E404
N293,O,76AA75F4BF183FB3
N293,O,AF2DB48410CC6EC3
N293,O,43C8B0C86DE8805D
N293,O,ECD84D5B8C52642B
N293,O,1FAA805BF1635668
N293,O,9D8BB8FABEAF218A
N293,O,9DC52818C41A2A1B
N293,O,C74927024F67EAD5
N293,O,D8CEF4232A0B7E4D
N293,O,5F1FC8AAD0B020D7
N293,O,4A84482F3A54E4CC
N293,O,5D034EAC6A8853A3
N293,O,70A7D4C9EDA6D50A
N293,O,EA2CFF27310EAEC3
N293,O,93084A14AE624C6F
N293,O,A8CE52F4450FE939
N293,O,41E81A921D79F375
N293,O,04B6438688E12AC0
N293,O,6CEE063506576EDB
N293,O,42B4DEF46BB30887
N293,O,5A95921B376A97CB
N293,O,84BACA14B0C50790
N293,O,7FF51CFDFA30964A
N293,O,34DCAF51F6056BB6
N293,O,9E54416DFC0C7B68
N293,O,B4B94159F6B89A6B
N293,O,D1AAD1771F3FA9A0
N293,O,C80FB453C9F53569
N293,O,67727D444E2EC42B
N293,O,A90CDCBFC07EDF86
N293,O,774D2D2447DEA064
N293,O,3DE979ACCBF8988B
N293,O,5CA7841E84D52C8A
N293,O,22138E6C8051FDBD
N293,O,145515B1D2C60CAF
N293,O,8FD9863802F38CDB
N293,I,8FD9863802F38CDB
N293,I,405DE12B9200AD9F
N293,I,3F34A16B40CB1C7F
N293,I,75004E87386729D7
N293,I,A9C847312AE9E37A
N293,I,4884DCF89AD7BA6A
N293,I,6965D1D655C2DD5F
N293,I,BB172B3A5DAC85A4
N293,I,A0EFE3E68568F194
N293,I,A1C65E46464147A0
N293,I,811D4A91C1134CEA
N293,I,75957EA713E84A37
N293,I,F60097D67F33DC0C
N293,I,5B49CF04EAB59906
N293,I,5358062C769CEC05
N293,I,3CE7B5D1EBF9C5F7
N293,I,750ADEB14D018CF7
N293,I,49229D04FCA51B61
N293,I,072046BF00257739
N293,I,3093477EA64DDA89
N293,I,C3201264CC8E5C5D
N293,I,C8830886D41FB5FA
N293,I,D9ABBD996944C4D3
N293,I,D83C4CC1305E35E9
N293,I,1FBAAE29AF1CA50E
N293,I,466BC4C1908A1A06
N293,I,2FFC93C766E566B5
N293,I,F5A61D37E2DDA9D8
N293,I,31079A9B244C679B
N293,I,ABC15E2110BF7A49
N293,I,BC66863007C0592B
N293,I,848CA90EB0DB1146
N293,I,7486D53F341F1AAC
N293,I,FC42DCBDC3AB0B6F
N293,I,22E2678081E88368
N293,I,7613538D58A9C452
N293,I,336FF66D1F0AC4A0
N293,I,D732B7AE560F7326
N293,I,552B7536410F3A51
N293,I,AD4C1C7B2D1DF6FC
N293,I,D32019CB6290C2EF
N293,I,711927A9FAEF1158
N293,I,F09FF6C6349030C6
N293,I,5527FF8CC85CF139
N30,O,F16C067FBC346D71
N30,O,B802C4681F58E3E2
N30,O,F8DED1E04A074504
N30,O,8BE58FAD7E9C94C7
N30,O,1DBADE3376C4149E
N30,O,61130BDD0AFFBA86
N30,O,147195048B687121
N30,O,B6C73B7C3607611B
N30,O,471AB47F0E2C6E89
N30,O,5AD0EDD70D540E29
N30,O,D7F4AE9D52F68682
N30,O,073FDD804B77DE09
N30,O,F60E8E7D4B29135F
N30,O,4DD9CB2D8C7DB1D8
N30,O,F24C06FAF6EE076F
N30,O,775642281FBFE336
N30,O,B85641FDDED22352
N30,O,8C8037479F88F500
N30,O,EF0567DCF0D20204
N30,O,210978D525EEDF4F
N30,O,C4BDAA5047CADCBA
N30,O,249DF4A1B287E14F
N30,O,AF9FE138E3D5D5F0
N30,O,1D44677AEFBA8773
N30,O,18580F35B0A312CF
N30,O,0412B5C2C05B00AD
N30,O,AC0BDA78C106FF7A
N30,O,277DD90A63454F48
N30,O,40AC79F25124280A
N30,O,86F4FDCF2F5D13ED
N30,O,52C7FFE6629F5972
N30,O,7211E63DE150A10E
N30,O,AAC64BCDD5B55A86
N30,O,A99B6BB7F1628A08
N30,O,20AEF0F80E06013D
N30,I,20AEF0F80E06013D
N30,I,86201D4BB45ED201
N30,I,5BD8484E82721AF9
N30,I,F2DFF3A02940D925
N30,I,F00B9766890B9FD5
N30,I,A14D4AF63BFAB364
N30,I,1159654D863462B1
N30,I,3AE0CA0446E027D5
N30,I,A4B015A5BA35DDF9
N30,I,A033D7537C3E1920
N30,I,80818BFC3FE76A5B
N30,I,4566E35B3D2C20B5
N30,I,5055F6D68F0DD49D
N30,I,4D02E857ADDE8AAF
N30,I,2BDF4BB3B2E038A2
N30,I,B876788F86A8D127
N30,I,D9B82EE66AFF2975
N30,I,CEDD8C935E63648C
N30,I,521ACE041201135C
N30,I,DAC9F4035C02B5B2
N30,I,6174C11305616FCA
N30,I,1C49FFB3352144AC
N30,I,5498C13EB8685C46
N30,I,7C8F479D41B69151
N30,I,213CF009551C7C39
N30,I,5AF9ADB51A9F2C51
N30,I,CE9312CA8B00024E
N30,I,0E63473C95554A20
N30,I,ADD19B88AA8E99DC
N30,I,F6282DDA0B14F96A
N30,I,F87A56BD0A2640ED
N30,I,D54B0CA58FE5559D
N30,I,3D566753F149907F
N30,I,F16C067FBC346D71
N307,O,8C1810DE2419A30B
N307,O,56F79FB1FC157E22
N307,O,95B249916F323BD4
N307,O,F1F1C3A91C6EB439
N307,O,09DFD305F09C558E
N307,O,4249ED0CD65130CC
N307,O,3CE4F8574F4F9D72
N307,O,3FD481FB9B9DC36C
N307,O,12E4BAFA2B73435B
N307,O,FFBEBD7068E01EA4
N307,O,DBF0C952CAA654B5
N307,O,B71025EB663E736F
N307,O,BA85309F7551F553
N307,O,F8365ACAC0B85C65
N307,O,3F3DBD185AC10BBE
N307,O,29BF740504C5EEB6
N307,O,284DE8206A13DF9B
N307,O,FD0217E6CBC7AB9F
N307,O,605D6334917DC2E4
N307,O,265B143AC892EE78
N307,O,B65DB5330193E38E
N307,O,A0424645102B1D9C
N307,O,B4BC12D061EC853E
N307,O,6ACA5143BB7C496B
N307,O,DD5CDB226E98FD0B
N307,O,78A74247AE9B466E
N307,O,A95DD63E3A98FF7F
N307,I,CE1BEC7176C47D52
N307,I,BD9D7DAC7CD2F537
N307,I,AD2AE1E443FB8908
N307,I,59073C1C6D8BB1F7
N307,I,A9069A17B1474D76
N307,I,3007D34FB91FB27E
N307,I,1AB934EFE0E1470A
N307,I,E74202351AF7F37D
N307,I,9DA98A5E3914E2E3
N307,I,36904A9AD2C13B32
N307,I,CCBCD7F613287BC8
N307,I,B4372FB3544677BB
N307,I,913E96996F3B7E3A
N307,I,328C9939240A94CA
N307,I,58C47FBFFF12E65F
N307,I,4AEB8A22E18AB111
N307,I,AE4423E551C360BF
N307,I,9DE043DB23CEDAA8
N307,I,991E47DBD416B908
N307,I,9274EF6791CA3ED8
N307,I,CDB292D507E4302D
N307,I,05485C36CA334A81
N307,I,530F970BB56D778D
N307,I,6716018C3EE42733
N307,I,09DFD305F09C558E
N307,I,1A0BF02F827F6A20
N307,I,9FDEEC09AD1B601B
N31,O,4A24B0A3F80D8921
N31,O,354AD31C538E99FE
N31,O,F44091669D88A5D8
N31,O,7298EF382FFDC665
N31,O,A9B8939F8ADD89CA
N31,O,323E8D4372AD0330
N31,O,A2908CBEAA7D4C73
N31,O,60D5F0433813AA06
N31,O,A78ABC54E2286C0D
N31,O,CD6DA881946B9654
N31,O,1C958B99EB171940
N31,O,AB63C9E8465C6002
N31,O,CC57C2DF592993CB
N31,O,91DBF92544F472E6
N31,O,D7AAC19538A45549
N31,O,22A8C801A98F9B7D
N31,O,DBA1D592108DBA72
N31,O,B1790A47B8FFEF37
N31,O,56925C75ED35CF99
N31,O,728473DC37894BC6
N31,O,88D65C5F0985F8D9
N31,O,FAC118A395652466
N31,O,AC0BDA78C106FF7A
N31,O,277DD90A63454F48
N31,O,40AC79F25124280A
N31,O,86F4FDCF2F5D13ED
N31,O,52C7FFE6629F5972
N31,O,7211E63DE150A10E
N31,O,AAC64BCDD5B55A86
N31,O,A99B6BB7F1628A08
N31,O,21466046C6868AA7
N31,I,1C7EDE6D51378E58
N31,I,31418DC3F19236BF
N31,I,5BD8484E82721AF9
N31,I,F2DFF3A02940D925
N31,I,F00B9766890B9FD5
N31,I,A14D4AF63BFAB364
N31,I,1159654D863462B1
N31,I,D04102C22195B7C4
N31,I,F2F74DC6ADD35CFF
N31,I,FF47BD49B38911D4
N31,I,90551F12E553D27E
N31,I,C476747268E1662E
N31,I,CCAFDF7CA7560A45
N31,I,05FE00A97E0CF001
N31,I,24078B675A7FE3B3
N31,I,DBB8E01BBE8C66ED
N31,I,7DF092F3A5418694
N31,I,364754E2273129B7
N31,I,7F8BF075DDF6231A
N31,I,2AA862C9E7E497EE
N31,I,FE6D5955F777E39C
N31,I,D153D63F650C1D36
N31,I,D62C524F32F472E6
N31,I,6A22FBF7825E3E7F
N31,I,6118B186F901485A
N31,I,6246D82DAB57582A
N31,I,9BA601064A2EF221
N31,I,44D919E750DC01BF
N31,I,C8C450D3F688645A
N31,I,6328BFDC78246772
N31,I,155A8CC00899AB1E
N31,I,4A24B0A3F80D8921
N36,O,0653C07D043A0E97
N36,O,CA793BE80FF68AE2
N36,O,CAF9395414DBD090
N36,O,48CD423F78F6FA22
N36,O,B18C8718C0B7904F
N36,O,D1A1DF2BDC842EE5
N36,O,33A7AB58611A0F6D
N36,O,0A1DAEAFFDFF0B66
N36,O,30000427BD163F84
N36,O,DEDD6247441C8C05
N36,O,3B54D43994CAC165
N36,O,D9655458715EBBF8
N36,O,8374DD78C287D9A7
N36,O,D5252DAD51812506
N36,O,09DF70F8DE2426BE
N36,O,7019D5AE9C63EE72
N36,O,0653C07D043A0E97
N368,O,41D1C16D44F410F1
N368,O,C296D9B3313C1F77
N368,O,445B2A02DB891CA9
N368,O,723EF8D7809D3ADB
N368,O,591FA32FB4B53682
N368,O,36DC37F6A54BA5E0
N368,O,F5FA7ED5D5A6860D
N368,O,D05C7D74301D47C5
N368,O,41C9D989B8B874FF
N368,O,3ECEF3B735084236
N368,O,211D93217331B040
N368,O,62E0E61D5250535A
N368,O,032C7D86DF9ED3AC
N368,O,45F49CB8AF1C2452
N368,O,812BADEFE34FF99F
N368,O,CFC063BFE7F6F67B
N368,O,BBFDDE87E6A6DD13
N368,O,D073FFE1CF019F1F
N368,O,569100345CF1E324
N368,O,C3D2F84C0F0FF415
N368,O,47A2AA98F8E20AE2
N368,O,1E10D70B8D3AC179
N368,O,C0667F887514F03F
N368,O,1D8A902219897402
N368,O,28B264A688848238
N368,I,28B264A688848238
N368,I,25D811895B82ABCA
N368,I,5FEC91F62EE33DA1
N368,I,4328371AE3AD16B9
N368,I,46CB01C7F12428A3
N368,I,D5FEF340EE98A7E8
N368,I,3FCC00D1D01ACD28
N368,I,AD1B202B678A3B56
N368,I,C88DEC0AF0D1102B
N368,I,4C333C4D4E80902B
N368,I,F1A22B170518051B
N368,I,3DB9E473F29FCDEE
N368,I,17B98BD1165A7B92
N368,I,42E86F97FAC8F719
N368,I,F948129B464BB963
N368,I,79AFB35F9DBD485A
N368,I,0CC9C5E5DBB3FF89
N368,I,643D73028E9E8490
N368,I,52241C2AEB38627B
N368,I,BFCFEBF6F5C35402
N368,I,F8B3A5C8D0D3CED7
N368,I,3D5F826FD00C0529
N368,I,876CF2E8C375F78B
N368,I,6386333EDAC64C96
N368,I,6A4B371546D489BF
N368,I,AC935792C88AF135
N368,I,43E5D3A445382F82
N368,I,41D1C16D44F410F1
N373,O,E057FE733052DDD7
N373,O,1380D71251D0CBF9
N373,O,B85E71E9AFF5B087
N373,O,D78B86AB419E84B3
N373,O,F81DACC5F39E6D53
N373,O,C3D2BF745570F4A5
N373,O,45924F2D86BEC3B4
N373,O,31005C82D70F6B09
N373,O,F8C20FE9111D486A
N373,O,396DD38F2E41E117
N373,O,98EBAB9468C80DD2
N373,O,6DD6B837EF1FA76C
N373,O,AFD29CB1A4F71AB9
N373,O,65ECD19EFD09FB74
N373,O,0E41E02CD9055626
N373,O,EE81A30BE4BDC8AC
N373,O,F4176942E449DF32
N373,O,39AE60AD7BADCDAA
N373,O,A4837AB15400D744
N373,O,37E653F1DC727EB2
N373,O,CB295B56D3762A1F
N373,O,F8B3E5A11921AD1B
N373,O,C66CDE62B5AEB8DA
N373,O,832EFD8F5165814E
N373,O,F7670D87C1847D31
N373,O,2431FF3100478DEE
N373,O,ED6FCB0422D541F5
N373,O,850F72123F644500
N373,O,3821D64D2BF1BB66
N373,O,66C6FDFC88F56E51
N373,O,7CD8F96A087CDDF2
N373,O,032C7D86DF9ED3AC
N373,O,CB0A7FCB95D381A1
N373,O,B7F8CCEBD9365739
N373,O,C8CCB9570EAF652D
N373,O,31CA1CAC1718F2B4
N373,O,1E10D70B8D3AC179
N373,O,A63B90588F747496
N373,O,C0667F887514F03F
N373,O,DC5AC2E3C1153288
N373,O,28B264A688848238
N373,I,28B264A688848238
N373,I,25D811895B82ABCA
N373,I,1E964671BE4EC7B5
N373,I,4328371AE3AD16B9
N373,I,46CB01C7F12428A3
N373,I,D5FEF340EE98A7E8
N373,I,3FCC00D1D01ACD28
N373,I,AD1B202B678A3B56
N373,I,C88DEC0AF0D1102B
N373,I,B241331CC87A36D4
N373,I,B4F3F0D547580CE2
N373,I,F1A22B170518051B
N373,I,3DB9E473F29FCDEE
N373,I,84C5EBC00642536A
N373,I,42E86F97FAC8F719
N373,I,F948129B464BB963
N373,I,11B2034DDF30617A
N373,I,D5DB45916FCE114A
N373,I,5D94D3084F0C3831
N373,I,89A4D25AC31A8388
N373,I,6465986EF7824816
N373,I,C53A00F15DC2DB20
N373,I,48E5A1EED91712EE
N373,I,8FE9357F36300CD7
N373,I,4253205251F0AB8A
N373,I,E32D979C93E923E4
N373,I,53B170EAFEADDF86
N373,I,42C72FE60B928D1B
N373,I,1C213636264467BB
N373,I,E7B5458F607C3F6A
N373,I,6C5D425EDEE7498A
N373,I,B97CC3668C3AD911
N373,I,EEFA4F8B18DBF2A6
N373,I,14BDB94A8F3ED3EC
N373,I,923E5B79E1B48739
N373,I,C7120BD9A94B4F6A
N373,I,825199DC3BC0C5A3
N373,I,ADB9356BBF06F7C7
N373,I,8E3F5AE0A97053F9
N373,I,FF50570BA54BCA0B
N373,I,4E655B25ABAE103A
N373,I,AD4E0E8DC8ACEFB6
N373,I,D5CD3F80BD65B1A9
N373,I,A67D189D438E1534
N373,I,B986375ED4762DA9
N373,I,A7C1A969F48B62C0
N373,I,D3E18D04B69DF388
N373,I,C4F843F93CDCBE64
N373,I,4235BA400EB10F0E
N373,I,879A98CD29D9433F
N373,I,E057FE733052DDD7
N39,O,0653C07D043A0E97
N39,O,D711AFA9658D51E9
N39,O,3F545756160D7BEA
N39,O,50C0A622B149C308
N39,O,A73739F6D37090EE
N39,O,07814531B88CD829
N39,O,A722DAAC99CE03D4
N39,O,5FD70A34C55CE590
N39,O,B97161BE6BCBD04D
N39,O,FE30EA565CC9ADBE
N39,O,D1CAF0CE0129B0E6
N39,O,CF2B9E9382183398
N39,O,C5C940CF1281B923
N39,O,9429666D064419BE
N39,O,0653C07D043A0E97
N41X,O,430B9D9C6AFF364D
N41X,O,FE2815CBCD21C57C
N41X,O,F2508598F5A43655
N41X,O,3313287185163530
N41X,O,89D32777124F4039
N41X,O,8000ABB2A7252841
N41X,O,EA4A3876639F21B4
N41X,O,1B9CA570385CC6F2
N41X,O,6C34AE386C779E0B
N41X,O,3C9C928E1674AB98
N41X,O,038F62C619BF8650
N41X,O,A8E63F70F386C05A
N41X,O,E173F2DA030C6AAB
N41X,O,6E2A7A2CD29F9216
N41X,O,5CA7841E84D52C8A
N41X,O,22138E6C8051FDBD
N41X,O,3B8B261C1DA409BD
N41X,O,9DA7325E4238402B
N41X,O,195C509959C6A799
N41X,O,6DF1AF2871D4B7D9
N41X,O,196A1E44C305C174
N41X,O,BDE0F1679E1C8ABF
N41X,O,13458794A52910B0
N41X,O,67DFAB691BECE339
N41X,O,6D016EBFA090D535
N41X,O,04D3244DD2B38746
N41X,O,59B81980AC8F7878
N41X,O,4236C502F947A6DF
N41X,O,C78F66DF6FA871B6
N41X,O,8D7CB6C3D48258D6
N41X,O,5D919BA157405E33
N41X,O,A2BE47AFF20CD4F6
N41X,O,CC6B75E6D60B4C57
N41X,O,26AC2D471648CA0C
N42,O,24CD3B0F3389F822
N42,O,56A0F742DE6B1316
N42,O,473AF4463A49DA24
N42,O,362D0188DD0985FF
N42,O,E6707C5E8323DF47
N42,O,844648D1EDB4A4CD
N42,O,3DD89EF20A237A4C
N42,O,5EDA0C1BE5CE95CF
N42,O,424003F7939E9F01
N42,O,519F004772D2724B
N42,O,DCDF76EA791EDED7
N42,O,6E2A182F0DD98D48
N42,O,51E6C8BD0176D660
N42,O,467BDDF7A510D52D
N42,O,1319087BC40F4003
N42,O,B3DB8C238950F895
N42,O,D8C647517E135ACC
N42,O,AB7D6FDA5F1A6624
N42,O,197315C40E767929
N42,O,6ACFA599CC0EA4E0
N42,O,CA89494AD121A8DC
N42,O,FCA7A9D99D36338B
N42,O,2E0FD54FCF000E13
N42,O,4F09976CA4CF80C9
N42,O,F01D5D94B03AA8A2
N42,O,1983BD4319FB2713
N42,O,824531506E710D40
N42,O,DBB6D5D26FF3D909
N42,O,A99B6BB7F1628A08
N42,O,D454783409D8D7FF
N42,O,20AEF0F80E06013D
N42,O,9DCBD34740D95B23
N42,O,31418DC3F19236BF
N42,O,5BD8484E82721AF9
N42,O,F2DFF3A02940D925
N42,O,F00B9766890B9FD5
N42,O,A14D4AF63BFAB364
N42,O,1159654D863462B1
N42,O,2FE0D784BF902920
N42,O,35AE67D58A51004D
N42,I,86FD7EFBB651F5CE
N42,I,40AC79F25124280A
N42,I,A14D4AF63BFAB364
N42,I,86F4FDCF2F5D13ED
N42,I,52C7FFE6629F5972
N42,I,5BD8484E82721AF9
N42,I,18CA599721E67265
N42,I,A99B6BB7F1628A08
N42,I,23F3D6C7BDAD87EB
N42,I,20AEF0F80E06013D
N42,I,9DCBD34740D95B23
N42,I,0879D399E5B5FE0C
N42,I,84864BD3AA42BECE
N42,I,AB52CEC256B299BE
N42,I,156FFE36D7D42EFE
N42,I,65F5585B72A99D7F
N42,I,94BA372E9FDC87C4
N42,I,A6631CAD2E2DE2A6
N42,I,84FC122EC64D8885
N42,I,04EA3349BDD260C8
N42,I,225D34B4D891AFB1
N42,I,AFC8501FD7ACB2BA
N42,I,FD638435B6B3BD83
N42,I,8AE46261E165B416
N42,I,EFB9F85F98113CB0
N42,I,55B5E2A727CAA86D
N42,I,582EA09A77D20CC3
N42,I,04543155BFC77A1B
N42,I,6F03E19C5E800893
N42,I,A930EDA042B0F47A
N42,I,297B262BF8D00544
N42,I,A6424D59E135C4EC
N42,I,040478A068F3E0EB
N42,I,8EB192ED041A8459
N42,I,0E2175C0750054FE
N42,I,118212ABD14E1580
N42,I,EEF73B5695D2AB0F
N42,I,E2602DD1C8EA1AC8
N42,I,361710E40F71E503
N42,I,24CD3B0F3389F822
N42A,O,D44F9DCC71251889
N42A,O,3582449B6BBC72AB
N42A,O,13568DBEFE3503A6
N42A,O,87F9F165B63331A5
N42A,O,540B42AF095A342C
N42A,O,15B81103A046F072
N42A,O,353E3CFF9A54BF67
N42A,O,B763C84D964B44BA
N42A,O,9D388587636920DA
N42A,O,861F3C638550D22F
N42A,O,C714D6DAAC9C9719
N42A,O,D6ACD5E94F9E6DED
N42A,O,3FBF0DB2F9B1524A
N42A,O,D9F731B6F7B5B4EB
N42A,O,638851B5496C1765
N42A,O,9394A27497B9958D
N42A,O,89240EC55B8818BC
N42A,O,B83F3546C41A5114
N42A,O,13E458C819D90940
N42A,O,87F2B57F6457C6CA
N42A,O,EE212E6FD5124813
N42A,O,DBB6D5D26FF3D909
N42A,O,A99B6BB7F1628A08
N42A,O,D454783409D8D7FF
N42A,O,20AEF0F80E06013D
N42A,O,9DCBD34740D95B23
N42A,O,31418DC3F19236BF
N42A,O,5BD8484E82721AF9
N42A,O,F2DFF3A02940D925
N42A,O,F00B9766890B9FD5
N42A,O,A14D4AF63BFAB364
N42A,O,1159654D863462B1
N42A,O,AD0673A137BB972F
N42A,O,E2BB3825832556CA
N42A,I,E2BB3825832556CA
N42A,I,40AC79F25124280A
N42A,I,A14D4AF63BFAB364
N42A,I,86F4FDCF2F5D13ED
N42A,I,52C7FFE6629F5972
N42A,I,5BD8484E82721AF9
N42A,I,18CA599721E67265
N42A,I,A99B6BB7F1628A08
N42A,I,93DD7DA7A8D5BFE7
N42A,I,20AEF0F80E06013D
N42A,I,9DCBD34740D95B23
N42A,I,558ED5EDA9A0C43C
N42A,I,FC1FCC3EF8D5C544
N42A,I,CFFAEEB704CEAD14
N42A,I,1F672A2CDE7D1F93
N42A,I,22A5ED4E037CA0A2
N42A,I,88FF15EF2E1B68A5
N42A,I,B7CF594A1BE65530
N42A,I,7A47A23B960DD4FF
N42A,I,F15B04D268DD5C8F
N42A,I,7CA480A59A2F904E
N42A,I,9B0A34A1BF585BC4
N42A,I,E6D6D7CFDE4D90CF
N42A,I,AFD29CB1A4F71AB9
N42A,I,D7AEA2151D2CD809
N42A,I,071AEC9DBAFB7032
N42A,I,EE81A30BE4BDC8AC
N42A,I,13E97271E64C885B
N42A,I,61F3A30772D0913C
N42A,I,2AC85D87661D5AF6
N42A,I,D1F2F468672FB541
N42A,I,BA2B81A1A81DB398
N42A,I,D44F9DCC71251889
N43,O,520D0D5DB7FAB41C
N43,O,92A8281D80524F78
N43,O,CDEB07C7C0841D5B
N43,O,F9F75324B8F1D7E3
N43,O,FE90421D0B82E691
N43,O,F9F4E00007242BED
N43,O,4E870B220826BEE0
N43,O,5AD2A4D21C226335
N43,O,A454170B2B59B587
N43,O,D6E7412666B1175B
N43,O,21A1859E80CD542A
N43,O,6DF1AF2871D4B7D9
N43,O,5B5107DB7CE969DE
N43,O,333E9F98EEB84849
N43,O,196A1E44C305C174
N43,O,BDE0F1679E1C8ABF
N43,O,13458794A52910B0
N43,O,3F13933D0157CFCF
N43,O,A2BE47AFF20CD4F6
N43,O,CC6B75E6D60B4C57
N43,O,79842A7E2FC0844F
N48,O,8F6FD66CC20690DC
N48,O,CF75BC81CDF3D411
N48,O,F1FAD83F14FE22F6
N48,O,0ABE48106C953AC9
N48,O,9D3BCB233237C32C
N48,O,4E56DD827C1F571A
N48,O,05D5B529DB497B99
N48,O,620E14F31DA31490
N48,O,0A1DAEAFFDFF0B66
N48,O,9FD6AAFA1318E3D9
N48,O,066AA1A504714A20
N48,O,0B4807A5C0DAF24A
N48,O,40A8EA2850B0979B
N48,O,B943DBEE65B0B18F
N48,O,7019D5AE9C63EE72
N48,O,4E224310C4B46C9A
N48,O,3F545756160D7BEA
N48,O,BFA3460955AC820C
N48,O,5FB1FCAF80F3D97D
N48,O,FF4785270078B487
N48,O,90A65F742FE7D728
N48,I,90A65F742FE7D728
N48,I,B8B04CD1E568B8F6
N48,I,939FE9A08B99174C
N48,I,CAEEAD91F339D3DA
N48,I,20E8B4520A802912
N48,I,E368E68412AB685C
N48,I,CA793BE80FF68AE2
N48,I,C9E264A3F9D4CEB3
N48,I,094D2EBC017EE61A
N48,I,8C6EF1266E4EE05B
N48,I,257A6E19DD7F156C
N48,I,28A57C043C111604
N48,I,E00E92F19002ED3E
N48,I,DEDD6247441C8C05
N48,I,81B719F7DC3F0FAD
N48,I,05EE261A65F9B7ED
N48,I,142BE7225B0BB745
N48,I,AFC5E64568DBB2D5
N48,I,ABFB3F43ECB908B2
N48,I,C1E9F8237EDBBAD2
N48,I,4BFB5F2D496CDA56
N48,I,8F6FD66CC20690DC
N619,O,ECCCAB1120D6B6C6
N619,O,A28048B524056C9D
N619,O,484F835517494767
N619,O,6E113B962058A553
N619,O,6765DD696FA8BF8D
N619,O,0CA3C6C38D2F3F75
N619,O,FAF9EF8853A3B65E
N619,O,C9F3531BB5050372
N619,O,9D431DF484149B75
N619,O,5358062C769CEC05
N619,O,3CE7B5D1EBF9C5F7
N619,O,A880D4A7E3310AEB
N619,O,F2127FD781019971
N619,O,114381B039350CBB
N619,O,5AAC6A858427D04E
N619,O,5BDD5F9F4C89D3E1
N619,O,9535298A652873DB
N619,O,745B539CC1A71251
N619,O,DDAA6CA9D68D3BA5
N619,O,DA2677E4FF848D7C
N619,O,65DFA1F84CD5A03B
N619,O,D8DFB3548B250AE5
N619,O,14F0F417E65FCC1F
N619,O,37FC7D1C315B3CAA
N619,O,3CF1CD8C227AB562
N619,O,B998E5EA894F464C
N619,O,A0424645102B1D9C
N619,O,6ACA5143BB7C496B
N619,O,D2F5C3E1405DB8B6
N619,O,DD5CDB226E98FD0B
N619,O,A1B35801D2A554FF
N619,O,A8CD8C1198907526
N619,O,3E2E0FF05B36999C
N619,I,3E2E0FF05B36999C
N619,I,C8811A27E4B64581
N619,I,89ED5D96534CED83
N619,I,5298A15B8CCAEF42
N619,I,A9069A17B1474D76
N619,I,3007D34FB91FB27E
N619,I,255401DABB64289D
N619,I,16CE9E8D17681839
N619,I,A71457854D13E9DE
N619,I,2B9DA1FE14596F2E
N619,I,A07CC0A6D462A579
N619,I,4EE6F43CF8D6217D
N619,I,9541036143D6CCF1
N619,I,1A0BCDF4BDC3E1A9
N619,I,A4EBD881BA65C831
N619,I,05C0C27B083F2C00
N619,I,322A5914FD96DE4B
N619,I,33D2B3AB9D2CCDF3
N619,I,D678B3364437D16B
N619,I,2EF9764BE18FC290
N619,I,5B04604E989BBDF0
N619,I,42B4DEF46BB30887
N619,I,DBEA3F848C7981F2
N619,I,84BACA14B0C50790
N619,I,9C4CA9F8953C0C88
N619,I,921C19F6147C74A6
N619,I,47C3597662B81B47
N619,I,7EF64469471FE344
N619,I,0A03521DFD20FEA9
N619,I,0511A6AC2CBC9A21
N619,I,6E113B962058A553
N619,I,62F953A6FC5652BE
N619,I,ECCCAB1120D6B6C6
N64,O,1C7EDE6D51378E58
N64,O,C05A618A6C13350B
N64,O,7BEEBCE35DFFAB7C
N64,O,9DCBD34740D95B23
N64,O,31418DC3F19236BF
N64,O,F2DFF3A02940D925
N64,O,52C7FFE6629F5972
N64,O,7211E63DE150A10E
N64,O,5BD8484E82721AF9
N64,O,7EF6409F758445C9
N64,O,E2DCF1384581ED07
N64,O,18CA599721E67265
N64,O,57DB1124DEF92894
N64,O,349BAF058554E0A3
N64,O,2253B10FD05B01AB
N64,O,FF47BD49B38911D4
N64,O,FAC118A395652466
N64,O,1A74AE460E7BEA16
N64,O,FA265A8238AD5E8D
N680,O,4D8E5172E1C1EAF5
N680,O,D156C558FF163BE3
N680,O,013F884CBCB1CBE4
N680,O,BA6D9F93E62B8075
N680,O,028E0B68D3166C00
N680,O,1D6A8B8C58C268FF
N680,O,F86BDB236D6ACDC3
N680,O,664BAA2EA12B80B1
N680,O,30553FA19D045D25
N680,O,4A3D71FFAB41B756
N680,O,A78292AA77A277A7
N680,O,578C11F0F4197509
N680,O,A295FD27A4E5A7C5
N680,O,C43782B93826F4CD
N680,O,2223D64E9ED2E1A7
N680,O,FFBEBD7068E01EA4
N680,O,9535298A652873DB
N680,O,B71025EB663E736F
N680,O,BA85309F7551F553
N680,O,F8365ACAC0B85C65
N680,O,3F3DBD185AC10BBE
N680,O,29BF740504C5EEB6
N680,O,284DE8206A13DF9B
N680,O,FD0217E6CBC7AB9F
N680,O,605D6334917DC2E4
N680,O,265B143AC892EE78
N680,O,B65DB5330193E38E
N680,O,A0424645102B1D9C
N680,O,E532860B16A18F3C
N680,O,082B6C57881C35D6
N680,O,B1DE024B06DE2EC7
N680,O,EC2573EE5FF42AAC
N680,O,74EE2ECB1A3773E9
N680,O,C0B3CCF700EDA89C
N680,O,B4962A215D3DFA65
N680,O,7D54A8E5B99740BE
N680,I,7D54A8E5B99740BE
N680,I,A7F67878C66E1A1C
N680,I,2DF5E48438A56E56
N680,I,AD2AE1E443FB8908
N680,I,C0B0B597A9C896F7
N680,I,83D17F49F5F5B5F1
N680,I,B7EE8C907E1E50C0
N680,I,60012869923EEE68
N680,I,1B5E6822783B914B
N680,I,36904A9AD2C13B32
N680,I,CCBCD7F613287BC8
N680,I,B4372FB3544677BB
N680,I,913E96996F3B7E3A
N680,I,328C9939240A94CA
N680,I,58C47FBFFF12E65F
N680,I,4AEB8A22E18AB111
N680,I,AE4423E551C360BF
N680,I,9DE043DB23CEDAA8
N680,I,991E47DBD416B908
N680,I,C57C924EEB5463E5
N680,I,02CF8D1FE31E9A09
N680,I,B8E228521E55C7C5
N680,I,40829C12642639D4
N680,I,16A7F2C343AA6DE6
N680,I,4B0E21EDF07F9C83
N680,I,1CF4AE2F7045B848
N680,I,E27820FF0AF73D52
N680,I,6F5592E4FF8A35E8
N680,I,5E073AD8BC9F2AC8
N680,I,B31E6B9D8E5B4493
N680,I,46D02E1C1CD82C9A
N680,I,0E2175C0750054FE
N680,I,6BD93B827893E41E
N680,I,4D8E5172E1C1EAF5
N691,O,4E279C21A109E9E3
N691,O,4E62491AA640A5EB
N691,O,9D208FE6B2CFD450
N691,O,094EACC936039B3F
N691,O,20FDDA894D722F88
N691,O,69B96A44A754E404
N691,O,76AA75F4BF183FB3
N691,O,AF2DB48410CC6EC3
N691,O,43C8B0C86DE8805D
N691,O,ECD84D5B8C52642B
N691,O,1FAA805BF1635668
N691,O,9D8BB8FABEAF218A
N691,O,24627F9D79F25721
N691,O,45852CCBB75F4A68
N691,O,5F1FC8AAD0B020D7
N691,O,4A84482F3A54E4CC
N691,O,5D034EAC6A8853A3
N691,O,70A7D4C9EDA6D50A
N691,O,EA2CFF27310EAEC3
N691,O,824D0847BAAD9128
N691,O,5BDD5F9F4C89D3E1
N691,O,9535298A652873DB
N691,O,B71025EB663E736F
N691,O,BA85309F7551F553
N691,O,F8365ACAC0B85C65
N691,O,3F3DBD185AC10BBE
N691,O,E611BF0137D10098
N691,O,7B151C4D43177DC3
N691,O,252B53B1149B1601
N691,O,DB1A95553056174A
N691,O,0789B95DAC2A34CE
N691,O,10A4866322CBC823
N691,O,5DB085E54914566C
N691,O,D2F2B3C5436007C2
N691,O,38C9E6D10257D167
N691,O,D29F8DE10E3417AD
N691,O,B0AF4A7858AFE703
N691,O,F0B6112380784741
N691,O,633A3F4B4A5637C2
N691,I,633A3F4B4A5637C2
N691,I,A7F67878C66E1A1C
N691,I,2DF5E48438A56E56
N691,I,AD2AE1E443FB8908
N691,I,C0B0B597A9C896F7
N691,I,83D17F49F5F5B5F1
N691,I,B7EE8C907E1E50C0
N691,I,E74202351AF7F37D
N691,I,9DA98A5E3914E2E3
N691,I,92C62E07455F7C6C
N691,I,1FFFFBAE28F48D03
N691,I,1F3870BB293E9DAF
N691,I,9CFB4355B27AB0B2
N691,I,DF901EF2F9A46F7B
N691,I,328C9939240A94CA
N691,I,58C47FBFFF12E65F
N691,I,4AEB8A22E18AB111
N691,I,AE4423E551C360BF
N691,I,9DE043DB23CEDAA8
N691,I,991E47DBD416B908
N691,I,2EF9764BE18FC290
N691,I,ED8812E232F6958A
N691,I,1FBAAE29AF1CA50E
N691,I,466BC4C1908A1A06
N691,I,2FFC93C766E566B5
N691,I,F5A61D37E2DDA9D8
N691,I,31079A9B244C679B
N691,I,ABC15E2110BF7A49
N691,I,BC66863007C0592B
N691,I,3366C1DC458401B3
N691,I,B64E0F355A9F4223
N691,I,FC42DCBDC3AB0B6F
N691,I,22E2678081E88368
N691,I,7613538D58A9C452
N691,I,336FF66D1F0AC4A0
N691,I,D732B7AE560F7326
N691,I,552B7536410F3A51
N691,I,AD4C1C7B2D1DF6FC
N691,I,D32019CB6290C2EF
N691,I,711927A9FAEF1158
N691,I,D13C7436B13B4A4B
N691,I,EC9467FAB4EC7203
N691,I,4E279C21A109E9E3
N73,O,FED9D9183EFFF2F6
N73,O,9179E2F718D0F436
N73,O,437D60C455A624E6
N73,O,A23337DAF4A8B168
N73,O,CDB292D507E4302D
N73,O,05485C36CA334A81
N73,O,FDDA176977136CD9
N73,O,A3A7B2B94458A263
N73,O,CCC4773031BC0FD8
N73,O,2A86FE3FCDB9760B
N73,O,5FCD0D727920EC65
N73,O,4253205251F0AB8A
N73,O,E32D979C93E923E4
N73,O,53B170EAFEADDF86
N73,O,42C72FE60B928D1B
N73,O,1C213636264467BB
N73,O,E7B5458F607C3F6A
N73,O,6C5D425EDEE7498A
N73,O,B97CC3668C3AD911
N73,O,EEFA4F8B18DBF2A6
N73,O,CA9E9870D7B2FF36
N73,O,FA7A3D77713061E9
N73,O,FA52803E2628A212
N73,O,14BDB94A8F3ED3EC
N73,O,C7120BD9A94B4F6A
N73,O,825199DC3BC0C5A3
N73,O,A8F178C255CF9783
N73,O,ADB9356BBF06F7C7
N73,O,8E3F5AE0A97053F9
N73,O,FF50570BA54BCA0B
N73,O,4E655B25ABAE103A
N73,O,AD4E0E8DC8ACEFB6
N73,O,DF8F6AA868615D47
N73,O,3106E04BB81D74A8
N73,I,3106E04BB81D74A8
N73,I,8717C0140C940AE3
N73,I,31005C82D70F6B09
N73,I,F8C20FE9111D486A
N73,I,396DD38F2E41E117
N73,I,98EBAB9468C80DD2
N73,I,6DD6B837EF1FA76C
N73,I,AFD29CB1A4F71AB9
N73,I,65ECD19EFD09FB74
N73,I,0E41E02CD9055626
N73,I,EE81A30BE4BDC8AC
N73,I,8237ED597A8A948B
N73,I,923E5B79E1B48739
N73,I,4CA5DEBCC576E371
N73,I,F4176942E449DF32
N73,I,39AE60AD7BADCDAA
N73,I,A4837AB15400D744
N73,I,37E653F1DC727EB2
N73,I,CB295B56D3762A1F
N73,I,F8B3E5A11921AD1B
N73,I,C66CDE62B5AEB8DA
N73,I,832EFD8F5165814E
N73,I,F7670D87C1847D31
N73,I,BE5E07865E13374E
N73,I,94236C65C84D8C17
N73,I,4C82D99D0721ADE9
N73,I,8C1810DE2419A30B
N73,I,56F79FB1FC157E22
N73,I,6DE63371E5E799BA
N73,I,5734545592215022
N73,I,062FFE8F1560E8A4
N73,I,9D3BCB233237C32C
N73,I,9E3D2E34F849E298
N73,I,FED9D9183EFFF2F6
N78,O,C799751FDFCE292E
N78,O,F19EA5A24A38C94C
N78,O,FC63E0A36323E494
N78,O,EFEE1D1E1BF3140C
N78,O,EF78DD9F765C6565
N78,O,07EEE519D04FFE28
N78,O,000CFEE2F92DC17B
N78,O,BA995ECF3EFCA99E
N78,O,879A98CD29D9433F
N78,O,6C2DBC45160AA4BF
N78,O,E5F082F4C7300273
N78,O,C6DEF1AF70EC3375
N78,O,886559B17A8D61EC
N78,O,9381998EA6DC33CA
N78,O,18FB32A8BE19CB57
N78,O,753E63DCB2FFD3B2
N78,O,0BB054192087F527
N78,O,EAEA62781C49856C
N78,O,D395E730FC3A3473
N78,O,EA6152DD7165E9DC
N78,O,9B07890D73E13AE4
N78,O,1927F52F4ED872E5
N78,O,F8619A3F780D4072
N78,O,3A3B108F799F3326
N78,O,7F8CEE1F02103A4A
N78,O,74A2E12A2DC55FE0
N78,O,5CEC0EA1BB2D6D11
N78,O,D3EBFAC0D6EE8DD5
N78,O,84891259878A06F5
N78,O,C7C774CD6AE937B1
N78,O,24FEF0BD13752095
N78,O,552DA8FCE732ABF0
N78,O,ADB789C140CFBE00
N78,O,37AEC610CEBCEA48
N78,O,8EA1F6CDA69E539C
N78,O,AC1FD9BDD09D1DD6
N78,I,AC1FD9BDD09D1DD6
N78,I,6E31EAD2D04F8310
N78,I,F8E6D797A84D5328
N78,I,11DB53AE44D5FB17
N78,I,D5FDE0F2F444CE0E
N78,I,40B96472183BDCC5
N78,I,085E45F8000A7EFE
N78,I,D3EE57AA0CC7FF15
N78,I,CFE2F36860FB2F12
N78,I,03E55F77FB01CF5E
N78,I,FA44FBDA21BE2E05
N78,I,0DC81A7980B2F1F7
N78,I,A0CA9CC1118DE65E
N78,I,DBF94AD23D94F6E1
N78,I,C418F6AA9E688BDB
N78,I,54B6C89217D49521
N78,I,B97F79046BC9F6C3
N78,I,13F0ABE0E45457F0
N78,I,236DC08C08327ADB
N78,I,D5918A3A6192208D
N78,I,E173CF981835B7A1
N78,I,C6DEF1AF70EC3375
N78,I,9381998EA6DC33CA
N78,I,886559B17A8D61EC
N78,I,A088D19226D59E98
N78,I,6573811D015A0818
N78,I,E960E8842F9C633D
N78,I,1380D71251D0CBF9
N78,I,EDFAC4F35C0E51C7
N78,I,EF78DD9F765C6565
N78,I,D4A97E2A758EDC64
N78,I,61A59EA108B158F6
N78,I,C799751FDFCE292E
N960,O,274BF3A877FB8E6C
N960,O,ECE3F3BE270C27E2
N960,O,594A765BE3A43C73
N960,O,507D90B4B976DBD6
N960,O,1F6BFDF34BABCE6A
N960,O,19B569A51034271F
N960,O,1AD9C759A42F9003
N960,O,EB64718829DFC071
N960,O,92A8D40E66E76F6B
N960,O,DD56DC2336C878C1
N960,O,8121695666A4D9CE
N960,O,C2787E27F82716BF
N960,O,376C4835851621D4
N960,O,ACB5FEA2BF9FC5AD
N960,O,72F743E4D464E498
N960,O,25D811895B82ABCA
N960,O,709C8604AFB90F27
N960,O,8379C4B1265C27F7
N960,O,C804CCACB2781EEE
N960,O,AD1B202B678A3B56
N960,O,B30799FB3732222B
N960,O,ADC51A7EEEE43D6F
N960,I,ADC51A7EEEE43D6F
N960,I,C3D2F84C0F0FF415
N960,I,47A2AA98F8E20AE2
N960,I,6F9CEABEE36E8682
N960,I,A63B90588F747496
N960,I,83B717529F9794BC
N960,I,1D8A902219897402
N960,I,A81B13297DB1C481
N960,I,13E0A0449C73F4DE
N960,I,AD97EA183A25102C
N960,I,DB516EC0B8DAF046
N960,I,25BC743BF6EB726E
N960,I,BC301D7E7F063331
N960,I,CBE54DB551C24A02
N960,I,629D4E7DD9EF1AC6
N960,I,B3B160F8F8017035
N960,I,6AE148CA74FC4D53
N960,I,C192BEF2264E0CC6
N960,I,542CC0EC83BAEA01
N960,I,840532B7C95DF870
N960,I,315BE0CA231DCD4F
N960,I,274BF3A877FB8E6C
NA30,O,419036314897BEEE
NA30,O,5F319D33896DDC93
NA30,O,7F0BE137AD68837A
NA30,O,82FE339DDE27C953
NA30,O,BEA270261C1E0D73
NA30,O,E86E0FC9A40CBA3A
NA30,O,A80621785DE588DB
NA30,O,F52BC3F26081C9D7
NA30,O,E66F7AC1E7D86A10
NA30,O,27A897D5E2FAC7B9
NA30,O,569C5AADDD0F3A28
NA30,O,22913B501D24F569
NA30,O,073EAEA8EDD7265C
NA30,O,412DEEF534E127AF
NA30,O,AAC64BCDD5B55A86
NA30,O,C552CE565E1F0C85
NA30,O,9A43D6FA1AC3D2EA
NA30,O,0D5759F7A4B185FE
NA30,O,9F9D5E46754C52D4
NA30,I,9F9D5E46754C52D4
NA30,I,D3564BFD1FE1DB08
NA30,I,86201D4BB45ED201
NA30,I,0E987A8094AF742E
NA30,I,2A8231CC433F6B22
NA30,I,C9BF57C6B2F9BB92
NA30,I,3D126591E55E8FA1
NA30,I,73DBA4ECE93BB290
NA30,I,5693912DEE916C4D
NA30,I,7DCD729826DDB645
NA30,I,C0E90AAAA204D927
NA30,I,2658CCFAB79763B6
NA30,I,26EB1A3C1E17889A
NA30,I,32EF27636D4BEAEB
NA30,I,77CEEF0D8191410C
NA30,I,C84CAD6CCD18F87F
NA30,I,478ACE8A8C9A2705
NA30,I,A13C2C1D5D3EE0D7
NA30,I,EF7EC605C6C6859A
NA30,I,C5294C92C5C6E334
NA30,I,2A70ADF9A6812DD6
NA30,I,28A57C043C111604
NA30,I,419036314897BEEE
NA31,O,F6C81A30F7110D53
NA31,O,230B03C34F2022D4
NA31,O,4A24B0A3F80D8921
NA31,O,354AD31C538E99FE
NA31,O,4F936D92E963B126
NA31,O,E6FF7108BC36B5CE
NA31,O,4ED04A0F5F9FF05F
NA31,O,8D0B537D34651EBE
NA31,O,35DB8602F51CF60F
NA31,O,D45717E1168534C5
NA31,O,A2908CBEAA7D4C73
NA31,O,412DEEF534E127AF
NA31,O,AAC64BCDD5B55A86
NA31,O,C552CE565E1F0C85
NA31,O,9A43D6FA1AC3D2EA
NA31,O,0D5759F7A4B185FE
NA31,O,35178229BDA14084
NA31,I,35178229BDA14084
NA31,I,7CB61EFB024D9025
NA31,I,31418DC3F19236BF
NA31,I,6A22FBF7825E3E7F
NA31,I,9BA601064A2EF221
NA31,I,CE80C150FB0C40F9
NA31,I,BDAEF35D10A3ADC7
NA31,I,D01ECABA2E8B3987
NA31,I,E6FF7108BC36B5CE
NA31,I,190BE384606CC1B5
NA31,I,155A8CC00899AB1E
NA31,I,77070BA4D8554234
NA31,I,2DB24989E9EAF9B7
NA31,I,711AE4AC67F88999
NA31,I,86E0CB9AE1AF077A
NA31,I,F6C81A30F7110D53
NA32,O,DC825DF01C49316F
NA32,O,9772AFC24E427660
NA32,O,C21ACD53A97A40BC
NA32,O,AF837BAF1DA794EF
NA32,O,395175EBEEC636B7
NA32,O,59955B3352400BA7
NA32,O,2B34B9412B6349A3
NA32,O,8A6426370F8C0D5F
NA32,O,6B7A1C3F020DF4CF
NA32,O,5E2F6CD643BD71A1
NA32,O,C4BFD3A76F6CDCED
NA32,O,A1456D9E78A4CBE9
NA32,O,CA484EE3E2B7C053
NA32,O,3D42EBD6AC55A845
NA32,O,4D6B528AC01DB68C
NA32,O,51BA040BCD88D8B7
NA32,O,B726654FC497E9C5
NA32,O,48098952EF90D27D
NA32,O,A78ABC54E2286C0D
NA32,O,412DEEF534E127AF
NA32,O,AAC64BCDD5B55A86
NA32,O,C552CE565E1F0C85
NA32,O,9A43D6FA1AC3D2EA
NA32,O,0D5759F7A4B185FE
NA32,O,9F9D5E46754C52D4
NA32,I,9F9D5E46754C52D4
NA32,I,D3564BFD1FE1DB08
NA32,I,31418DC3F19236BF
NA32,I,0E987A8094AF742E
NA32,I,6118B186F901485A
NA32,I,2DC2EF0A12E23C1F
NA32,I,AA4830D4C9864F6B
NA32,I,45FCFADAC74DCFFE
NA32,I,D693BB486419666B
NA32,I,330FCB2E8E28D4CF
NA32,I,4206E3523A2C11D5
NA32,I,B0D304F9542AE3BF
NA32,I,C4BFD3A76F6CDCED
NA32,I,143D7489C808BD46
NA32,I,CFB33B4D4B0EA4BA
NA32,I,C763E328B97F0D03
NA32,I,F0AE2D3C2589FC4F
NA32,I,B9DFF2C142DCE309
NA32,I,56E8E92250BBEE74
NA32,I,DC825DF01C49316F
NA33,O,5FE1FD252713A49B
NA33,O,86218AD69549D7B2
NA33,O,09C223E13435C61D
NA33,O,4B5144408E60BF11
NA33,O,B651E2A39CD4CC05
NA33,O,F734736F35F459DC
NA33,O,23B913EACE0581E4
NA33,O,C6D5DEF91CB7B581
NA33,O,4566E35B3D2C20B5
NA33,O,5055F6D68F0DD49D
NA33,O,4D02E857ADDE8AAF
NA33,O,818F12340BA8CA4B
NA33,O,D74B67D55C63895F
NA33,O,7F4EB0203DF27B35
NA33,O,9E1FC92F86D2F4E3
NA33,O,AA239AD010294414
NA33,O,284790CC047436BE
NA33,O,A80A0719C2068B68
NA33,O,8667AD096EEED0A8
NA33,O,BA72A994EEF9FABE
NA33,O,F8FE29B1FAF8BA77
NA33,O,B26245505565A1E0
NA33,O,88F986C270B16408
NA33,O,90CFA838B3C95AE0
NA33,O,3C6FA714F5D6EE83
NA33,O,2D1C73EF002336DC
NA33,O,66C1F17901E91CD9
NA33,O,5B54D6F8B590E039
NA33,O,CDE9BBBDE0226995
NA33,O,CBCE32D56C5263A9
NA33,I,CBCE32D56C5263A9
NA33,I,5D7715C4BFFC9979
NA33,I,2BEAF37792BFDCCA
NA33,I,E01BD8E1BEC29EA6
NA33,I,229128E5EA86F3A2
NA33,I,776535DC784DD106
NA33,I,C054428621712B5C
NA33,I,FA36E29F8BCC544C
NA33,I,448D42252303EC00
NA33,I,712504F8E762020C
NA33,I,F307FDA96A1DF9A2
NA33,I,8E76875D12C239A3
NA33,I,ADE15F24D2EE0B20
NA33,I,9E10C87488BC7493
NA33,I,951EB88600BAF893
NA33,I,F4C9995BB455AB46
NA33,I,E43D49B42EAF898B
NA33,I,D74B67D55C63895F
NA33,I,249DF4A1B287E14F
NA33,I,AF9FE138E3D5D5F0
NA33,I,1D44677AEFBA8773
NA33,I,18580F35B0A312CF
NA33,I,40ADE0A2BB16271A
NA33,I,333A88A8E07C956B
NA33,I,B2442AC56532517B
NA33,I,78644FF7E8B7BBA0
NA33,I,0221966C1116C4EC
NA33,I,C70342BF7C6A4732
NA33,I,0D5759F7A4B185FE
NA33,I,C552CE565E1F0C85
NA33,I,9A43D6FA1AC3D2EA
NA33,I,AAC64BCDD5B55A86
NA36,O,5FE1FD252713A49B
NA36,O,B8BAF95E90D6E16E
NA36,O,883451BFA586E00E
NA36,O,80818BFC3FE76A5B
NA36,O,2BDF4BB3B2E038A2
NA36,O,B876788F86A8D127
NA36,O,D9B82EE66AFF2975
NA36,O,ADD19B88AA8E99DC
NA36,O,00115688D89603F9
NA36,O,F87A56BD0A2640ED
NA36,O,D54B0CA58FE5559D
NA36,O,3D566753F149907F
NA36,O,9FB710B737A32C3A
NA36,O,591FA32FB4B53682
NA36,O,C59B16415222709D
NA36,O,88B9BE4ED93A3292
NA36,O,7469F3B24F889F1B
NA36,O,8DBA8FDF35CE7CC0
NA36,O,A4F1BEF1EEAD0910
NA36,O,A7156FD2BD44D128
NA36,I,A7156FD2BD44D128
NA36,I,C9C4CEEC13D20879
NA36,I,9DD0D04123E70E56
NA36,I,2CF4CFA22192E30A
NA36,I,45B57C063BB57D07
NA36,I,69CFE96E38AD1D50
NA36,I,2E73B26A07205432
NA36,I,7B93AB79165E79E6
NA36,I,B802C4681F58E3E2
NA36,I,F8DED1E04A074504
NA36,I,8BE58FAD7E9C94C7
NA36,I,1DBADE3376C4149E
NA36,I,61130BDD0AFFBA86
NA36,I,147195048B687121
NA36,I,210978D525EEDF4F
NA36,I,D424B5C4A9386481
NA36,I,98197302E98C548E
NA36,I,C70342BF7C6A4732
NA36,I,0D5759F7A4B185FE
NA36,I,C552CE565E1F0C85
NA36,I,9A43D6FA1AC3D2EA
NA36,I,AAC64BCDD5B55A86
NA37,O,8370DDFF896AC3E0
NA37,O,471AB47F0E2C6E89
NA37,O,5AD0EDD70D540E29
NA37,O,D7F4AE9D52F68682
NA37,O,147EF2F26EFE2BEF
NA37,O,0C080F70E16F02B7
NA37,O,73755A16EA9076FF
NA37,O,F60E8E7D4B29135F
NA37,O,4DD9CB2D8C7DB1D8
NA37,O,F24C06FAF6EE076F
NA37,O,775642281FBFE336
NA37,O,B85641FDDED22352
NA37,O,8C8037479F88F500
NA37,O,EF0567DCF0D20204
NA37,O,241BD0C151A1B393
NA37,O,0C6879C89662708A
NA37,O,5FCE752FBBAB3B14
NA37,O,3E20F9BD4AB8067F
NA37,O,9D65EA81218F7784
NA37,O,DC7AC2F4CE4F5059
NA37,O,C1528848376F5B95
NA37,O,0CC3913BEF225E76
NA37,O,97A265C9E6F9AA61
NA37,O,29395B362BEDBA1E
NA37,O,210978D525EEDF4F
NA37,O,98197302E98C548E
NA37,O,C70342BF7C6A4732
NA37,O,0D5759F7A4B185FE
NA37,O,C552CE565E1F0C85
NA37,O,9A43D6FA1AC3D2EA
NA37,O,AAC64BCDD5B55A86
NA37,I,5FE1FD252713A49B
NA37,I,93A608CBFD9D5128
NA37,I,3250A722B6084CC8
NA37,I,5CDF70DDB539B39B
NA37,I,2BDF4BB3B2E038A2
NA37,I,D9B82EE66AFF2975
NA37,I,8A97896E33AED30C
NA37,I,54045C861286559E
NA37,I,8935A262593E620A
NA37,I,E701147EA74E97F2
NA37,I,CD077FC371E93248
NA37,I,4CEB8ACF469C6AD5
NA37,I,0C6879C89662708A
NA37,I,023F856BE4F830F2
NA37,I,CEDD8C935E63648C
NA37,I,521ACE041201135C
NA37,I,DAC9F4035C02B5B2
NA37,I,6174C11305616FCA
NA37,I,1C49FFB3352144AC
NA37,I,5498C13EB8685C46
NA37,I,7C8F479D41B69151
NA37,I,3B5F1B8C69EAE397
NA37,I,90A0828B57A59906
NA37,I,A6C169DA579FC45B
NA37,I,5AF9ADB51A9F2C51
NA37,I,CE9312CA8B00024E
NA37,I,2C8B075910172B5A
NA37,I,AA92A3F2775F4F69
NA40,O,BA72214DFE48AA86
NA40,O,6E42FB38EBBE1C42
NA40,O,118212ABD14E1580
NA40,O,EEF73B5695D2AB0F
NA40,O,0AA7219BB2418438
NA40,O,844648D1EDB4A4CD
NA40,O,3DD89EF20A237A4C
NA40,O,24CD3B0F3389F822
NA40,O,5EDA0C1BE5CE95CF
NA40,O,424003F7939E9F01
NA40,O,E900EC472C60D5D8
NA40,O,4EFF1135BD93EE9E
NA40,O,F88D7720B4F389B0
NA40,O,FA141FB0FF048F32
NA40,O,FBE33E1EA7BA6051
NA40,O,DCDF76EA791EDED7
NA40,O,6E2A182F0DD98D48
NA40,O,51E6C8BD0176D660
NA40,O,E757600B79B0B2AC
NA40,O,5E70E7D7AB0F41DE
NA40,O,1179478DCE94A5C6
NA40,O,197315C40E767929
NA40,O,225D34B4D891AFB1
NA40,O,412DEEF534E127AF
NA40,O,AAC64BCDD5B55A86
NA40,O,C552CE565E1F0C85
NA40,O,9A43D6FA1AC3D2EA
NA40,O,0D5759F7A4B185FE
NA40,O,A7378EEEBFA0C76C
NA40,I,A7378EEEBFA0C76C
NA40,I,D23DB06513E5F202
NA40,I,31418DC3F19236BF
NA40,I,0879D399E5B5FE0C
NA40,I,04EA3349BDD260C8
NA40,I,452DC333DCAD8464
NA40,I,95974C5D780AB509
NA40,I,727AA8B21AB74300
NA40,I,582EA09A77D20CC3
NA40,I,04543155BFC77A1B
NA40,I,6F03E19C5E800893
NA40,I,7FDBE1ABD7231657
NA40,I,B86B05AB0F82C94E
NA40,I,1BD5318E1C647F83
NA40,I,CE813C1E1A72C7B0
NA40,I,E900EC472C60D5D8
NA40,I,297B262BF8D00544
NA40,I,A6424D59E135C4EC
NA40,I,24CD3B0F3389F822
NA40,I,040478A068F3E0EB
NA40,I,8EB192ED041A8459
NA40,I,1E04D9D97DE148C2
NA40,I,507E8F5167002BC5
NA40,I,362D0188DD0985FF
NA40,I,A90443FD0C19C4B1
NA40,I,BA72214DFE48AA86
NA41,O,E5ABAACCE16F8E18
NA41,O,040A65221E2C3BF5
NA41,O,9DB1F8ED716CD77E
NA41,O,51B9CE80774449E9
NA41,O,16E1175180DCF777
NA41,O,5DA6860E45D1384C
NA41,O,459C4588BE4A2105
NA41,O,9F527C21FE33EF58
NA41,O,EFB9F85F98113CB0
NA41,O,55B5E2A727CAA86D
NA41,O,E757600B79B0B2AC
NA41,O,4039C75BB85BF238
NA41,O,FCCAC3FC3C8A66E2
NA41,O,FA655954F0EFD491
NA41,O,E00F663184A45549
NA41,O,F2DB3CC396A8FB3D
NA41,O,FCA7A9D99D36338B
NA41,O,2E0FD54FCF000E13
NA41,O,4F09976CA4CF80C9
NA41,O,FC48D23E87345ABF
NA41,O,829C1171F750F675
NA41,O,6134166F9BD67294
NA41,O,FB8BC2A525782A89
NA41,O,F000F70B07474BD2
NA41,O,F01D5D94B03AA8A2
NA41,O,1983BD4319FB2713
NA41,O,B22D53E1FE805F7A
NA41,O,4ECC890698B17056
NA41,O,824531506E710D40
NA41,O,412DEEF534E127AF
NA41,O,AAC64BCDD5B55A86
NA41,O,C552CE565E1F0C85
NA41,O,9A43D6FA1AC3D2EA
NA41,O,0D5759F7A4B185FE
NA41,O,38A38CABCA7969CF
NA41,I,38A38CABCA7969CF
NA41,I,5E1FA939586B3FD1
NA41,I,31418DC3F19236BF
NA41,I,0879D399E5B5FE0C
NA41,I,B22D53E1FE805F7A
NA41,I,4ECC890698B17056
NA41,I,AB52CEC256B299BE
NA41,I,FC48D23E87345ABF
NA41,I,829C1171F750F675
NA41,I,6134166F9BD67294
NA41,I,FB8BC2A525782A89
NA41,I,F000F70B07474BD2
NA41,I,156FFE36D7D42EFE
NA41,I,65F5585B72A99D7F
NA41,I,94BA372E9FDC87C4
NA41,I,8A7BE4178A2816EE
NA41,I,46B6680C20574DF3
NA41,I,5F80607D7F73A18B
NA41,I,179D40F1BB78ACDC
NA41,I,467BDDF7A510D52D
NA41,I,1319087BC40F4003
NA41,I,A76720B899F88D03
NA41,I,73F1F8AA0F9077D2
NA41,I,F49465D014D12FF8
NA41,I,9810513BAAA31230
NA41,I,1B7F0748C4D6458E
NA41,I,3A28F5D362EB2111
NA41,I,9DB1F8ED716CD77E
NA41,I,75D57F5A5891A1C2
NA41,I,E5ABAACCE16F8E18
NA43,O,D44F9DCC71251889
NA43,O,3582449B6BBC72AB
NA43,O,13568DBEFE3503A6
NA43,O,87F9F165B63331A5
NA43,O,540B42AF095A342C
NA43,O,15B81103A046F072
NA43,O,353E3CFF9A54BF67
NA43,O,B763C84D964B44BA
NA43,O,9D388587636920DA
NA43,O,861F3C638550D22F
NA43,O,1E74023B27721B91
NA43,O,C714D6DAAC9C9719
NA43,O,D6ACD5E94F9E6DED
NA43,O,3FBF0DB2F9B1524A
NA43,O,D9F731B6F7B5B4EB
NA43,O,2DE55F5F52F8A3AF
NA43,O,D926EC9FC8BCE6BD
NA43,O,564C0ECAAC09C371
NA43,O,412DEEF534E127AF
NA43,O,AAC64BCDD5B55A86
NA43,O,C552CE565E1F0C85
NA43,O,9A43D6FA1AC3D2EA
NA43,O,0D5759F7A4B185FE
NA43,O,192BF77E794E87E1
NA43,I,192BF77E794E87E1
NA43,I,93DD7DA7A8D5BFE7
NA43,I,31418DC3F19236BF
NA43,I,558ED5EDA9A0C43C
NA43,I,7D72DDC29E02C14D
NA43,I,103661C9BABD79FD
NA43,I,F15B04D268DD5C8F
NA43,I,7CA480A59A2F904E
NA43,I,B45CD55709BC851E
NA43,I,9B0A34A1BF585BC4
NA43,I,E6D6D7CFDE4D90CF
NA43,I,EBA831318619FA07
NA43,I,AFD29CB1A4F71AB9
NA43,I,D7AEA2151D2CD809
NA43,I,071AEC9DBAFB7032
NA43,I,EE81A30BE4BDC8AC
NA43,I,13E97271E64C885B
NA43,I,61F3A30772D0913C
NA43,I,2AC85D87661D5AF6
NA43,I,D1F2F468672FB541
NA43,I,BA2B81A1A81DB398
NA43,I,D44F9DCC71251889
NA47,O,5B5C877D02DF4C31
NA47,O,442F0B8C94311306
NA47,O,7A47A23B960DD4FF
NA47,O,638851B5496C1765
NA47,O,8BF41341E058D6A6
NA47,O,17B30F17DCD149D3
NA47,O,DAB252A4BC687441
NA47,O,67CE6F9B4ACB8421
NA47,O,89240EC55B8818BC
NA47,O,259B42E9BB57199D
NA47,O,E39225003155E094
NA47,O,919C2FE90FDCAD6A
NA47,O,EE212E6FD5124813
NA47,O,3945D5C71A298168
NA47,O,B4E25ABB1C5DE439
NA47,O,4A0ECA0D5AA4CB7E
NA47,O,437CE05BCFE6248C
NA47,O,A3D85C5591D7F0CA
NA47,O,241AA85186E2C93E
NA47,O,2412E319B88EBF96
NA47,O,907CF3142C0E02BB
NA47,O,A5FDDA13C2C7A953
NA47,O,412DEEF534E127AF
NA47,O,AAC64BCDD5B55A86
NA47,O,C552CE565E1F0C85
NA47,O,9A43D6FA1AC3D2EA
NA47,O,0D5759F7A4B185FE
NA47,O,09836E367F4BA3E2
NA47,I,09836E367F4BA3E2
NA47,I,6B689FA123E9E1A6
NA47,I,31418DC3F19236BF
NA47,I,558ED5EDA9A0C43C
NA47,I,9F5D9D454274AF91
NA47,I,47B5143937DB578C
NA47,I,17BDB3D563DF2BA6
NA47,I,E1128E909284D1D7
NA47,I,098439701CF42A44
NA47,I,42E95A3F058750C1
NA47,I,1B1D9A9077A0827F
NA47,I,08BEE6A022FBBE53
NA47,I,FC1FCC3EF8D5C544
NA47,I,9ACF8C3736E6ABA4
NA47,I,EB3F22350E8A93A7
NA47,I,9063A69A1F2B1410
NA47,I,88FF15EF2E1B68A5
NA47,I,437924EA663F3DF6
NA47,I,0962265A8720C38C
NA47,I,4C1CD2009B21E9A1
NA47,I,F9AB54847EF884BB
NA47,I,5B5C877D02DF4C31
NA52,O,5FE1FD252713A49B
NA52,O,0713774B2DB5E4D3
NA52,O,96CE5BB6CD5794BC
NA52,O,0EE7033EEE2C4C8C
NA52,O,B651E2A39CD4CC05
NA52,O,F734736F35F459DC
NA52,O,5C0A536D9D2B20B2
NA52,O,F335FAC974011CB6
NA52,O,4242AE6B4D680E23
NA52,O,49713551E95C1DA1
NA52,O,4B6D9BB197225DBE
NA52,O,A7630804FE109410
NA52,O,51418258FECF7F92
NA52,O,F888B8E179391815
NA52,O,46D78D8886A71B3B
NA52,O,630AA1866C5372B6
NA52,O,67A9E4B2A537BADD
NA52,O,6B8C8DB5F899C252
NA52,O,148B578A549941DD
NA52,O,A9D85812EAEE6C17
NA52,O,CDE436F19F193080
NA52,O,9AB6298C1F646FEC
NA52,O,24C7A1E6AC4B94F3
NA52,O,22E22257A0FA43D3
NA52,O,FF1A9F1AB2365840
NA52,O,F49967C20E98FCAD
NA52,O,1BE6E262F7DDBD53
NA52,O,3F68D834013E6E08
NA52,O,B715BB8D43DADED0
NA52,O,87030C9E5FB7A82C
NA52,O,A6F19DBFBFDFDA9E
NA52,O,A36A295F3F93F9EB
NA52,O,7613170BFA03BDE1
NA52,O,64FC3B939BC09903
NA52,I,64FC3B939BC09903
NA52,I,257FC0FE0C3407BD
NA52,I,1795DD6257DCDF2D
NA52,I,7D294B212DE45BAB
NA52,I,76D5D1574C19E1CF
NA52,I,CE16398D20C49547
NA52,I,04A1C2CF16402056
NA52,I,889783C98226115D
NA52,I,F49967C20E98FCAD
NA52,I,D6B980F49564F59F
NA52,I,1BE6E262F7DDBD53
NA52,I,ED6339F84274F2FD
NA52,I,59899C91FD8A9C2F
NA52,I,9585FB90C56F451F
NA52,I,63EBEAE45A92342A
NA52,I,B307B119B43E1898
NA52,I,123AAC5B4BD9CD9B
NA52,I,8474FF2FADBE1F8D
NA52,I,101F5C624494D3F8
NA52,I,4D00EFD59AF12315
NA52,I,CD5DC8318C78D8E5
NA52,I,B481881866A59462
NA52,I,D0236013EDCA9EB1
NA52,I,6B1E8CDB2F6258EF
NA52,I,5C1FB04FF191337B
NA52,I,0021EF45E20547CA
NA52,I,956302DA435ADE07
NA52,I,5670D4C081B08DC6
NA52,I,78644FF7E8B7BBA0
NA52,I,0221966C1116C4EC
NA52,I,C70342BF7C6A4732
NA52,I,0D5759F7A4B185FE
NA52,I,C552CE565E1F0C85
NA52,I,9A43D6FA1AC3D2EA
NA52,I,AAC64BCDD5B55A86
P960,O,6F413C2DEF4747DC
P960,O,E16D49ECA536ECC6
P960,O,F224A907BD68406A
P960,O,ECE3F3BE270C27E2
P960,O,594A765BE3A43C73
P960,O,507D90B4B976DBD6
P960,O,1F6BFDF34BABCE6A
P960,O,1AD9C759A42F9003
P960,O,EB64718829DFC071
P960,O,DD56DC2336C878C1
P960,O,C2787E27F82716BF
P960,O,CA6AB8446B694566
P960,O,72F743E4D464E498
P960,O,25D811895B82ABCA
P960,O,709C8604AFB90F27
P960,O,8379C4B1265C27F7
P960,O,B4EBE05A59376062
P960,O,3E63535258CAA9BB
P960,O,2809891AD217DE74
P960,O,ADC51A7EEEE43D6F
P960,I,ADC51A7EEEE43D6F
P960,I,40EB4D0324246F6B
P960,I,88F517E7C0852793
P960,I,D5A6AEBAF245B472
P960,I,55371F963B58DC5B
P960,I,83B717529F9794BC
P960,I,A81B13297DB1C481
P960,I,AD97EA183A25102C
P960,I,DB516EC0B8DAF046
P960,I,25BC743BF6EB726E
P960,I,BC301D7E7F063331
P960,I,CBE54DB551C24A02
P960,I,B3B160F8F8017035
P960,I,6AE148CA74FC4D53
P960,I,542CC0EC83BAEA01
P960,I,840532B7C95DF870
P960,I,315BE0CA231DCD4F
P960,I,EDF4C2EAFDBD4693
P960,I,580D52F4D93CAD9B
P960,I,6F413C2DEF4747DC
P968,O,41D1C16D44F410F1
P968,O,C296D9B3313C1F77
P968,O,AD4CB5E1CAAF8063
P968,O,723EF8D7809D3ADB
P968,O,591FA32FB4B53682
P968,O,3ECEF3B735084236
P968,O,211D93217331B040
P968,O,466111DE1A3E4656
P968,O,25D811895B82ABCA
P968,O,709C8604AFB90F27
P968,O,8379C4B1265C27F7
P968,O,B4EBE05A59376062
P968,O,3E63535258CAA9BB
P968,O,8A47BF4B22410DC2
P968,O,186754E04899194F
P968,O,FB45B8223CB9312F
P968,O,F05E718C02104BAC
P968,O,B02B0B9F73E50D93
P968,O,C296D9B3313C1F77
P968,O,AD4CB5E1CAAF8063
P968,O,723EF8D7809D3ADB
P968,O,591FA32FB4B53682
P968,O,3ECEF3B735084236
P968,O,211D93217331B040
P968,O,466111DE1A3E4656
P968,O,25D811895B82ABCA
P968,O,709C8604AFB90F27
P968,O,8379C4B1265C27F7
P968,O,B4EBE05A59376062
P968,O,3E63535258CAA9BB
P968,O,8A47BF4B22410DC2
P968,O,186754E04899194F
P968,I,186754E04899194F
P968,I,CFC063BFE7F6F67B
P968,I,BBFDDE87E6A6DD13
P968,I,D073FFE1CF019F1F
P968,I,CC1A19B90FFC1703
P968,I,1E10D70B8D3AC179
P968,I,C0667F887514F03F
P968,I,1D8A902219897402
P968,I,AD97EA183A25102C
P968,I,643D73028E9E8490
P968,I,52241C2AEB38627B
P968,I,21DA1E33BF580B96
P968,I,AC935792C88AF135
P968,I,41D1C16D44F410F1
PB1,O,8B9E121BB71771F4
PB1,O,AE77FAE78AB50667
PB1,O,8C90768E30E981C6
PB1,O,B1882202E2B36620
PB1,O,2B011CC82C51D518
PB1,O,01775517BE76284E
PB1,O,F02A1646BD4FC0E2
PB1,O,8B9E121BB71771F4
PB1,O,8C90768E30E981C6
PB1,O,B1882202E2B36620
PB1,O,2B011CC82C51D518
PB1,O,F02A1646BD4FC0E2
PB1,I,F02A1646BD4FC0E2
PB1,I,01775517BE76284E
PB1,I,2B011CC82C51D518
PB1,I,B1882202E2B36620
PB1,I,8C90768E30E981C6
PB1,I,AE77FAE78AB50667
PB1,I,8B9E121BB71771F4
PB1,I,F02A1646BD4FC0E2
PB1,I,2B011CC82C51D518
PB1,I,B1882202E2B36620
PB1,I,8C90768E30E981C6
PB1,I,8B9E121BB71771F4
PB2,O,8B9E121BB71771F4
PB2,O,064B06C60E5EE126
PB2,O,06CC6423AA236B72
PB2,O,9252A494500A05C9
PB2,O,029C4172D953DAF5
PB2,O,F050648C108571ED
PB2,O,8B9E121BB71771F4
PB2,O,064B06C60E5EE126
PB2,O,06CC6423AA236B72
PB2,O,9252A494500A05C9
PB2,O,029C4172D953DAF5
PB2,I,F050648C108571ED
PB2,I,029C4172D953DAF5
PB2,I,9252A494500A05C9
PB2,I,06CC6423AA236B72
PB2,I,064B06C60E5EE126
PB2,I,8B9E121BB71771F4
PB2,I,029C4172D953DAF5
PB2,I,9252A494500A05C9
PB2,I,06CC6423AA236B72
PB2,I,064B06C60E5EE126
PB2,I,8B9E121BB71771F4
PB3,O,F050648C108571ED
PB3,O,A96AF6278C46DB54
PB3,O,E33098F43CF205B8
PB3,O,232DC1B2BE92C86F
PB3,O,90C2A33012A6F44E
PB3,O,9397AF37FDBD2908
PB3,O,788EE9A16DCF784E
PB3,O,F050648C108571ED
PB3,O,A96AF6278C46DB54
PB3,O,E33098F43CF205B8
PB3,O,232DC1B2BE92C86F
PB3,O,90C2A33012A6F44E
PB3,O,9397AF37FDBD2908
PB3,O,788EE9A16DCF784E
PB3,I,788EE9A16DCF784E
PB3,I,910D55DA18BCCE2E
PB3,I,90C2A33012A6F44E
PB3,I,E33098F43CF205B8
PB3,I,232DC1B2BE92C86F
PB3,I,D3BE07119A817573
PB3,I,F050648C108571ED
PB3,I,788EE9A16DCF784E
PB3,I,910D55DA18BCCE2E
PB3,I,90C2A33012A6F44E
PB3,I,E33098F43CF205B8
PB3,I,232DC1B2BE92C86F
PB3,I,D3BE07119A817573
PB3,I,F050648C108571ED
PB4,O,F050648C108571ED
PB4,O,321060BAE1447BEE
PB4,O,825B78271286D8DE
PB4,O,F9D89A6B45DFD0A0
PB4,O,0678C85600B1A019
PB4,O,F493236404A4FABF
PB4,O,F050648C108571ED
PB4,O,321060BAE1447BEE
PB4,O,0678C85600B1A019
PB4,O,F493236404A4FABF
PB4,I,F493236404A4FABF
PB4,I,0678C85600B1A019
PB4,I,C6F1D1D8DF180508
PB4,I,654D32C3AC9FAEF7
PB4,I,321060BAE1447BEE
PB4,I,F050648C108571ED
PB4,I,F493236404A4FABF
PB4,I,0678C85600B1A019
PB4,I,321060BAE1447BEE
PB4,I,F050648C108571ED
PB5,O,F050648C108571ED
PB5,O,045FB4EAE4FE52D6
PB5,O,A31DD8C4FD6740D4
PB5,O,9774D8AAAD859409
PB5,O,B26B63709D8A7DFA
PB5,O,E4415E645A9914EF
PB5,O,F050648C108571ED
PB5,O,045FB4EAE4FE52D6
PB5,O,A31DD8C4FD6740D4
PB5,O,9774D8AAAD859409
PB5,O,B26B63709D8A7DFA
PB5,O,E4415E645A9914EF
PB5,I,E4415E645A9914EF
PB5,I,98C945957285E149
PB5,I,9774D8AAAD859409
PB5,I,A31DD8C4FD6740D4
PB5,I,045FB4EAE4FE52D6
PB5,I,F050648C108571ED
PB5,I,E4415E645A9914EF
PB5,I,98C945957285E149
PB5,I,9774D8AAAD859409
PB5,I,A31DD8C4FD6740D4
PB5,I,045FB4EAE4FE52D6
PB5,I,F050648C108571ED
R108,O,0718DE53C1C84496
R108,O,AC4EEE801BB9133C
R108,O,5CD6A0A0CE6B53B6
R108,O,32A2D05A195364DC
R108,O,C1C31D615DAA97F4
R108,O,A4601C77EB896E30
R108,O,E207DBF95EA7DE26
R108,O,C71093B5185DF735
R108,O,C80FB453C9F53569
R108,O,8BB1DE68DB8316D3
R108,O,AE4D7869B643DAA2
R108,O,AE2A53D953B640BE
R108,O,E798CB4E2C777782
R108,O,6E8CB58283AF3CB1
R108,O,9CFB5F7232818FFA
R108,O,A06590AD808DC9A9
R108,O,06C9926B2E2B304F
R108,O,76B4054F2E1F00B0
R108,O,DF901EF2F9A46F7B
R215,O,215D99B3E2A5F8DD
R215,O,736E84A8060D2AB9
R215,O,CB4B52222877C32F
R215,O,6B9496267BEFF02A
R215,O,5ACB622335DF5AE7
R215,O,B7082198F517B1E8
R215,O,1FBAAE29AF1CA50E
R215,O,AA52228890817D12
R215,O,6410DDEFBBD17426
R215,O,A6A1C99BF11EE56C
R215,O,EC1E1868D370F3D9
R215,O,057B2DCE8BE58FFA
R215,O,8CA39D263F36C070
R215,O,EA2CFF27310EAEC3
R215,O,93084A14AE624C6F
R215,O,D17050E8964504BB
R215,O,04DDF4F7F1C74876
R215,O,D6F16850DA906373
R215,O,2BB6115BF9346B34
R215,O,6765DD696FA8BF8D
R215,O,0CA3C6C38D2F3F75
R215,O,FAF9EF8853A3B65E
R215,O,EDFC39232C98E301
R215,O,9D431DF484149B75
R215,O,3E54E8AF4083B065
R215,O,3F4B54625D1F9E48
R215,O,F663E12DC37F3C5A
R215,O,D2B43459063F53DB
R215,O,7995F69FE44D0DB3
R215,O,F90ED764C7A95649
R215,O,041DFA7A1729D20C
R215,O,558599642E78BB9B
R215,O,BEEBDDB542A7E709
R215,O,48184733EFE9D3E3
R230,O,B97161BE6BCBD04D
R230,O,38C7D227DA221E77
R230,O,1FBE6A92A88835D3
R230,O,CF2B9E9382183398
R230,O,C5C940CF1281B923
R230,O,5941DC3E9FA7BE8B
R230,O,101877D46F079B68
R230,O,92A8281D80524F78
R230,O,F9F75324B8F1D7E3
R230,O,3357B55DE2539CA3
R230,O,A0C0A82ECC740D76
R230,O,6825AAECA55E0B01
R230,O,353B45E1D051707D
R230,O,9CFF3C233ADB8D19
R230,O,170375F0819EB588
R230,O,F2508598F5A43655
R230,O,1E5EADCD9F424F07
R241,O,26AC2D471648CA0C
R241,O,F88EE882E4B77399
R241,O,CC13DC33AE269FB1
R241,O,4E870B220826BEE0
R241,O,5AD2A4D21C226335
R241,O,A454170B2B59B587
R241,O,D6E7412666B1175B
R241,O,AB87BD2749FFEACA
R241,O,43398296F1D1BD48
R241,O,67F3E54FF145BA65
R241,O,F02CE37AD01DF17E
R241,O,DFB7FD5832A4BA4E
R241,O,3406C1A9DA760403
R241,O,A3D1F413719E60F1
R241,O,B085DDE8E381E370
R241,O,F2508598F5A43655
R241,O,1E5EADCD9F424F07
R298,O,D4D418BAEAC719B0
R298,O,ABC15E2110BF7A49
R298,O,932D83E09BF6ADE6
R298,O,848CA90EB0DB1146
R298,O,7486D53F341F1AAC
R298,O,FC42DCBDC3AB0B6F
R298,O,22E2678081E88368
R298,O,9B0382206D441221
R298,O,54FCA9F5D8F3587E
R298,O,9762FC524B26C4A7
R298,O,BEEBDDB542A7E709
R298,O,0DB55CC5E4533F4E
R33,O,E3E26EC8322AC889
R33,O,4B5144408E60BF11
R33,O,B651E2A39CD4CC05
R33,O,F734736F35F459DC
R33,O,23B913EACE0581E4
R33,O,C6D5DEF91CB7B581
R33,O,4566E35B3D2C20B5
R33,O,5055F6D68F0DD49D
R33,O,4D02E857ADDE8AAF
R33,O,818F12340BA8CA4B
R33,O,D74B67D55C63895F
R33,O,E3E26EC8322AC889
R33,O,6314A92BE85A8A9A
R33,O,4B5144408E60BF11
R33,O,B651E2A39CD4CC05
R33,O,F734736F35F459DC
R33,O,23B913EACE0581E4
R33,O,C6D5DEF91CB7B581
R33,O,4566E35B3D2C20B5
R33,O,5055F6D68F0DD49D
R33,O,4D02E857ADDE8AAF
R33,O,818F12340BA8CA4B
R33,O,D74B67D55C63895F
R33,I,D74B67D55C63895F
R33,I,249DF4A1B287E14F
R33,I,AF9FE138E3D5D5F0
R33,I,1D44677AEFBA8773
R33,I,18580F35B0A312CF
R33,I,40ADE0A2BB16271A
R33,I,333A88A8E07C956B
R33,I,B2442AC56532517B
R33,I,78644FF7E8B7BBA0
R33,I,0221966C1116C4EC
R33,I,4F3D6BA55D5FFFE1
R33,I,FE235D7DCABCA944
R33,I,D74B67D55C63895F
R33,I,249DF4A1B287E14F
R33,I,AF9FE138E3D5D5F0
R33,I,1D44677AEFBA8773
R33,I,18580F35B0A312CF
R33,I,40ADE0A2BB16271A
R33,I,333A88A8E07C956B
R33,I,B2442AC56532517B
R33,I,78644FF7E8B7BBA0
R33,I,0221966C1116C4EC
R33,I,4F3D6BA55D5FFFE1
R33,I,5971529D89929BEA
R33,I,FE235D7DCABCA944
R42,O,6C5D3C3EEFF28EE6
R42,O,8C8191357A7B2C2F
R42,O,5C572C50B1AA2B95
R42,O,D1C91ADAA2E0E466
R42,O,725496526DF766B9
R42,O,3AC7A0BCF72D7F54
R42,O,04EA3349BDD260C8
R42,O,6ACFA599CC0EA4E0
R42,O,CA89494AD121A8DC
R42,O,FCA7A9D99D36338B
R42,O,2E0FD54FCF000E13
R42,O,4F09976CA4CF80C9
R42,O,B49F719CC4A8BD7E
R42,I,B49F719CC4A8BD7E
R42,I,65F5585B72A99D7F
R42,I,94BA372E9FDC87C4
R42,I,A6631CAD2E2DE2A6
R42,I,84FC122EC64D8885
R42,I,04EA3349BDD260C8
R42,I,225D34B4D891AFB1
R42,I,0A77311427E8CB2B
R42,I,2F3C6668D919E5E4
R42,I,65C8216FB0BC4FBC
R42,I,444BEB5BB189B3A0
R42,I,FE235D7DCABCA944
R603,O,FBE07247C3FDB904
R603,O,EC1E1868D370F3D9
R603,O,057B2DCE8BE58FFA
R603,O,4A91A327C9FC745E
R603,O,EA2CFF27310EAEC3
R603,O,3C0AF6BA82588E2F
R603,O,F8DEE1D5F9A349AD
R603,O,4A14A012710E80B1
R603,O,3216F11DA45B80D7
R603,O,6F106FD26B684372
R603,O,26305AF62FBEE2BC
R603,O,D83C4CC1305E35E9
R603,O,13A8D09F9E444BF3
R603,O,EF17FDCDDF170D38
R603,O,FDB7C76323B22686
R603,O,9D676B8892807F9D
R603,O,1472CA699A47EE46
R603,O,3144CE950CE29C80
R603,O,543FD8B6C65D1C4C
R603,O,316BB2C947568585
R603,O,3E862B92873F5811
R603,O,57A0D4D6D4D57497
R603,O,0F9D050D4229C0F7
R603,O,19171A194D7507D5
R603,O,F60CC440E22B0BD9
R603,O,3C6DAB7267F9E54F
R603,O,73E85E88E124EF2C
R603,O,6C6B36F7550907CE
R603,O,FF6E49051D6D9A8C
R603,O,06C9926B2E2B304F
R603,O,76B4054F2E1F00B0
R603,O,DF901EF2F9A46F7B
R8,O,E0A5FA73176D78A8
R8,O,BB78072EA5359090
R8,O,E1FF672AE45F06FE
R8,O,FE235D7DCABCA944
R8,O,E0A5FA73176D78A8
R8,O,6314A92BE85A8A9A
R8,O,BB78072EA5359090
R8,O,E1FF672AE45F06FE
R8,O,5971529D89929BEA
R8,O,FE235D7DCABCA944
R8,O,E0A5FA73176D78A8
R8,O,6314A92BE85A8A9A
R8,O,BB78072EA5359090
R8,O,E1FF672AE45F06FE
R8,O,FE235D7DCABCA944
R934,O,88F78BDD9BDD7636
R934,O,3DD784D9B2C30AFC
R934,O,9B664F8FD4E76E48
R934,O,5FD70A34C55CE590
R934,O,A6DCDE5BE439B179
R934,O,38C7D227DA221E77
R934,O,1FBE6A92A88835D3
R934,O,CF2B9E9382183398
R934,O,C5C940CF1281B923
R934,O,5941DC3E9FA7BE8B
R934,O,ACCABC765E3F0961
R934,O,CAF9395414DBD090
R934,O,06C9926B2E2B304F
R934,O,76B4054F2E1F00B0
R934,O,17B98BD1165A7B92
R936,O,873B57DCAC177674
R936,O,D1A1DF2BDC842EE5
R936,O,33A7AB58611A0F6D
R936,O,0A1DAEAFFDFF0B66
R936,O,9FD6AAFA1318E3D9
R936,O,03A5552B84E8214B
R936,O,D2ACD052AFD5900A
R936,O,8CF45DD1D6B1FA4D
R936,O,A91E6B3E8A9A7B34
R936,O,3C9A7C5FE12B8BCB
R936,O,A7516C49B99EFD78
R936,O,C3672D8D28801773
R936,O,06C9926B2E2B304F
R936,O,76B4054F2E1F00B0
R936,O,17B98BD1165A7B92
R948,O,79842A7E2FC0844F
R948,O,FF5CF18C5510B901
R948,O,7E50BA0974C3B983
R948,O,00EC5193F83C6F76
R948,O,4E870B220826BEE0
R948,O,5AD2A4D21C226335
R948,O,A454170B2B59B587
R948,O,973EBE6A3543C701
R948,O,AB87BD2749FFEACA
R948,O,D0BE5E470FE2AD0B
R948,O,67F3E54FF145BA65
R948,O,F02CE37AD01DF17E
R948,O,3A9EE9221AB3E27C
R948,O,7192051038B36F08
R948,O,1A37A52F97A04C81
R948,O,CA60760D2303E6D0
R948,O,06C9926B2E2B304F
R948,O,76B4054F2E1F00B0
R948,O,17B98BD1165A7B92
S1,O,E2BB3825832556CA
S1,O,77D21A8395AAC001
S1,O,D3B54388E91DAB57
S1,O,C05A618A6C13350B
S1,O,20AEF0F80E06013D
S1,O,9DCBD34740D95B23
S1,O,9C9F817064169CE7
S1,O,E48E4C46F64FFB0E
S1,O,5B8A639645E2BC49
S1,O,57DB1124DEF92894
S1,O,89A83934270E9BFB
S1,O,E2BB3825832556CA
S64,O,E57DD4F0FE9A1E61
S64,O,05FE00A97E0CF001
S64,O,AC0BDA78C106FF7A
S64,O,86FD7EFBB651F5CE
S64,O,77D21A8395AAC001
S64,O,86201D4BB45ED201
S64,O,F2DFF3A02940D925
S64,O,52C7FFE6629F5972
S64,O,7211E63DE150A10E
S64,O,5BD8484E82721AF9
S64,O,7EF6409F758445C9
S64,O,E2DCF1384581ED07
S64,O,AAC64BCDD5B55A86
S64,O,A99B6BB7F1628A08
S64,O,C05A618A6C13350B
S64,O,7BEEBCE35DFFAB7C
S64,O,9DCBD34740D95B23
S64,O,31418DC3F19236BF
S64,O,F2DFF3A02940D925
S64,O,52C7FFE6629F5972
S64,O,7211E63DE150A10E
S64,O,5BD8484E82721AF9
S64,O,7EF6409F758445C9
S64,O,E2DCF1384581ED07
S64,O,18CA599721E67265
S64,O,57DB1124DEF92894
S64,O,349BAF058554E0A3
S64,O,2253B10FD05B01AB
S64,O,FF47BD49B38911D4
S64,O,FAC118A395652466
S64,O,1A74AE460E7BEA16
S64,O,E57DD4F0FE9A1E61
S64C,O,E57DD4F0FE9A1E61
S64C,O,05FE00A97E0CF001
S64C,O,AC0BDA78C106FF7A
S64C,O,86FD7EFBB651F5CE
S64C,O,77D21A8395AAC001
S64C,O,31418DC3F19236BF
S64C,O,F2DFF3A02940D925
S64C,O,52C7FFE6629F5972
S64C,O,7211E63DE150A10E
S64C,O,5BD8484E82721AF9
S64C,O,7EF6409F758445C9
S64C,O,E2DCF1384581ED07
S64C,O,18CA599721E67265
S64C,O,57DB1124DEF92894
S64C,O,349BAF058554E0A3
S64C,O,2253B10FD05B01AB
S64C,O,FF47BD49B38911D4
S64C,O,FAC118A395652466
S64C,O,1A74AE460E7BEA16
S64C,O,E57DD4F0FE9A1E61
S64C,O,52C7FFE6629F5972
S64C,O,7211E63DE150A10E
S64C,O,5BD8484E82721AF9
S64C,O,7EF6409F758445C9
S64C,O,E2DCF1384581ED07
S64C,O,18CA599721E67265
S64C,O,57DB1124DEF92894
S64C,O,349BAF058554E0A3
S64C,O,2253B10FD05B01AB
S64C,O,FF47BD49B38911D4
S64C,O,FAC118A395652466
S64C,O,1A74AE460E7BEA16
S64C,O,E57DD4F0FE9A1E61
S64P,O,833FF184B120B167
S64P,O,2AA862C9E7E497EE
S64P,O,D7AAC19538A45549
S64P,O,22A8C801A98F9B7D
S64P,O,DBA1D592108DBA72
S64P,O,B1790A47B8FFEF37
S64P,O,77D21A8395AAC001
S64P,O,31418DC3F19236BF
S64P,O,F2DFF3A02940D925
S64P,O,F00B9766890B9FD5
S64P,O,86F4FDCF2F5D13ED
S64P,O,52C7FFE6629F5972
S64P,O,7211E63DE150A10E
S64P,O,5BD8484E82721AF9
S64P,O,7EF6409F758445C9
S64P,O,E2DCF1384581ED07
S64P,O,18CA599721E67265
S64P,O,57DB1124DEF92894
S64P,O,DC590D90976D353E
S64P,O,24078B675A7FE3B3
S64P,O,DBB8E01BBE8C66ED
S64P,O,7DF092F3A5418694
S64P,O,364754E2273129B7
S64P,O,CC57C2DF592993CB
S64P,O,833FF184B120B167
S64P,O,833FF184B120B167
S64P,O,2AA862C9E7E497EE
S64P,O,D7AAC19538A45549
S64P,O,22A8C801A98F9B7D
S64P,O,DBA1D592108DBA72
S64P,O,B1790A47B8FFEF37
S64P,O,E435992628015D22
S64P,O,77D21A8395AAC001
S64P,O,31418DC3F19236BF
S64P,O,F2DFF3A02940D925
S64P,O,F00B9766890B9FD5
S64P,O,86F4FDCF2F5D13ED
S64P,O,52C7FFE6629F5972
S64P,O,7211E63DE150A10E
S64P,O,5BD8484E82721AF9
S64P,O,7EF6409F758445C9
S64P,O,E2DCF1384581ED07
S64P,O,18CA599721E67265
S64P,O,57DB1124DEF92894
S64P,O,DC590D90976D353E
S64P,O,24078B675A7FE3B3
S64P,O,DBB8E01BBE8C66ED
S64P,O,7DF092F3A5418694
S64P,O,364754E2273129B7
S64P,O,CC57C2DF592993CB
S64P,O,833FF184B120B167
S64X,O,90551F12E553D27E
S64X,O,728473DC37894BC6
S64X,O,CCAFDF7CA7560A45
S64X,O,E57DD4F0FE9A1E61
S64X,O,05FE00A97E0CF001
S64X,O,AC0BDA78C106FF7A
S64X,O,277DD90A63454F48
S64X,O,77D21A8395AAC001
S64X,O,86201D4BB45ED201
S64X,O,7EF6409F758445C9
S64X,O,E2DCF1384581ED07
S64X,O,AAC64BCDD5B55A86
S64X,O,A99B6BB7F1628A08
S64X,O,C05A618A6C13350B
S64X,O,7BEEBCE35DFFAB7C
S64X,O,9DCBD34740D95B23
S64X,O,79C1BD3A3E91091D
S64X,O,31418DC3F19236BF
S64X,O,7EF6409F758445C9
S64X,O,E2DCF1384581ED07
S64X,O,18CA599721E67265
S64X,O,57DB1124DEF92894
S64X,O,2253B10FD05B01AB
S64X,O,FF47BD49B38911D4
S64X,O,FAC118A395652466
S64X,O,1A74AE460E7BEA16
S64X,O,FA265A8238AD5E8D
S64X,O,90551F12E553D27E
S64X,O,90551F12E553D27E
S64X,O,728473DC37894BC6
S64X,O,CCAFDF7CA7560A45
S64X,O,E57DD4F0FE9A1E61
S64X,O,05FE00A97E0CF001
S64X,O,AC0BDA78C106FF7A
S64X,O,277DD90A63454F48
S64X,O,77D21A8395AAC001
S64X,O,86201D4BB45ED201
S64X,O,7EF6409F758445C9
S64X,O,E2DCF1384581ED07
S64X,O,AAC64BCDD5B55A86
S64X,O,A99B6BB7F1628A08
S64X,O,C05A618A6C13350B
S64X,O,7BEEBCE35DFFAB7C
S64X,O,9DCBD34740D95B23
S64X,O,9C9F817064169CE7
S64X,O,E48E4C46F64FFB0E
S64X,O,18CA599721E67265
S64X,O,57DB1124DEF92894
S64X,O,2253B10FD05B01AB
S64X,O,FF47BD49B38911D4
S64X,O,FAC118A395652466
S64X,O,1A74AE460E7BEA16
S64X,O,FA265A8238AD5E8D
S64X,O,90551F12E553D27E
SP1,O,3F5763699F3D5DD6
SP1,O,38B86AC474D1060D
SP1,O,0B8C52E4C34E3B64
SP1,O,072046BF00257739
SP1,O,3093477EA64DDA89
SP1,O,BFF2560B1C1687B2
SP1,O,6882248B39345F28
SP1,O,B809C24DC8C87767
SP1,O,3BA4DBB4520188DF
SP1,O,03C3F537C41E4986
SP1,O,2FFC93C766E566B5
SP1,O,F5A61D37E2DDA9D8
SP1,O,31079A9B244C679B
SP1,O,ABC15E2110BF7A49
SP1,O,932D83E09BF6ADE6
SP1,O,848CA90EB0DB1146
SP1,O,7486D53F341F1AAC
SP1,O,FC42DCBDC3AB0B6F
SP1,O,22E2678081E88368
SP1,O,7613538D58A9C452
SP1,O,336FF66D1F0AC4A0
SP1,O,D732B7AE560F7326
SP1,O,99A3DFDBDF41F0E9
SP1,O,8E246EE4AB82C670
SP10,O,A4260736CBC94F30
SP10,O,D32CF06A085E2501
SP10,O,D0286A50FCF2DAFC
SP10,O,61AC7D39918DB2F4
SP10,O,17414DA265B5FFE9
SP10,O,51E69940B3E57AAA
SP10,O,9962A14911FC8F32
SP10,O,BB1F05A4942960A1
SP10,O,18146B736D94B1EB
SP10,O,C0B3CCF700EDA89C
SP10,O,633A3F4B4A5637C2
SP12,O,414AD39F5040C30F
SP12,O,3106E04BB81D74A8
SP3,O,CF2AA9B99A043548
SP3,O,CF17F8C87DBBF2BC
SP3,O,246ECB0F3B94855D
SP3,O,D17DA49D5EFC6DD4
SP3,O,ABA04608DBB7C351
SP3,O,2658CCFAB79763B6
SP3,O,264B29FD223D9C4E
SP3,O,3E376000C84807D6
SP3,O,C84CAD6CCD18F87F
SP3,O,478ACE8A8C9A2705
SP3,O,A13C2C1D5D3EE0D7
SP3,O,AE7C79C814E6BD95
SP3,O,C5294C92C5C6E334
SP3,O,FCBCC90E0ECE4F58
SP3,O,257A6E19DD7F156C
SP3,O,28A57C043C111604
SP3,O,F82CDE4D15A43CA3
SP3,O,DEDD6247441C8C05
SP3,O,B1D6CA16EE22225D
SP3,O,3B54D43994CAC165
SP3,O,D9655458715EBBF8
SP3,O,8374DD78C287D9A7
SP3,O,D5252DAD51812506
SP3,O,09DF70F8DE2426BE
SP3,O,5AF593F7A11180E2
SP3,O,3F545756160D7BEA
SP3,O,B2C63864D1C98F56
SP3,O,033CB7A21D6DC60C
SP3,O,36880B47F043D519
SP3,O,4E870B220826BEE0
SP3,O,5AD2A4D21C226335
SP3,O,A454170B2B59B587
SP3,O,D6E7412666B1175B
SP3,O,AB87BD2749FFEACA
SP3,O,43398296F1D1BD48
SP3,O,67F3E54FF145BA65
SP3,O,F93448A5F1168FB1
SP3,O,DFB7FD5832A4BA4E
SP3,O,0F60AAE48C3B22EE
SP3,O,0CFB814CB6C356C1
SP3,O,5B5107DB7CE969DE
SP3,O,333E9F98EEB84849
SP5A,O,414AD39F5040C30F
SP5A,O,DB516EC0B8DAF046
SP5A,O,64312A5DFF11636C
SP5A,O,CB2A65E69B2B71BE
SP5A,O,59081A58EA5BC728
SP5A,O,28C36BBE416103C2
SP5A,O,BC301D7E7F063331
SP5A,O,CBE54DB551C24A02
SP5A,O,EC225F6F55BFA35E
SP5A,O,E01BD8E1BEC29EA6
SP5A,O,E16D49ECA536ECC6
SP5A,O,F224A907BD68406A
SP5A,O,4F36FEF121788834
SP5A,O,ECE3F3BE270C27E2
SP5A,O,594A765BE3A43C73
SP5A,O,507D90B4B976DBD6
SP5A,O,1F6BFDF34BABCE6A
SP5A,O,C192BEF2264E0CC6
SP5A,O,D09590C6061D9FE7
SP5A,O,1F5BF0C69F30C752
SP5A,O,854E787D0F56BF91
SP5A,O,AD25F24A6E6ACEE3
SP5A,O,83A02749D0CB2EE8
SP5A,O,3104B2FBA1EEE592
SP5A,O,86D1BF834F627D5C
SP5A,O,1D944152BA58ABF3
SP5A,O,722B3DD3D7BCFA21
SP5A,O,E3E171AEDE35ACDF
SP6,O,5453C5D010F3D53A
SP6,O,E55FA660A59AB64A
SP6,O,14157BA5C06B0B6B
SP6,O,605B05317A40A2A4
SP6,O,78AD2432201EF5EE
SP6,O,D9CE618F99BAC2B6
SP6,O,0E2B8E1D544C6889
SP6,O,A010FE2C473103A8
SP6,O,70FEB409760C77EE
SP6,O,A264A7BA921EEE6E
SP6,O,ABE1BADF8D43CB24
SP6,O,6A90A40248059768
SP6,O,48D55BCE2E97E1DE
SP6,O,FBBF4EB577663A13
SP6,O,F97A667725CDEB82
SP6,O,73FE2D32F218DA9C
SP6,O,A264255E81F51111
SP6,O,223DAE7E925E3BB9
SP7,O,6F9ED75E419D6BAA
SP7,O,9274EF6791CA3ED8
SP7,O,E8F5E085BAEFE100
SP7,O,79FD1B44D37205B8
SP7,O,369A5601F8A63B5E
SP7,O,A339426A8F633D63
SP7,O,11B658F68A9F577C
SP7,O,0A8E2BA2F75E472E
SP7,O,18E4449F4C5CE30B
SP7,O,14BDB94A8F3ED3EC
SP7,O,D0FB28B8EED62431
SP7,O,9D388587636920DA
SP7,O,ADB9356BBF06F7C7
SP7,O,8E3F5AE0A97053F9
SP7,O,A7CE931D8AA9E7F6
T270,O,C1210CE431B3BB88
T270,O,07EEE519D04FFE28
T270,O,C67060F448591E4F
T270,O,14BDB94A8F3ED3EC
T270,O,D0FB28B8EED62431
T270,O,C7120BD9A94B4F6A
T270,O,ADB9356BBF06F7C7
T270,O,8E3F5AE0A97053F9
T270,O,FF50570BA54BCA0B
T270,O,4E655B25ABAE103A
T270,O,447C1D79A10C83E2
T270,O,FB9FA7AAA17E9E9D
T270,O,83EB94899B6BBB4B
T270,O,5F60283656DF3016
T270,O,576538E1395C8508
T270,O,68DF2B78CD2B9C76
T270,I,F3D86A2A72FF3582
T270,I,E3A083E4F64D93CD
T270,I,2EEB9CB69FB6A58D
T270,I,450A96AF1DA8E41C
T270,I,7B4FD0F182DCC294
T270,I,E3B0A57678CFD140
T270,I,093289C2E4F6F408
T270,I,3FAC6C2592812331
T270,I,396DD38F2E41E117
T270,I,98EBAB9468C80DD2
T270,I,6DD6B837EF1FA76C
T270,I,AFD29CB1A4F71AB9
T270,I,65ECD19EFD09FB74
T270,I,D67917549F3DC8A3
T270,I,6633B4885C8A3EE7
T270,I,0F3FA9B7D07A91F3
T270,I,C837C3C549793472
T270,I,C1210CE431B3BB88
T277,O,940F276037968281
T277,O,98EBAB9468C80DD2
T277,O,6DD6B837EF1FA76C
T277,O,60952B4A38F3D82E
T277,O,D67917549F3DC8A3
T277,O,30D564180B68ECA8
T277,O,9A0959AB68FA5E1F
T277,O,94358F5481BAE505
T277,O,5D8FCEF2915882FD
T277,O,C2605DED84199B84
T277,O,BF8E440F5584D39D
T277,O,8A928A173E67CD96
T277,O,D0F535009C53F787
T277,O,C8FD960431F7210C
T277,O,F36C1B3AC57D96FA
T277,I,5774E63B634C0B1E
T277,I,F8D908466E28E9C2
T277,I,70CD99F4D487740A
T277,I,D39533060940818A
T277,I,03F7818C0E176C55
T277,I,1E71CBFE8560B0EF
T277,I,9274EF6791CA3ED8
T277,I,CA9E9870D7B2FF36
T277,I,D0FB28B8EED62431
T277,I,C7120BD9A94B4F6A
T277,I,ADB9356BBF06F7C7
T277,I,8E3F5AE0A97053F9
T277,I,FF50570BA54BCA0B
T277,I,4E655B25ABAE103A
T277,I,B986375ED4762DA9
T277,I,940F276037968281
T74,O,5242343C03385FCC
T74,O,D56D56E9F6458361
T74,O,3889C01BE6A7BF26
T74,O,6FECC341F6134448
T74,O,D42A82ABE8C00558
T74,O,81927FEBF3AF1AFD
T74,O,83363B1A7C100F96
T74,O,78A272047C590D21
T74,O,FCE4B9D70351B091
T74,O,90A92A87C0491478
T74,O,BCC83D8C953DC504
T74,O,DC6749D20ED5C948
T74,O,BE5E07865E13374E
T74,O,94236C65C84D8C17
T74,O,4C82D99D0721ADE9
T74,O,399EF919E10C7F33
T74,O,95B249916F323BD4
T74,O,5D6FB6C3F67A70DC
T74,O,5734545592215022
T74,O,CAD1ABCBA72CF365
T74,O,340FB0AD1BF68951
T74,O,30D564180B68ECA8
T74,O,9A0959AB68FA5E1F
T74,O,81C6D8E74259157E
T74,O,5D8FCEF2915882FD
T74,O,C2605DED84199B84
T74,O,BF8E440F5584D39D
T74,O,53FC6F95C61542C1
T74,I,53FC6F95C61542C1
T74,I,70CD99F4D487740A
T74,I,992F89F2265F8D8D
T74,I,1E71CBFE8560B0EF
T74,I,9274EF6791CA3ED8
T74,I,E94AD3FBEF23A842
T74,I,56C003E99C21984A
T74,I,6219234626AC9DD5
T74,I,DA30F5393480B81D
T74,I,6716018C3EE42733
T74,I,1A0BF02F827F6A20
T74,I,CCC4773031BC0FD8
T74,I,2A86FE3FCDB9760B
T74,I,5FCD0D727920EC65
T74,I,0B786699889F0AEB
T74,I,A53F6592C4173B4E
T74,I,A61CDC435D1C6C37
T74,I,B473A39CEDD5069D
T74,I,2A092A3FB143443A
T74,I,BEEF3ECF24FF4F1A
T74,I,A26AAC44AD49B9DB
T74,I,51AFF58670A6BE9B
T74,I,C97D9654FC4427C9
T74,I,42B5697C975C3953
T74,I,B4C010DBFBD55834
T80,O,E1F73A6B69F39365
T80,O,02D4D2C0C430EAD0
T80,O,460D29054B1D54B1
T80,O,60F6F482EFA8FE18
T80,O,A66159E033DDEA04
T80,O,C92E80A5D7E0E8EC
T80,O,52B02EAC7AAB23C1
T80,O,B9EE83CA8ABB578B
T80,O,6CDAC4513AD44DB7
T80,O,72936E1AD7A19462
T80,O,30D564180B68ECA8
T80,O,F8D908466E28E9C2
T80,O,70CD99F4D487740A
T80,O,992F89F2265F8D8D
T80,O,8CCC6A9A25E82BCF
T80,O,09AC1B6D147CA643
T80,O,1D13B640481F4CD1
T80,O,AC2A4AB84E52364C
T80,O,F3D3D5E7F698B748
T80,O,B11E10F012C57433
T80,O,A66159E033DDEA04
T80,O,C92E80A5D7E0E8EC
T80,O,52B02EAC7AAB23C1
T80,O,B9EE83CA8ABB578B
T80,O,6CDAC4513AD44DB7
T80,O,72936E1AD7A19462
T80,O,30D564180B68ECA8
T80,O,F8D908466E28E9C2
T80,O,70CD99F4D487740A
T80,O,992F89F2265F8D8D
T80,O,8CCC6A9A25E82BCF
W2,O,40D067F126426DC6
W2,O,AC8828CF13B8AA49
W2,O,6085C420AB7E6FF9
W2,O,4C49804674904130
W2,O,8864CF7D3E4B1EF6
W2,O,BE27F066CF40DF7D
W2,O,07521BB848913F74
W2,O,C2593FE9DA3A0099
W2,O,714E854D63623C93
W2,O,4548FBAF08E3BF71
W2,O,C69F10C6D4676331
W2,O,3CE92CA0407BEB9C
W2,O,DA0947682FC19B0B
W2,O,D46D178ECBA8976C
W2,O,E9F673D418FA9E71
W2,O,B568727F49CD11A3
W2,O,190F209646059000
W2,O,F053C0080D5D5B62
W2,O,FD1B403FD4EC3E8D
W2,O,4DB8054CDFBB9E43
W2,O,40D067F126426DC6
W2,O,40D067F126426DC6
W2,O,AC8828CF13B8AA49
W2,O,6085C420AB7E6FF9
W2,O,4C49804674904130
W2,O,8864CF7D3E4B1EF6
W2,O,BE27F066CF40DF7D
W2,O,07521BB848913F74
W2,O,C2593FE9DA3A0099
W2,O,714E854D63623C93
W2,O,4548FBAF08E3BF71
W2,O,C69F10C6D4676331
W2,O,3CE92CA0407BEB9C
W2,O,DA0947682FC19B0B
W2,O,D46D178ECBA8976C
W2,O,E9F673D418FA9E71
W2,O,4548FBAF08E3BF71
W2,O,C69F10C6D4676331
W2,O,3CE92CA0407BEB9C
W2,O,DA0947682FC19B0B
W2,O,D46D178ECBA8976C
W2,O,E9F673D418FA9E71
W2,O,B568727F49CD11A3
W2,O,190F209646059000
W2,O,F053C0080D5D5B62
W2,O,FD1B403FD4EC3E8D
W2,O,4DB8054CDFBB9E43
W2,O,40D067F126426DC6
W3,O,A7CE931D8AA9E7F6
W3,O,CCDD774F50E8650C
W3,O,43BB62F7CBC3D782
W3,O,7A7ADAC0C01409EE
W3,O,F277A29EDF23121A
W3,O,9D7E5D8D1E2B3E10
W3,O,101D11C1C433CEC5
W3,O,B09912B0547243D2
W3,O,DE46A23558FD6CF6
W3,O,E026DEF40AE536AA
W3,O,FCFE5157EBD8042B
W3,O,F3433105FE5F6865
W3,O,7EC4B2C80047770A
W3,O,9B62732E0E1E537C
W3,O,DE1F8505C6154534
W3,O,029EA5F3C2AEFBC9
W3,O,6E4C75B59DEF3D89
W3,O,4DB8054CDFBB9E43
W3,O,041A140AD24C1ADB
W3,I,041A140AD24C1ADB
W3,I,01633AD5B1B978B4
W3,I,B96E368FC17CD0B0
W3,I,420E7970087AD769
W3,I,3B8B261C1DA409BD
W3,I,9DA7325E4238402B
W3,I,195C509959C6A799
W3,I,2F202818B5A6F424
W3,I,99B9CAA698C36C5E
W3,I,11B658F68A9F577C
W3,I,0A8E2BA2F75E472E
W3,I,18E4449F4C5CE30B
W3,I,14BDB94A8F3ED3EC
W3,I,D0FB28B8EED62431
W3,I,9D388587636920DA
W3,I,ADB9356BBF06F7C7
W3,I,8E3F5AE0A97053F9
W3,I,A7CE931D8AA9E7F6
W4,O,1A0F813116024D92
W4,O,89A8085A1605FDB4
W4,O,0CC0B21EFF42EE19
W4,O,B3E70C6DEFD93416
W4,O,C50C67D1BFF70DDF
W4,O,5F60283656DF3016
W4,O,F57E1173086C7A51
W4,O,576538E1395C8508
W4,O,1864222D8939BD69
W4,O,C650BECDAF9D9EB0
W4,O,6265ADC5B1D37D6C
W4,O,2EEB9CB69FB6A58D
W4,O,2048D5E82DD83B2E
W4,O,4C69321ABBC7093F
W4,O,74553C232C1FF6CF
W4,O,1A0F813116024D92
X1,O,35AE67D58A51004D
X1,O,9C9F817064169CE7
X1,I,9C9F817064169CE7
X1,I,E2BB3825832556CA
X33,O,9C9F817064169CE7
X33,O,4B5144408E60BF11
X33,O,B651E2A39CD4CC05
X33,O,F734736F35F459DC
X33,O,23B913EACE0581E4
X33,O,C6D5DEF91CB7B581
X33,O,4566E35B3D2C20B5
X33,O,5055F6D68F0DD49D
X33,O,4D02E857ADDE8AAF
X33,O,818F12340BA8CA4B
X33,O,D74B67D55C63895F
X33,O,9E1FC92F86D2F4E3
X33,O,AA239AD010294414
X33,O,284790CC047436BE
X33,O,A80A0719C2068B68
X33,O,8667AD096EEED0A8
X33,O,BA72A994EEF9FABE
X33,O,F8FE29B1FAF8BA77
X33,O,B26245505565A1E0
X33,O,88F986C270B16408
X33,O,90CFA838B3C95AE0
X33,O,3C6FA714F5D6EE83
X33,O,2D1C73EF002336DC
X33,O,66C1F17901E91CD9
X33,O,8A97896E33AED30C
X33,O,54045C861286559E
X33,O,8935A262593E620A
X33,O,E701147EA74E97F2
X33,O,CD077FC371E93248
X33,O,4CEB8ACF469C6AD5
X33,O,0C6879C89662708A
X33,O,DCA166B0A16656DD
X36,O,9C9F817064169CE7
X36,O,80818BFC3FE76A5B
X36,O,2BDF4BB3B2E038A2
X36,O,D9B82EE66AFF2975
X36,O,CEDD8C935E63648C
X36,O,521ACE041201135C
X36,O,DAC9F4035C02B5B2
X36,O,6174C11305616FCA
X36,O,1C49FFB3352144AC
X36,O,5498C13EB8685C46
X36,O,7C8F479D41B69151
X36,O,3B5F1B8C69EAE397
X36,O,90A0828B57A59906
X36,O,5AF9ADB51A9F2C51
X36,O,CE9312CA8B00024E
X36,O,BAB02D19E8B67DB6
X36,O,ADD19B88AA8E99DC
X36,O,F87A56BD0A2640ED
X36,O,D54B0CA58FE5559D
X36,O,3D566753F149907F
X36,O,9FB710B737A32C3A
X36,O,591FA32FB4B53682
X36,O,C59B16415222709D
X36,O,88B9BE4ED93A3292
X36,O,7469F3B24F889F1B
X36,O,8DBA8FDF35CE7CC0
X36,O,A4F1BEF1EEAD0910
X36,O,A7156FD2BD44D128
X40,O,9C9F817064169CE7
X40,O,8C8191357A7B2C2F
X40,O,9BA601064A2EF221
X40,O,181140364F4E7566
X40,O,725496526DF766B9
X40,O,3AC7A0BCF72D7F54
X40,O,AFC8501FD7ACB2BA
X40,O,FD638435B6B3BD83
X40,O,8AE46261E165B416
X40,O,EFB9F85F98113CB0
X40,O,55B5E2A727CAA86D
X40,O,582EA09A77D20CC3
X40,O,04543155BFC77A1B
X40,O,6F03E19C5E800893
X40,O,C06124A5A06361AD
X40,O,B86B05AB0F82C94E
X40,O,AC515BE42D6D6CBC
X40,O,CE813C1E1A72C7B0
X40,O,297B262BF8D00544
X40,O,A6424D59E135C4EC
X40,O,1D72A93975EE33E9
X40,O,361710E40F71E503
X40,O,040478A068F3E0EB
X40,O,8EB192ED041A8459
X40,O,14F7E124D3972753
X40,O,473AF4463A49DA24
X40,O,362D0188DD0985FF
X40,O,4DC840CF3B4B2427
X40,O,BA72214DFE48AA86
X42C,O,A453A24D622091F0
X42C,O,7E50BA0974C3B983
X42C,O,4E870B220826BEE0
X42C,O,5AD2A4D21C226335
X42C,O,A454170B2B59B587
X42C,O,D6E7412666B1175B
X42C,O,AB87BD2749FFEACA
X42C,O,43398296F1D1BD48
X42C,O,67F3E54FF145BA65
X42C,O,F93448A5F1168FB1
X42C,O,3A9EE9221AB3E27C
X42C,O,3406C1A9DA760403
X42C,O,6E24D2D895228AC3
X42C,O,07F45B3B36DFDDAE
X42C,O,B085DDE8E381E370
X42C,O,F5A44B89EFBC0B4F
X42C,O,99EF4CA10B3E1F17
X42C,O,326199D24220A42B
X42C,O,F893C6ABC2743F64
X42C,O,9FD865B00B2D54A1
X42C,O,A15FFC3149FB92A0
X42C,O,5D1E6432755E4F5F
X42C,O,D80313EC29620E1D
X42C,O,BA03816A38B9DA7F
X42C,O,D0F8772D043C207E
X42C,O,BE36EF30B86ADD1D
X42C,O,598F766175BE3EF3
X42C,O,38B86AC474D1060D
X42C,O,EB177E95B39626AE
X42C,O,5AAC6A858427D04E
X42C,O,7459D3AB11AFD6B5
X42C,O,9C839C3824F47A6A
X42C,O,0D8135B0D81F29A1
X42C,O,F93448A5F1168FB1
X42C,O,3A9EE9221AB3E27C
X42C,O,3406C1A9DA760403
X42C,O,6E24D2D895228AC3
X42C,O,B085DDE8E381E370
X42C,O,F5A44B89EFBC0B4F
X42C,O,99EF4CA10B3E1F17
X42C,O,326199D24220A42B
X42C,O,F893C6ABC2743F64
X42C,O,9FD865B00B2D54A1
X42C,O,A15FFC3149FB92A0
X42C,O,5D1E6432755E4F5F
X42C,O,D80313EC29620E1D
X42C,O,BA03816A38B9DA7F
X42C,O,D0F8772D043C207E
X42C,O,BE36EF30B86ADD1D
X42C,O,598F766175BE3EF3
X42C,O,38B86AC474D1060D
X42C,O,EB177E95B39626AE
X42C,O,5AAC6A858427D04E
X42C,O,7459D3AB11AFD6B5
X42C,O,9C839C3824F47A6A
X42C,O,0D8135B0D81F29A1
X42C,O,A453A24D622091F0
X42C,O,7E50BA0974C3B983
X42C,O,4E870B220826BEE0
X42C,O,5AD2A4D21C226335
X42C,O,A454170B2B59B587
X42C,O,D6E7412666B1175B
X42C,O,AB87BD2749FFEACA
X42C,O,43398296F1D1BD48
X42C,O,67F3E54FF145BA65
X42C,O,F93448A5F1168FB1
X42C,O,3A9EE9221AB3E27C
X42C,O,3406C1A9DA760403
X42C,O,6E24D2D895228AC3
X42C,O,B085DDE8E381E370
X42C,O,F5A44B89EFBC0B4F
X42C,O,99EF4CA10B3E1F17
X42C,O,326199D24220A42B
X42C,O,F893C6ABC2743F64
X42C,O,9FD865B00B2D54A1
X42C,O,A15FFC3149FB92A0
X42C,O,5D1E6432755E4F5F
X42C,O,D80313EC29620E1D
X42C,O,BA03816A38B9DA7F
X42C,O,D0F8772D043C207E
X42C,O,BE36EF30B86ADD1D
X42C,O,598F766175BE3EF3
X42C,O,38B86AC474D1060D
X42C,O,EB177E95B39626AE
X42C,O,5AAC6A858427D04E
X42C,O,7459D3AB11AFD6B5
X42C,O,9C839C3824F47A6A
X42C,O,0D8135B0D81F29A1
X42C,I,0D8135B0D81F29A1
X42C,I,73E85E88E124EF2C
X42C,I,2EF9764BE18FC290
X42C,I,F1A90CEE2B8C40CC
X42C,I,84B384771F1CE484
X42C,I,671775E6AF279B42
X42C,I,4B17C55C032D3A37
X42C,I,266A4CDA19461A42
X42C,I,A147FDE0CFB7A60D
X42C,I,26A996F589C84844
X42C,I,DCC8F8655EB76754
X42C,I,58584BC1AC41723C
X42C,I,52A8DA8958AFCCA6
X42C,I,62A1C8EFAC876BDB
X42C,I,E435F72ACB8438ED
X42C,I,65842E04BFE99758
X42C,I,EFED59E880B693F5
X42C,I,29A62A8FE112766B
X42C,I,6DF1AF2871D4B7D9
X42C,I,2FAF68030407DC8F
X42C,I,196A1E44C305C174
X42C,I,BDE0F1679E1C8ABF
X42C,I,13458794A52910B0
X42C,I,67DFAB691BECE339
X42C,I,6D016EBFA090D535
X42C,I,04D3244DD2B38746
X42C,I,59B81980AC8F7878
X42C,I,4236C502F947A6DF
X42C,I,C78F66DF6FA871B6
X42C,I,8D7CB6C3D48258D6
X42C,I,A2BE47AFF20CD4F6
X42C,I,A453A24D622091F0
X42P,O,A39682B5A68D668F
X42P,O,28725EBEC5C8EC40
X42P,O,C9E264A3F9D4CEB3
X42P,O,094D2EBC017EE61A
X42P,O,2658CCFAB79763B6
X42P,O,E615D61C588B8F9D
X42P,O,C3672D8D28801773
X42P,O,34FBE7E973FE5EF5
X42P,O,D0F8772D043C207E
X42P,O,BE36EF30B86ADD1D
X42P,O,3E73B73B12E25DCF
X42P,O,38B86AC474D1060D
X42P,O,EB177E95B39626AE
X42P,O,5AAC6A858427D04E
X42P,O,F36C1B3AC57D96FA
X43,O,9C9F817064169CE7
X43,O,8C8191357A7B2C2F
X43,O,7D72DDC29E02C14D
X43,O,103661C9BABD79FD
X43,O,F15B04D268DD5C8F
X43,O,C22372B9DAD0859C
X43,O,B45CD55709BC851E
X43,O,9B0A34A1BF585BC4
X43,O,E6D6D7CFDE4D90CF
X43,O,EBA831318619FA07
X43,O,AFD29CB1A4F71AB9
X43,O,D7AEA2151D2CD809
X43,O,071AEC9DBAFB7032
X43,O,EE81A30BE4BDC8AC
X43,O,13E97271E64C885B
X43,O,61F3A30772D0913C
X43,O,2AC85D87661D5AF6
X43,O,D1F2F468672FB541
X43,O,BA2B81A1A81DB398
X43,O,D44F9DCC71251889
X47,O,9C9F817064169CE7
X47,O,8C8191357A7B2C2F
X47,O,156FFE36D7D42EFE
X47,O,65F5585B72A99D7F
X47,O,94BA372E9FDC87C4
X47,O,A6631CAD2E2DE2A6
X47,O,84FC122EC64D8885
X47,O,04EA3349BDD260C8
X47,O,225D34B4D891AFB1
X47,O,FC1FCC3EF8D5C544
X47,O,9ACF8C3736E6ABA4
X47,O,CFFAEEB704CEAD14
X47,O,1F672A2CDE7D1F93
X47,O,22A5ED4E037CA0A2
X47,O,88FF15EF2E1B68A5
X47,O,B7CF594A1BE65530
X47,O,7A47A23B960DD4FF
X47,O,638851B5496C1765
X47,O,437924EA663F3DF6
X6C,O,3856383C8A22904A
X6C,O,ACA7282A66D0A29B
X6C,O,0C44BAE327DB4A8A
X6C,O,CC0D6DFEC686704E
X6C,O,48E68D36FFC315F6
X6C,O,A81F3E1AC5EDEB1F
X6C,O,E29F5375308D6F5C
X6C,O,45AA6AF583A32F40
X6C,O,3AE4D452A5105EFD
X6C,O,3906EA4ECAC6EEC0
X6C,O,A70DCB46EC98F43E
X6C,O,80E2DB8AC142F626
X6C,O,E93113C9CA615B0C
X6C,O,D48E82AC2961C581
X6C,O,CBF110E4B3E23071
X6C,O,B0668BFF6178BA0B
X6C,O,4CA486B230A34D3A
X6C,O,AA97FFC49AE957A5
X6C,O,416B7606A9A5FEEB
X6C,O,327E4BC13954EA86
X6C,O,81C6D8E74259157E
X6C,O,36A5F6842C55126E
X6C,O,0513406BAC1F8881
X6C,I,0513406BAC1F8881
X6C,I,A1C35E976ACF46FD
X6C,I,2F1F9CF16B9E65AF
X6C,I,29ED2073D6C52B5A
X6C,I,F90ED764C7A95649
X6C,I,98F2067168C267FE
X6C,I,86E1C776C6D78DFC
X6C,I,38CFFC43FD4E0126
X6C,I,FABC0445FC1C04D7
X6C,I,E50D6F218BC33CD0
X6C,I,E173F2DA030C6AAB
X6C,I,258EDF9D3C3FD200
X6C,I,99256D08CF861BA5
X6C,I,D0A763AFCDE36124
X6C,I,0BE28656FCEAAE17
X6C,I,CCAC1239A80FFE6B
X6C,I,317CDFC0C1DB2ADF
X6C,I,9508A6CF0AF1E1B2
X6C,I,B8B71BC8E2DDCA8D
X6C,I,62AB7611613EF561
X6C,I,C9081B14523D8898
X6C,I,BB5DEEAB7F39ECD9
X6C,I,3856383C8A22904A
X89D,O,10E07C1870465E91
X89D,O,F63D25B428F1C1D9
X89D,O,7D54FE486D057070
X89D,O,8337F935242C5CC3
X89D,O,6BD93B827893E41E
X89D,O,3C61E9226688CA79
X89D,O,E2602DD1C8EA1AC8
X89D,O,30D564180B68ECA8
X89D,O,9A0959AB68FA5E1F
X89D,O,81C6D8E74259157E
X89D,O,5D8FCEF2915882FD
X89D,O,C2605DED84199B84
X89D,O,BF8E440F5584D39D
X89D,O,0D9932C476D51576
X89D,O,10E07C1870465E91
X89D,O,F63D25B428F1C1D9
X89D,O,1E471172708B5C5D
X89D,O,2479788748627B65
X89D,O,7D54FE486D057070
X89D,O,8337F935242C5CC3
X89D,O,6BD93B827893E41E
X89D,O,3C61E9226688CA79
X89D,O,E2602DD1C8EA1AC8
X89D,O,30D564180B68ECA8
X89D,O,9A0959AB68FA5E1F
X89D,O,81C6D8E74259157E
X89D,O,5D8FCEF2915882FD
X89D,O,C2605DED84199B84
X89D,O,BF8E440F5584D39D
X89D,I,0D9932C476D51576
X89D,I,70CD99F4D487740A
X89D,I,D39533060940818A
X89D,I,03F7818C0E176C55
X89D,I,1E71CBFE8560B0EF
X89D,I,C57C924EEB5463E5
X89D,I,0209A3C455B1DBE9
X89D,I,4B5F39DBC6671C81
X89D,I,4CC126E0B1E42F14
X89D,I,A90443FD0C19C4B1
X89D,I,0CB1F7979192FBB2
X89D,I,2C5CA5F47FB6EB3F
X89D,I,10E07C1870465E91
X90,O,CC2353289CD0EE66
X90,O,E0BAA3364D0CE860
X90,O,179C182ADEF1070D
X90,O,D45CEDE6A9DFA30B
X90,O,58584BC1AC41723C
X90,I,5536C9E3A0CE1228
X90,I,D0F8772D043C207E
X90,I,C057639478BE0168
X90,I,14CF94DF66FCD0C8
X90,I,97D1981DE7ECBCE7
X90,I,CC2353289CD0EE66
